# beta-Mercaptopropionic acid / 3-Mercaptopropionic acid, PubChem CID 6514
# Ball-and-stick model generated from PubChem 3D SDF for Cinema 4D import.
mtllib beta-mercaptopropionic-acid_CID6514_ball_and_stick.mtl
o beta_mercaptopropionic_acid_CID6514_ball_and_stick
s 1
v -108.858432 -7.366506 4.325667
v -42.238432 21.821494 3.549667
v -108.907041 -7.276200 3.549254
v -42.287041 21.911800 2.773254
v -109.034381 -7.004787 2.825752
v -42.414381 22.183213 2.049752
v -109.231775 -6.570764 2.204467
v -42.611775 22.617236 1.428467
v -109.485770 -6.003709 1.727738
v -42.865770 23.184291 0.951738
v -109.779057 -5.342266 1.428054
v -43.159057 23.845734 0.652054
v -110.091649 -4.631510 1.325837
v -43.471649 24.556490 0.549837
v -110.402242 -3.919880 1.428054
v -43.782242 25.268120 0.652054
v -110.689672 -3.255870 1.727738
v -44.069672 25.932130 0.951738
v -110.934349 -2.684733 2.204467
v -44.314349 26.503267 1.428467
v -111.119600 -2.245390 2.825752
v -44.499600 26.942610 2.049752
v -111.232800 -1.967782 3.549254
v -44.612800 27.220218 2.773254
v -111.266235 -1.870827 4.325667
v -44.646235 27.317173 3.549667
v -111.217626 -1.961134 5.102080
v -44.597626 27.226866 4.326080
v -111.090285 -2.232546 5.825581
v -44.470285 26.955454 5.049581
v -110.892891 -2.666569 6.446866
v -44.272891 26.521431 5.670866
v -110.638896 -3.233624 6.923595
v -44.018896 25.954376 6.147595
v -110.345610 -3.895067 7.223279
v -43.725610 25.292933 6.447279
v -110.033018 -4.605823 7.325496
v -43.413018 24.582177 6.549496
v -109.722424 -5.317454 7.223279
v -43.102424 23.870546 6.447279
v -109.434995 -5.981463 6.923595
v -42.814995 23.206537 6.147595
v -109.190317 -6.552601 6.446866
v -42.570317 22.635399 5.670866
v -109.005066 -6.991943 5.825581
v -42.385066 22.196057 5.049581
v -108.891866 -7.269551 5.102080
v -42.271866 21.918449 4.326080
v -110.062333 -4.618667 4.325667
v -43.442333 24.569333 3.549667
v -113.024054 -5.096378 4.325667
v -108.780054 -31.408378 -42.234333
v -113.030440 -4.414834 3.939930
v -108.786440 -30.726834 -42.620070
v -112.834555 -3.747181 3.580481
v -108.590555 -30.059181 -42.979519
v -112.449747 -3.138919 3.271816
v -108.205747 -29.450919 -43.288184
v -111.902241 -2.631499 3.034968
v -107.658241 -28.943499 -43.525032
v -111.229348 -2.259501 2.886079
v -106.985348 -28.571501 -43.673921
v -110.476925 -2.048276 2.835296
v -106.232925 -28.360276 -43.724704
v -109.696248 -2.012219 2.886079
v -105.452248 -28.324219 -43.673921
v -108.940520 -2.153787 3.034968
v -104.696520 -28.465787 -43.525032
v -108.261241 -2.463333 3.271816
v -104.017241 -28.775333 -43.288184
v -107.704704 -2.919761 3.580481
v -103.460704 -29.231761 -42.979519
v -107.308835 -3.491967 3.939930
v -103.064835 -29.803967 -42.620070
v -107.100612 -4.140955 4.325667
v -102.856612 -30.452955 -42.234333
v -107.094226 -4.822499 4.711403
v -102.850226 -31.134499 -41.848597
v -107.290112 -5.490152 5.070852
v -103.046112 -31.802152 -41.489148
v -107.674920 -6.098414 5.379518
v -103.430920 -32.410414 -41.180482
v -108.222426 -6.605835 5.616365
v -103.978426 -32.917835 -40.943635
v -108.895319 -6.977833 5.765254
v -104.651319 -33.289833 -40.794746
v -109.647742 -7.189058 5.816037
v -105.403742 -33.501058 -40.743963
v -110.428418 -7.225114 5.765254
v -106.184418 -33.537114 -40.794746
v -111.184147 -7.083546 5.616365
v -106.940147 -33.395546 -40.943635
v -111.863426 -6.774001 5.379518
v -107.619426 -33.086001 -41.180482
v -112.419963 -6.317572 5.070852
v -108.175963 -32.629572 -41.489148
v -112.815832 -5.745367 4.711403
v -108.571832 -32.057367 -41.848597
v -110.062333 -4.618667 4.325667
v -105.818333 -30.930667 -42.234333
v 96.977803 -28.953664 3.925667
v 57.629803 8.354336 4.281667
v 96.903770 -29.024336 3.149226
v 57.555770 8.283664 3.505226
v 96.694115 -29.238551 2.425699
v 57.346115 8.069449 2.781699
v 96.363125 -29.581711 1.804392
v 57.015125 7.726289 2.160392
v 95.933357 -30.030429 1.327646
v 56.585357 7.277571 1.683646
v 95.434099 -30.554127 1.027952
v 56.086099 6.753873 1.383952
v 94.899374 -31.117115 0.925731
v 55.551374 6.190885 1.281731
v 94.365623 -31.681027 1.027952
v 55.017623 5.626973 1.383952
v 93.869221 -32.207432 1.327646
v 54.521221 5.100568 1.683646
v 93.443996 -32.660458 1.804392
v 54.095996 4.647542 2.160392
v 93.118926 -33.009231 2.425699
v 53.770926 4.298769 2.781699
v 92.916165 -33.229983 3.149226
v 53.568165 4.078017 3.505226
v 92.849531 -33.307670 3.925667
v 53.501531 4.000330 4.281667
v 92.923564 -33.236998 4.702107
v 53.575564 4.071002 5.058107
v 93.133219 -33.022782 5.425634
v 53.785219 4.285218 5.781634
v 93.464208 -32.679623 6.046941
v 54.116208 4.628377 6.402941
v 93.893976 -32.230904 6.523687
v 54.545976 5.077096 6.879687
v 94.393235 -31.707206 6.823382
v 55.045235 5.600794 7.179382
v 94.927959 -31.144218 6.925602
v 55.579959 6.163782 7.281602
v 95.461710 -30.580307 6.823382
v 56.113710 6.727693 7.179382
v 95.958113 -30.053901 6.523687
v 56.610113 7.254099 6.879687
v 96.383338 -29.600876 6.046941
v 57.035338 7.707124 6.402941
v 96.708407 -29.252103 5.425634
v 57.360407 8.055897 5.781634
v 96.911168 -29.031351 4.702107
v 57.563168 8.276649 5.058107
v 94.913667 -31.130667 3.925667
v 55.565667 6.177333 4.281667
v 96.162030 -33.858594 3.925667
v 131.842030 -17.530594 3.785667
v 96.116974 -33.766795 3.149214
v 131.796974 -17.438795 3.009214
v 95.989915 -33.495348 2.425676
v 131.669915 -17.167348 2.285676
v 95.789511 -33.062752 1.804360
v 131.469511 -16.734752 1.664360
v 95.529419 -32.498488 1.327607
v 131.209419 -16.170488 1.187607
v 95.227366 -31.841009 1.027908
v 130.907366 -15.513009 0.887908
v 94.903934 -31.135121 0.925686
v 130.583934 -14.807121 0.785686
v 94.581165 -30.428929 1.027908
v 130.261165 -14.100929 0.887908
v 94.281056 -29.770560 1.327607
v 129.961056 -13.442560 1.187607
v 94.024058 -29.204880 1.804360
v 129.704058 -12.876880 1.664360
v 93.827686 -28.770439 2.425676
v 129.507686 -12.442439 2.285676
v 93.705321 -28.496844 3.149214
v 129.385321 -12.168844 3.009214
v 93.665303 -28.402739 3.925667
v 129.345303 -12.074739 3.785667
v 93.710359 -28.494538 4.702119
v 129.390359 -12.166538 4.562119
v 93.837419 -28.765985 5.425657
v 129.517419 -12.437985 5.285657
v 94.037823 -29.198581 6.046974
v 129.717823 -12.870581 5.906974
v 94.297914 -29.762846 6.523726
v 129.977914 -13.434846 6.383726
v 94.599968 -30.420325 6.823426
v 130.279968 -14.092325 6.683426
v 94.923400 -31.126213 6.925648
v 130.603400 -14.798213 6.785648
v 95.246168 -31.832404 6.823426
v 130.926168 -15.504404 6.683426
v 95.546277 -32.490773 6.523726
v 131.226277 -16.162773 6.383726
v 95.803275 -33.056453 6.046974
v 131.483275 -16.728453 5.906974
v 95.999647 -33.490894 5.425657
v 131.679647 -17.162894 5.285657
v 96.122012 -33.764490 4.702119
v 131.802012 -17.436490 4.562119
v 94.913667 -31.130667 3.925667
v 130.593667 -14.802667 3.785667
v 65.856136 54.096646 4.137667
v 57.140136 5.892646 4.281667
v 65.956321 54.076211 3.361213
v 57.240321 5.872211 3.505213
v 66.250862 54.020793 2.637673
v 57.534862 5.816793 2.781673
v 66.719685 53.934166 2.016355
v 58.003685 5.730166 2.160355
v 67.330842 53.822236 1.539602
v 58.614842 5.618236 1.683602
v 68.042682 53.692629 1.239902
v 59.326682 5.488629 1.383902
v 68.806696 53.554179 1.137680
v 60.090696 5.350179 1.281680
v 69.570817 53.416320 1.239902
v 60.854817 5.212320 1.383902
v 70.282971 53.288447 1.539602
v 61.566971 5.084447 1.683602
v 70.894627 53.179275 2.016355
v 62.178627 4.975275 2.160355
v 71.364100 53.096243 2.637673
v 62.648100 4.892243 2.781673
v 71.659398 53.045010 3.361213
v 62.943398 4.841010 3.505213
v 71.760395 53.029068 4.137667
v 63.044395 4.825068 4.281667
v 71.660210 53.049503 4.914120
v 62.944210 4.845503 5.058120
v 71.365669 53.104921 5.637660
v 62.649669 4.900921 5.781660
v 70.896846 53.191548 6.258978
v 62.180846 4.987548 6.402978
v 70.285689 53.303478 6.735732
v 61.569689 5.099478 6.879732
v 69.573848 53.433085 7.035432
v 60.857848 5.229085 7.179432
v 68.809835 53.571535 7.137654
v 60.093835 5.367535 7.281654
v 68.045714 53.709394 7.035432
v 59.329714 5.505394 7.179432
v 67.333560 53.837267 6.735732
v 58.617560 5.633267 6.879732
v 66.721904 53.946439 6.258978
v 58.005904 5.742439 6.402978
v 66.252431 54.029471 5.637660
v 57.536431 5.825471 5.781660
v 65.957133 54.080704 4.914120
v 57.241133 5.876704 5.058120
v 68.808265 53.562857 4.137667
v 60.092265 5.358857 4.281667
v 56.802938 55.733599 4.137667
v 48.086938 7.529599 4.281667
v 56.903124 55.713164 3.361213
v 48.187124 7.509164 3.505213
v 57.197664 55.657745 2.637673
v 48.481664 7.453745 2.781673
v 57.666487 55.571119 2.016355
v 48.950487 7.367119 2.160355
v 58.277644 55.459189 1.539602
v 49.561644 7.255189 1.683602
v 58.989485 55.329582 1.239902
v 50.273485 7.125582 1.383902
v 59.753499 55.191132 1.137680
v 51.037499 6.987132 1.281680
v 60.517620 55.053273 1.239902
v 51.801620 6.849273 1.383902
v 61.229774 54.925400 1.539602
v 52.513774 6.721400 1.683602
v 61.841429 54.816228 2.016355
v 53.125429 6.612228 2.160355
v 62.310903 54.733196 2.637673
v 53.594903 6.529196 2.781673
v 62.606200 54.681963 3.361213
v 53.890200 6.477963 3.505213
v 62.707198 54.666021 4.137667
v 53.991198 6.462021 4.281667
v 62.607012 54.686455 4.914120
v 53.891012 6.482455 5.058120
v 62.312472 54.741874 5.637660
v 53.596472 6.537874 5.781660
v 61.843648 54.828500 6.258978
v 53.127648 6.624500 6.402978
v 61.232492 54.940431 6.735732
v 52.516492 6.736431 6.879732
v 60.520651 55.070037 7.035432
v 51.804651 6.866037 7.179432
v 59.756637 55.208488 7.137654
v 51.040637 7.004488 7.281654
v 58.992516 55.346347 7.035432
v 50.276516 7.142347 7.179432
v 58.280362 55.474220 6.735732
v 49.564362 7.270220 6.879732
v 57.668707 55.583392 6.258978
v 48.952707 7.379392 6.402978
v 57.199233 55.666424 5.637660
v 48.483233 7.462424 5.781660
v 56.903936 55.717656 4.914120
v 48.187936 7.513656 5.058120
v 59.755068 55.199810 4.137667
v 51.039068 6.995810 4.281667
v 2.259416 -15.778129 3.909667
v -41.348584 26.717871 3.549667
v 2.191361 -15.854543 3.133223
v -41.416639 26.641457 2.773223
v 1.985258 -16.072168 2.409693
v -41.622742 26.423832 2.049693
v 1.655153 -16.416174 1.788383
v -41.952847 26.079826 1.428383
v 1.223542 -16.863118 1.311636
v -42.384458 25.632882 0.951636
v 0.719839 -17.382541 1.011940
v -42.888161 25.113459 0.651940
v 0.178369 -17.939045 0.909719
v -43.429631 24.556955 0.549719
v -0.363966 -18.494706 1.011940
v -43.971966 24.001294 0.651940
v -0.870207 -19.011656 1.311636
v -44.478207 23.484344 0.951636
v -1.305856 -19.454665 1.788383
v -44.913856 23.041335 1.428383
v -1.641222 -19.793544 2.409693
v -45.249222 22.702456 2.049693
v -1.853453 -20.005198 3.133223
v -45.461453 22.490802 2.773223
v -1.928083 -20.075204 3.909667
v -45.536083 22.420796 3.549667
v -1.860028 -19.998790 4.686110
v -45.468028 22.497210 4.326110
v -1.653925 -19.781165 5.409640
v -45.261925 22.714835 5.049640
v -1.323820 -19.437159 6.030950
v -44.931820 23.058841 5.670950
v -0.892209 -18.990215 6.507697
v -44.500209 23.505785 6.147697
v -0.388505 -18.470792 6.807394
v -43.996505 24.025208 6.447394
v 0.152964 -17.914288 6.909614
v -43.455036 24.581712 6.549614
v 0.695299 -17.358627 6.807394
v -42.912701 25.137373 6.447394
v 1.201541 -16.841678 6.507697
v -42.406459 25.654322 6.147697
v 1.637189 -16.398668 6.030950
v -41.970811 26.097332 5.670950
v 1.972556 -16.059790 5.409640
v -41.635444 26.436210 5.049640
v 2.184786 -15.848135 4.686110
v -41.423214 26.647865 4.326110
v 0.165667 -17.926667 3.909667
v -43.442333 24.569333 3.549667
v 1.362557 -20.677567 3.909667
v 56.762557 3.426433 4.281667
v 1.326157 -20.581925 3.133224
v 56.726157 3.522075 3.505224
v 1.210673 -20.305332 2.409695
v 56.610673 3.798668 2.781695
v 1.023972 -19.866636 1.788387
v 56.423972 4.237364 2.160387
v 0.778780 -19.295735 1.311640
v 56.178780 4.808265 1.683640
v 0.491805 -18.631534 1.011944
v 55.891805 5.472466 1.383944
v 0.182604 -17.919297 0.909724
v 55.582604 6.184703 1.281724
v -0.127751 -17.207563 1.011944
v 55.272249 6.896437 1.383944
v -0.418110 -16.544834 1.311640
v 54.981890 7.559166 1.683640
v -0.668686 -15.976275 1.788387
v 54.731314 8.127725 2.160387
v -0.862402 -15.540632 2.409695
v 54.537598 8.563368 2.781695
v -0.986057 -15.267593 3.133224
v 54.413943 8.836407 3.505224
v -1.031223 -15.175766 3.909667
v 54.368777 8.928234 4.281667
v -0.994824 -15.271408 4.686109
v 54.405176 8.832592 5.058109
v -0.879339 -15.548002 5.409638
v 54.520661 8.555998 5.781638
v -0.692639 -15.986697 6.030947
v 54.707361 8.117303 6.402947
v -0.447447 -16.557598 6.507694
v 54.952553 7.546402 6.879694
v -0.160472 -17.221800 6.807389
v 55.239528 6.882200 7.179389
v 0.148729 -17.934036 6.909610
v 55.548729 6.169964 7.281610
v 0.459084 -18.645770 6.807389
v 55.859084 5.458230 7.179389
v 0.749443 -19.308499 6.507694
v 56.149443 4.795501 6.879694
v 1.000019 -19.877058 6.030947
v 56.400019 4.226942 6.402947
v 1.193735 -20.312701 5.409638
v 56.593735 3.791299 5.781638
v 1.317390 -20.585740 4.686109
v 56.717390 3.518260 5.058109
v 0.165667 -17.926667 3.909667
v 55.565667 6.177333 4.281667
v -2.802730 -17.492359 3.909667
v -6.482730 -42.644359 39.641667
v -2.793178 -18.133184 3.459569
v -6.473178 -43.285184 39.191569
v -2.581986 -18.759935 3.040146
v -6.261986 -43.911935 38.772146
v -2.183546 -19.329900 2.679978
v -5.863546 -44.481900 38.411978
v -1.625012 -19.804237 2.403612
v -5.305012 -44.956237 38.135612
v -0.944445 -20.150621 2.229881
v -4.624445 -45.302621 37.961881
v -0.188226 -20.345446 2.170624
v -3.868226 -45.497446 37.902624
v 0.592110 -20.375435 2.229881
v -3.087890 -45.527435 37.961881
v 1.343385 -20.238544 2.403612
v -2.336615 -45.390544 38.135612
v 2.014400 -19.944103 2.679978
v -1.665600 -45.096103 38.411978
v 2.559427 -19.512177 3.040146
v -1.120573 -44.664177 38.772146
v 2.941323 -18.972201 3.459569
v -0.738677 -44.124201 39.191569
v 3.134063 -18.360974 3.909667
v -0.545937 -43.512974 39.641667
v 3.124512 -17.720149 4.359764
v -0.555488 -42.872149 40.091764
v 2.913320 -17.093398 4.779188
v -0.766680 -42.245398 40.511188
v 2.514880 -16.523433 5.139355
v -1.165120 -41.675433 40.871355
v 1.956345 -16.049096 5.415721
v -1.723655 -41.201096 41.147721
v 1.275778 -15.702713 5.589452
v -2.404222 -40.854713 41.321452
v 0.519559 -15.507888 5.648709
v -3.160441 -40.659888 41.380709
v -0.260777 -15.477898 5.589452
v -3.940777 -40.629898 41.321452
v -1.012052 -15.614789 5.415721
v -4.692052 -40.766789 41.147721
v -1.683067 -15.909230 5.139355
v -5.363067 -41.061230 40.871355
v -2.228094 -16.341156 4.779188
v -5.908094 -41.493156 40.511188
v -2.609990 -16.881132 4.359764
v -6.289990 -42.033132 40.091764
v 0.165667 -17.926667 3.909667
v -3.514333 -43.078667 39.641667
v -2.809896 -17.544532 3.909667
v -6.053896 -42.804532 -31.782333
v -2.627996 -16.930648 3.458675
v -5.871996 -42.190648 -32.233325
v -2.255713 -16.384640 3.038417
v -5.499713 -41.644640 -32.653583
v -1.718417 -15.943720 2.677534
v -4.962417 -41.203720 -33.014466
v -1.052723 -15.637933 2.400619
v -4.296723 -40.897933 -33.291381
v -0.303998 -15.488121 2.226542
v -3.547998 -40.748121 -33.465458
v 0.476733 -15.504491 2.167168
v -2.767267 -40.764491 -33.524832
v 1.236266 -15.685928 2.226542
v -2.007734 -40.945928 -33.465458
v 1.922839 -16.020068 2.400619
v -1.321161 -41.280068 -33.291381
v 2.489664 -16.484140 2.677534
v -0.754336 -41.744140 -33.014466
v 2.898113 -17.046517 3.038417
v -0.345887 -42.306517 -32.653583
v 3.120349 -17.668875 3.458675
v -0.123651 -42.928875 -32.233325
v 3.141229 -18.308801 3.909667
v -0.102771 -43.568801 -31.782333
v 2.959330 -18.922686 4.360659
v -0.284670 -44.182686 -31.331341
v 2.587046 -19.468693 4.780916
v -0.656954 -44.728693 -30.911084
v 2.049750 -19.909614 5.141799
v -1.194250 -45.169614 -30.550201
v 1.384057 -20.215400 5.418715
v -1.859943 -45.475400 -30.273285
v 0.635332 -20.365213 5.592791
v -2.608668 -45.625213 -30.099209
v -0.145400 -20.348843 5.652165
v -3.389400 -45.608843 -30.039835
v -0.904933 -20.167405 5.592791
v -4.148933 -45.427405 -30.099209
v -1.591506 -19.833265 5.418715
v -4.835506 -45.093265 -30.273285
v -2.158331 -19.369194 5.141799
v -5.402331 -44.629194 -30.550201
v -2.566779 -18.806816 4.780916
v -5.810779 -44.066816 -30.911084
v -2.789016 -18.184458 4.360659
v -6.033016 -43.444458 -31.331341
v 0.165667 -17.926667 3.909667
v -3.078333 -43.186667 -31.782333
v -40.470670 24.157974 3.549667
v -36.970670 49.441974 -32.058333
v -40.658459 23.546884 3.097295
v -37.158459 48.830884 -32.510705
v -41.035964 23.005473 2.675752
v -37.535964 48.289473 -32.932248
v -41.577460 22.570636 2.313764
v -38.077460 47.854636 -33.294236
v -42.246043 22.272007 2.036002
v -38.746043 47.556007 -33.571998
v -42.996152 22.129937 1.861393
v -39.496152 47.413937 -33.746607
v -43.776667 22.154108 1.801837
v -40.276667 47.438108 -33.806163
v -44.534398 22.342873 1.861393
v -41.034398 47.626873 -33.746607
v -45.217706 22.683367 2.036002
v -41.717706 47.967367 -33.571998
v -45.780026 23.152387 2.313764
v -42.280026 48.436387 -33.294236
v -46.183036 23.717969 2.675752
v -42.683036 49.001969 -32.932248
v -46.399272 24.341570 3.097295
v -42.899272 49.625570 -32.510705
v -46.413997 24.980693 3.549667
v -42.913997 50.264693 -32.058333
v -46.226208 25.591783 4.002038
v -42.726208 50.875783 -31.605962
v -45.848703 26.133194 4.423582
v -42.348703 51.417194 -31.184418
v -45.307207 26.568031 4.785569
v -41.807207 51.852031 -30.822431
v -44.638624 26.866660 5.063332
v -41.138624 52.150660 -30.544668
v -43.888515 27.008729 5.237941
v -40.388515 52.292729 -30.370059
v -43.108000 26.984558 5.297496
v -39.608000 52.268558 -30.310504
v -42.350269 26.795794 5.237941
v -38.850269 52.079794 -30.370059
v -41.666960 26.455300 5.063332
v -38.166960 51.739300 -30.544668
v -41.104641 25.986280 4.785569
v -37.604641 51.270280 -30.822431
v -40.701631 25.420698 4.423582
v -37.201631 50.704698 -31.184418
v -40.485395 24.797097 4.002038
v -36.985395 50.081097 -31.605962
v -43.442333 24.569333 3.549667
v -39.942333 49.853333 -32.058333
v -40.473253 24.139724 3.549667
v -36.693253 50.263724 38.517667
v -40.485677 24.767691 3.081866
v -36.705677 50.891691 38.049866
v -40.699592 25.382141 2.645945
v -36.919592 51.506141 37.613945
v -41.100420 25.941199 2.271611
v -37.320420 52.065199 37.239611
v -41.660846 26.406767 1.984374
v -37.880846 52.530767 36.952374
v -42.342677 26.747117 1.803810
v -38.562677 52.871117 36.771810
v -43.099448 26.939054 1.742223
v -39.319448 53.063054 36.710223
v -43.879586 26.969499 1.803810
v -40.099586 53.093499 36.771810
v -44.629926 26.836377 1.984374
v -40.849926 52.960377 36.952374
v -45.299333 26.548759 2.271611
v -41.519333 52.672759 37.239611
v -45.842189 26.126247 2.645945
v -42.062189 52.250247 37.613945
v -46.221499 25.597633 3.081866
v -42.441499 51.721633 38.049866
v -46.411413 24.998943 3.549667
v -42.631413 51.122943 38.517667
v -46.398990 24.370976 4.017468
v -42.618990 50.494976 38.985468
v -46.185075 23.756526 4.453389
v -42.405075 49.880526 39.421389
v -45.784247 23.197468 4.827722
v -42.004247 49.321468 39.795722
v -45.223821 22.731900 5.114959
v -41.443821 48.855900 40.082959
v -44.541990 22.391550 5.295523
v -40.761990 48.515550 40.263523
v -43.785219 22.199613 5.357110
v -40.005219 48.323613 40.325110
v -43.005081 22.169168 5.295523
v -39.225081 48.293168 40.263523
v -42.254741 22.302290 5.114959
v -38.474741 48.426290 40.082959
v -41.585334 22.589908 4.827722
v -37.805334 48.713908 39.795722
v -41.042478 23.012420 4.453389
v -37.262478 49.136420 39.421389
v -40.663168 23.541033 4.017468
v -36.883168 49.665033 38.985468
v -43.442333 24.569333 3.549667
v -39.662333 50.693333 38.517667
v -110.062333 -4.618667 21.525667
v -106.706780 -4.618667 21.195173
v -106.771256 -3.964031 21.195173
v -106.962206 -3.334552 21.195173
v -107.272293 -2.754421 21.195173
v -107.689599 -2.245932 21.195173
v -108.198088 -1.828626 21.195173
v -108.778219 -1.518539 21.195173
v -109.407697 -1.327589 21.195173
v -110.062333 -1.263113 21.195173
v -110.716969 -1.327589 21.195173
v -111.346448 -1.518539 21.195173
v -111.926579 -1.828626 21.195173
v -112.435068 -2.245932 21.195173
v -112.852374 -2.754421 21.195173
v -113.162461 -3.334552 21.195173
v -113.353411 -3.964031 21.195173
v -113.417887 -4.618667 21.195173
v -113.353411 -5.273303 21.195173
v -113.162461 -5.902781 21.195173
v -112.852374 -6.482912 21.195173
v -112.435068 -6.991401 21.195173
v -111.926579 -7.408707 21.195173
v -111.346448 -7.718794 21.195173
v -110.716969 -7.909744 21.195173
v -110.062333 -7.974220 21.195173
v -109.407697 -7.909744 21.195173
v -108.778219 -7.718794 21.195173
v -108.198088 -7.408707 21.195173
v -107.689599 -6.991401 21.195173
v -107.272293 -6.482912 21.195173
v -106.962206 -5.902781 21.195173
v -106.771256 -5.273303 21.195173
v -103.480178 -4.618667 20.216395
v -103.606653 -3.334552 20.216395
v -103.981215 -2.099785 20.216395
v -104.589471 -0.961817 20.216395
v -105.408047 0.035620 20.216395
v -106.405484 0.854195 20.216395
v -107.543452 1.462452 20.216395
v -108.778219 1.837014 20.216395
v -110.062333 1.963488 20.216395
v -111.346448 1.837014 20.216395
v -112.581215 1.462452 20.216395
v -113.719183 0.854195 20.216395
v -114.716620 0.035620 20.216395
v -115.535195 -0.961817 20.216395
v -116.143452 -2.099785 20.216395
v -116.518014 -3.334552 20.216395
v -116.644488 -4.618667 20.216395
v -116.518014 -5.902781 20.216395
v -116.143452 -7.137548 20.216395
v -115.535195 -8.275516 20.216395
v -114.716620 -9.272953 20.216395
v -113.719183 -10.091529 20.216395
v -112.581215 -10.699785 20.216395
v -111.346448 -11.074347 20.216395
v -110.062333 -11.200822 20.216395
v -108.778219 -11.074347 20.216395
v -107.543452 -10.699785 20.216395
v -106.405484 -10.091529 20.216395
v -105.408047 -9.272953 20.216395
v -104.589471 -8.275516 20.216395
v -103.981215 -7.137548 20.216395
v -103.606653 -5.902781 20.216395
v -100.506525 -4.618667 18.626944
v -100.690137 -2.754421 18.626944
v -101.233918 -0.961817 18.626944
v -102.116969 0.690256 18.626944
v -103.305357 2.138310 18.626944
v -104.753411 3.326697 18.626944
v -106.405484 4.209749 18.626944
v -108.198088 4.753529 18.626944
v -110.062333 4.937141 18.626944
v -111.926579 4.753529 18.626944
v -113.719183 4.209749 18.626944
v -115.371256 3.326697 18.626944
v -116.819310 2.138310 18.626944
v -118.007697 0.690256 18.626944
v -118.890749 -0.961817 18.626944
v -119.434529 -2.754421 18.626944
v -119.618141 -4.618667 18.626944
v -119.434529 -6.482912 18.626944
v -118.890749 -8.275516 18.626944
v -118.007697 -9.927589 18.626944
v -116.819310 -11.375643 18.626944
v -115.371256 -12.564031 18.626944
v -113.719183 -13.447082 18.626944
v -111.926579 -13.990863 18.626944
v -110.062333 -14.174475 18.626944
v -108.198088 -13.990863 18.626944
v -106.405484 -13.447082 18.626944
v -104.753411 -12.564031 18.626944
v -103.305357 -11.375643 18.626944
v -102.116969 -9.927589 18.626944
v -101.233918 -8.275516 18.626944
v -100.690137 -6.482912 18.626944
v -97.900097 -4.618667 16.487903
v -98.133791 -2.245932 16.487903
v -98.825892 0.035620 16.487903
v -99.949803 2.138310 16.487903
v -101.462333 3.981333 16.487903
v -103.305357 5.493864 16.487903
v -105.408047 6.617775 16.487903
v -107.689599 7.309876 16.487903
v -110.062333 7.543570 16.487903
v -112.435068 7.309876 16.487903
v -114.716620 6.617775 16.487903
v -116.819310 5.493864 16.487903
v -118.662333 3.981333 16.487903
v -120.174864 2.138310 16.487903
v -121.298775 0.035620 16.487903
v -121.990876 -2.245932 16.487903
v -122.224570 -4.618667 16.487903
v -121.990876 -6.991401 16.487903
v -121.298775 -9.272953 16.487903
v -120.174864 -11.375643 16.487903
v -118.662333 -13.218667 16.487903
v -116.819310 -14.731197 16.487903
v -114.716620 -15.855108 16.487903
v -112.435068 -16.547209 16.487903
v -110.062333 -16.780903 16.487903
v -107.689599 -16.547209 16.487903
v -105.408047 -15.855108 16.487903
v -103.305357 -14.731197 16.487903
v -101.462333 -13.218667 16.487903
v -99.949803 -11.375643 16.487903
v -98.825892 -9.272953 16.487903
v -98.133791 -6.991401 16.487903
v -95.761056 -4.618667 13.881475
v -96.035851 -1.828626 13.881475
v -96.849676 0.854195 13.881475
v -98.171256 3.326697 13.881475
v -99.949803 5.493864 13.881475
v -102.116969 7.272411 13.881475
v -104.589471 8.593991 13.881475
v -107.272293 9.407816 13.881475
v -110.062333 9.682611 13.881475
v -112.852374 9.407816 13.881475
v -115.535195 8.593991 13.881475
v -118.007697 7.272411 13.881475
v -120.174864 5.493864 13.881475
v -121.953411 3.326697 13.881475
v -123.274991 0.854195 13.881475
v -124.088816 -1.828626 13.881475
v -124.363611 -4.618667 13.881475
v -124.088816 -7.408707 13.881475
v -123.274991 -10.091529 13.881475
v -121.953411 -12.564031 13.881475
v -120.174864 -14.731197 13.881475
v -118.007697 -16.509744 13.881475
v -115.535195 -17.831324 13.881475
v -112.852374 -18.645149 13.881475
v -110.062333 -18.919944 13.881475
v -107.272293 -18.645149 13.881475
v -104.589471 -17.831324 13.881475
v -102.116969 -16.509744 13.881475
v -99.949803 -14.731197 13.881475
v -98.171256 -12.564031 13.881475
v -96.849676 -10.091529 13.881475
v -96.035851 -7.408707 13.881475
v -94.171605 -4.618667 10.907822
v -94.476941 -1.518539 10.907822
v -95.381215 1.462452 10.907822
v -96.849676 4.209749 10.907822
v -98.825892 6.617775 10.907822
v -101.233918 8.593991 10.907822
v -103.981215 10.062452 10.907822
v -106.962206 10.966725 10.907822
v -110.062333 11.272061 10.907822
v -113.162461 10.966725 10.907822
v -116.143452 10.062452 10.907822
v -118.890749 8.593991 10.907822
v -121.298775 6.617775 10.907822
v -123.274991 4.209749 10.907822
v -124.743452 1.462452 10.907822
v -125.647725 -1.518539 10.907822
v -125.953061 -4.618667 10.907822
v -125.647725 -7.718794 10.907822
v -124.743452 -10.699785 10.907822
v -123.274991 -13.447082 10.907822
v -121.298775 -15.855108 10.907822
v -118.890749 -17.831324 10.907822
v -116.143452 -19.299785 10.907822
v -113.162461 -20.204059 10.907822
v -110.062333 -20.509395 10.907822
v -106.962206 -20.204059 10.907822
v -103.981215 -19.299785 10.907822
v -101.233918 -17.831324 10.907822
v -98.825892 -15.855108 10.907822
v -96.849676 -13.447082 10.907822
v -95.381215 -10.699785 10.907822
v -94.476941 -7.718794 10.907822
v -93.192827 -4.618667 7.681220
v -93.516969 -1.327589 7.681220
v -94.476941 1.837014 7.681220
v -96.035851 4.753529 7.681220
v -98.133791 7.309876 7.681220
v -100.690137 9.407816 7.681220
v -103.606653 10.966725 7.681220
v -106.771256 11.926697 7.681220
v -110.062333 12.250840 7.681220
v -113.353411 11.926697 7.681220
v -116.518014 10.966725 7.681220
v -119.434529 9.407816 7.681220
v -121.990876 7.309876 7.681220
v -124.088816 4.753529 7.681220
v -125.647725 1.837014 7.681220
v -126.607697 -1.327589 7.681220
v -126.931840 -4.618667 7.681220
v -126.607697 -7.909744 7.681220
v -125.647725 -11.074347 7.681220
v -124.088816 -13.990863 7.681220
v -121.990876 -16.547209 7.681220
v -119.434529 -18.645149 7.681220
v -116.518014 -20.204059 7.681220
v -113.353411 -21.164031 7.681220
v -110.062333 -21.488173 7.681220
v -106.771256 -21.164031 7.681220
v -103.606653 -20.204059 7.681220
v -100.690137 -18.645149 7.681220
v -98.133791 -16.547209 7.681220
v -96.035851 -13.990863 7.681220
v -94.476941 -11.074347 7.681220
v -93.516969 -7.909744 7.681220
v -92.862333 -4.618667 4.325667
v -93.192827 -1.263113 4.325667
v -94.171605 1.963488 4.325667
v -95.761056 4.937141 4.325667
v -97.900097 7.543570 4.325667
v -100.506525 9.682611 4.325667
v -103.480178 11.272061 4.325667
v -106.706780 12.250840 4.325667
v -110.062333 12.581333 4.325667
v -113.417887 12.250840 4.325667
v -116.644488 11.272061 4.325667
v -119.618141 9.682611 4.325667
v -122.224570 7.543570 4.325667
v -124.363611 4.937141 4.325667
v -125.953061 1.963488 4.325667
v -126.931840 -1.263113 4.325667
v -127.262333 -4.618667 4.325667
v -126.931840 -7.974220 4.325667
v -125.953061 -11.200822 4.325667
v -124.363611 -14.174475 4.325667
v -122.224570 -16.780903 4.325667
v -119.618141 -18.919944 4.325667
v -116.644488 -20.509395 4.325667
v -113.417887 -21.488173 4.325667
v -110.062333 -21.818667 4.325667
v -106.706780 -21.488173 4.325667
v -103.480178 -20.509395 4.325667
v -100.506525 -18.919944 4.325667
v -97.900097 -16.780903 4.325667
v -95.761056 -14.174475 4.325667
v -94.171605 -11.200822 4.325667
v -93.192827 -7.974220 4.325667
v -93.192827 -4.618667 0.970113
v -93.516969 -1.327589 0.970113
v -94.476941 1.837014 0.970113
v -96.035851 4.753529 0.970113
v -98.133791 7.309876 0.970113
v -100.690137 9.407816 0.970113
v -103.606653 10.966725 0.970113
v -106.771256 11.926697 0.970113
v -110.062333 12.250840 0.970113
v -113.353411 11.926697 0.970113
v -116.518014 10.966725 0.970113
v -119.434529 9.407816 0.970113
v -121.990876 7.309876 0.970113
v -124.088816 4.753529 0.970113
v -125.647725 1.837014 0.970113
v -126.607697 -1.327589 0.970113
v -126.931840 -4.618667 0.970113
v -126.607697 -7.909744 0.970113
v -125.647725 -11.074347 0.970113
v -124.088816 -13.990863 0.970113
v -121.990876 -16.547209 0.970113
v -119.434529 -18.645149 0.970113
v -116.518014 -20.204059 0.970113
v -113.353411 -21.164031 0.970113
v -110.062333 -21.488173 0.970113
v -106.771256 -21.164031 0.970113
v -103.606653 -20.204059 0.970113
v -100.690137 -18.645149 0.970113
v -98.133791 -16.547209 0.970113
v -96.035851 -13.990863 0.970113
v -94.476941 -11.074347 0.970113
v -93.516969 -7.909744 0.970113
v -94.171605 -4.618667 -2.256488
v -94.476941 -1.518539 -2.256488
v -95.381215 1.462452 -2.256488
v -96.849676 4.209749 -2.256488
v -98.825892 6.617775 -2.256488
v -101.233918 8.593991 -2.256488
v -103.981215 10.062452 -2.256488
v -106.962206 10.966725 -2.256488
v -110.062333 11.272061 -2.256488
v -113.162461 10.966725 -2.256488
v -116.143452 10.062452 -2.256488
v -118.890749 8.593991 -2.256488
v -121.298775 6.617775 -2.256488
v -123.274991 4.209749 -2.256488
v -124.743452 1.462452 -2.256488
v -125.647725 -1.518539 -2.256488
v -125.953061 -4.618667 -2.256488
v -125.647725 -7.718794 -2.256488
v -124.743452 -10.699785 -2.256488
v -123.274991 -13.447082 -2.256488
v -121.298775 -15.855108 -2.256488
v -118.890749 -17.831324 -2.256488
v -116.143452 -19.299785 -2.256488
v -113.162461 -20.204059 -2.256488
v -110.062333 -20.509395 -2.256488
v -106.962206 -20.204059 -2.256488
v -103.981215 -19.299785 -2.256488
v -101.233918 -17.831324 -2.256488
v -98.825892 -15.855108 -2.256488
v -96.849676 -13.447082 -2.256488
v -95.381215 -10.699785 -2.256488
v -94.476941 -7.718794 -2.256488
v -95.761056 -4.618667 -5.230141
v -96.035851 -1.828626 -5.230141
v -96.849676 0.854195 -5.230141
v -98.171256 3.326697 -5.230141
v -99.949803 5.493864 -5.230141
v -102.116969 7.272411 -5.230141
v -104.589471 8.593991 -5.230141
v -107.272293 9.407816 -5.230141
v -110.062333 9.682611 -5.230141
v -112.852374 9.407816 -5.230141
v -115.535195 8.593991 -5.230141
v -118.007697 7.272411 -5.230141
v -120.174864 5.493864 -5.230141
v -121.953411 3.326697 -5.230141
v -123.274991 0.854195 -5.230141
v -124.088816 -1.828626 -5.230141
v -124.363611 -4.618667 -5.230141
v -124.088816 -7.408707 -5.230141
v -123.274991 -10.091529 -5.230141
v -121.953411 -12.564031 -5.230141
v -120.174864 -14.731197 -5.230141
v -118.007697 -16.509744 -5.230141
v -115.535195 -17.831324 -5.230141
v -112.852374 -18.645149 -5.230141
v -110.062333 -18.919944 -5.230141
v -107.272293 -18.645149 -5.230141
v -104.589471 -17.831324 -5.230141
v -102.116969 -16.509744 -5.230141
v -99.949803 -14.731197 -5.230141
v -98.171256 -12.564031 -5.230141
v -96.849676 -10.091529 -5.230141
v -96.035851 -7.408707 -5.230141
v -97.900097 -4.618667 -7.836570
v -98.133791 -2.245932 -7.836570
v -98.825892 0.035620 -7.836570
v -99.949803 2.138310 -7.836570
v -101.462333 3.981333 -7.836570
v -103.305357 5.493864 -7.836570
v -105.408047 6.617775 -7.836570
v -107.689599 7.309876 -7.836570
v -110.062333 7.543570 -7.836570
v -112.435068 7.309876 -7.836570
v -114.716620 6.617775 -7.836570
v -116.819310 5.493864 -7.836570
v -118.662333 3.981333 -7.836570
v -120.174864 2.138310 -7.836570
v -121.298775 0.035620 -7.836570
v -121.990876 -2.245932 -7.836570
v -122.224570 -4.618667 -7.836570
v -121.990876 -6.991401 -7.836570
v -121.298775 -9.272953 -7.836570
v -120.174864 -11.375643 -7.836570
v -118.662333 -13.218667 -7.836570
v -116.819310 -14.731197 -7.836570
v -114.716620 -15.855108 -7.836570
v -112.435068 -16.547209 -7.836570
v -110.062333 -16.780903 -7.836570
v -107.689599 -16.547209 -7.836570
v -105.408047 -15.855108 -7.836570
v -103.305357 -14.731197 -7.836570
v -101.462333 -13.218667 -7.836570
v -99.949803 -11.375643 -7.836570
v -98.825892 -9.272953 -7.836570
v -98.133791 -6.991401 -7.836570
v -100.506525 -4.618667 -9.975611
v -100.690137 -2.754421 -9.975611
v -101.233918 -0.961817 -9.975611
v -102.116969 0.690256 -9.975611
v -103.305357 2.138310 -9.975611
v -104.753411 3.326697 -9.975611
v -106.405484 4.209749 -9.975611
v -108.198088 4.753529 -9.975611
v -110.062333 4.937141 -9.975611
v -111.926579 4.753529 -9.975611
v -113.719183 4.209749 -9.975611
v -115.371256 3.326697 -9.975611
v -116.819310 2.138310 -9.975611
v -118.007697 0.690256 -9.975611
v -118.890749 -0.961817 -9.975611
v -119.434529 -2.754421 -9.975611
v -119.618141 -4.618667 -9.975611
v -119.434529 -6.482912 -9.975611
v -118.890749 -8.275516 -9.975611
v -118.007697 -9.927589 -9.975611
v -116.819310 -11.375643 -9.975611
v -115.371256 -12.564031 -9.975611
v -113.719183 -13.447082 -9.975611
v -111.926579 -13.990863 -9.975611
v -110.062333 -14.174475 -9.975611
v -108.198088 -13.990863 -9.975611
v -106.405484 -13.447082 -9.975611
v -104.753411 -12.564031 -9.975611
v -103.305357 -11.375643 -9.975611
v -102.116969 -9.927589 -9.975611
v -101.233918 -8.275516 -9.975611
v -100.690137 -6.482912 -9.975611
v -103.480178 -4.618667 -11.565061
v -103.606653 -3.334552 -11.565061
v -103.981215 -2.099785 -11.565061
v -104.589471 -0.961817 -11.565061
v -105.408047 0.035620 -11.565061
v -106.405484 0.854195 -11.565061
v -107.543452 1.462452 -11.565061
v -108.778219 1.837014 -11.565061
v -110.062333 1.963488 -11.565061
v -111.346448 1.837014 -11.565061
v -112.581215 1.462452 -11.565061
v -113.719183 0.854195 -11.565061
v -114.716620 0.035620 -11.565061
v -115.535195 -0.961817 -11.565061
v -116.143452 -2.099785 -11.565061
v -116.518014 -3.334552 -11.565061
v -116.644488 -4.618667 -11.565061
v -116.518014 -5.902781 -11.565061
v -116.143452 -7.137548 -11.565061
v -115.535195 -8.275516 -11.565061
v -114.716620 -9.272953 -11.565061
v -113.719183 -10.091529 -11.565061
v -112.581215 -10.699785 -11.565061
v -111.346448 -11.074347 -11.565061
v -110.062333 -11.200822 -11.565061
v -108.778219 -11.074347 -11.565061
v -107.543452 -10.699785 -11.565061
v -106.405484 -10.091529 -11.565061
v -105.408047 -9.272953 -11.565061
v -104.589471 -8.275516 -11.565061
v -103.981215 -7.137548 -11.565061
v -103.606653 -5.902781 -11.565061
v -106.706780 -4.618667 -12.543840
v -106.771256 -3.964031 -12.543840
v -106.962206 -3.334552 -12.543840
v -107.272293 -2.754421 -12.543840
v -107.689599 -2.245932 -12.543840
v -108.198088 -1.828626 -12.543840
v -108.778219 -1.518539 -12.543840
v -109.407697 -1.327589 -12.543840
v -110.062333 -1.263113 -12.543840
v -110.716969 -1.327589 -12.543840
v -111.346448 -1.518539 -12.543840
v -111.926579 -1.828626 -12.543840
v -112.435068 -2.245932 -12.543840
v -112.852374 -2.754421 -12.543840
v -113.162461 -3.334552 -12.543840
v -113.353411 -3.964031 -12.543840
v -113.417887 -4.618667 -12.543840
v -113.353411 -5.273303 -12.543840
v -113.162461 -5.902781 -12.543840
v -112.852374 -6.482912 -12.543840
v -112.435068 -6.991401 -12.543840
v -111.926579 -7.408707 -12.543840
v -111.346448 -7.718794 -12.543840
v -110.716969 -7.909744 -12.543840
v -110.062333 -7.974220 -12.543840
v -109.407697 -7.909744 -12.543840
v -108.778219 -7.718794 -12.543840
v -108.198088 -7.408707 -12.543840
v -107.689599 -6.991401 -12.543840
v -107.272293 -6.482912 -12.543840
v -106.962206 -5.902781 -12.543840
v -106.771256 -5.273303 -12.543840
v -110.062333 -4.618667 -12.874333
v 94.913667 -31.130667 16.325667
v 97.332787 -31.130667 16.087404
v 97.286304 -30.658720 16.087404
v 97.148642 -30.204910 16.087404
v 96.925091 -29.786676 16.087404
v 96.624243 -29.420091 16.087404
v 96.257658 -29.119242 16.087404
v 95.839424 -28.895691 16.087404
v 95.385614 -28.758029 16.087404
v 94.913667 -28.711547 16.087404
v 94.441720 -28.758029 16.087404
v 93.987910 -28.895691 16.087404
v 93.569676 -29.119242 16.087404
v 93.203091 -29.420091 16.087404
v 92.902242 -29.786676 16.087404
v 92.678691 -30.204910 16.087404
v 92.541029 -30.658720 16.087404
v 92.494547 -31.130667 16.087404
v 92.541029 -31.602614 16.087404
v 92.678691 -32.056424 16.087404
v 92.902242 -32.474658 16.087404
v 93.203091 -32.841243 16.087404
v 93.569676 -33.142091 16.087404
v 93.987910 -33.365642 16.087404
v 94.441720 -33.503304 16.087404
v 94.913667 -33.549787 16.087404
v 95.385614 -33.503304 16.087404
v 95.839424 -33.365642 16.087404
v 96.257658 -33.142091 16.087404
v 96.624243 -32.841243 16.087404
v 96.925091 -32.474658 16.087404
v 97.148642 -32.056424 16.087404
v 97.286304 -31.602614 16.087404
v 99.658941 -31.130667 15.381773
v 99.567762 -30.204910 15.381773
v 99.297729 -29.314729 15.381773
v 98.859218 -28.494333 15.381773
v 98.269082 -27.775251 15.381773
v 97.550000 -27.185115 15.381773
v 96.729605 -26.746605 15.381773
v 95.839424 -26.476571 15.381773
v 94.913667 -26.385392 15.381773
v 93.987910 -26.476571 15.381773
v 93.097729 -26.746605 15.381773
v 92.277333 -27.185115 15.381773
v 91.558251 -27.775251 15.381773
v 90.968115 -28.494333 15.381773
v 90.529605 -29.314729 15.381773
v 90.259571 -30.204910 15.381773
v 90.168392 -31.130667 15.381773
v 90.259571 -32.056424 15.381773
v 90.529605 -32.946605 15.381773
v 90.968115 -33.767000 15.381773
v 91.558251 -34.486082 15.381773
v 92.277333 -35.076218 15.381773
v 93.097729 -35.514729 15.381773
v 93.987910 -35.784762 15.381773
v 94.913667 -35.875941 15.381773
v 95.839424 -35.784762 15.381773
v 96.729605 -35.514729 15.381773
v 97.550000 -35.076218 15.381773
v 98.269082 -34.486082 15.381773
v 98.859218 -33.767000 15.381773
v 99.297729 -32.946605 15.381773
v 99.567762 -32.056424 15.381773
v 101.802738 -31.130667 14.235890
v 101.670366 -29.786676 14.235890
v 101.278338 -28.494333 14.235890
v 100.641720 -27.303304 14.235890
v 99.784975 -26.259358 14.235890
v 98.741029 -25.402614 14.235890
v 97.550000 -24.765995 14.235890
v 96.257658 -24.373967 14.235890
v 94.913667 -24.241596 14.235890
v 93.569676 -24.373967 14.235890
v 92.277333 -24.765995 14.235890
v 91.086304 -25.402614 14.235890
v 90.042358 -26.259358 14.235890
v 89.185614 -27.303304 14.235890
v 88.548995 -28.494333 14.235890
v 88.156967 -29.786676 14.235890
v 88.024596 -31.130667 14.235890
v 88.156967 -32.474658 14.235890
v 88.548995 -33.767000 14.235890
v 89.185614 -34.958029 14.235890
v 90.042358 -36.001975 14.235890
v 91.086304 -36.858720 14.235890
v 92.277333 -37.495338 14.235890
v 93.569676 -37.887366 14.235890
v 94.913667 -38.019738 14.235890
v 96.257658 -37.887366 14.235890
v 97.550000 -37.495338 14.235890
v 98.741029 -36.858720 14.235890
v 99.784975 -36.001975 14.235890
v 100.641720 -34.958029 14.235890
v 101.278338 -33.767000 14.235890
v 101.670366 -32.474658 14.235890
v 103.681791 -31.130667 12.693791
v 103.513314 -29.420091 12.693791
v 103.014357 -27.775251 12.693791
v 102.204095 -26.259358 12.693791
v 101.113667 -24.930667 12.693791
v 99.784975 -23.840238 12.693791
v 98.269082 -23.029976 12.693791
v 96.624243 -22.531020 12.693791
v 94.913667 -22.362543 12.693791
v 93.203091 -22.531020 12.693791
v 91.558251 -23.029976 12.693791
v 90.042358 -23.840238 12.693791
v 88.713667 -24.930667 12.693791
v 87.623238 -26.259358 12.693791
v 86.812976 -27.775251 12.693791
v 86.314020 -29.420091 12.693791
v 86.145543 -31.130667 12.693791
v 86.314020 -32.841243 12.693791
v 86.812976 -34.486082 12.693791
v 87.623238 -36.001975 12.693791
v 88.713667 -37.330667 12.693791
v 90.042358 -38.421095 12.693791
v 91.558251 -39.231357 12.693791
v 93.203091 -39.730314 12.693791
v 94.913667 -39.898791 12.693791
v 96.624243 -39.730314 12.693791
v 98.269082 -39.231357 12.693791
v 99.784975 -38.421095 12.693791
v 101.113667 -37.330667 12.693791
v 102.204095 -36.001975 12.693791
v 103.014357 -34.486082 12.693791
v 103.513314 -32.841243 12.693791
v 105.223890 -31.130667 10.814738
v 105.025782 -29.119242 10.814738
v 104.439071 -27.185115 10.814738
v 103.486304 -25.402614 10.814738
v 102.204095 -23.840238 10.814738
v 100.641720 -22.558029 10.814738
v 98.859218 -21.605262 10.814738
v 96.925091 -21.018552 10.814738
v 94.913667 -20.820443 10.814738
v 92.902242 -21.018552 10.814738
v 90.968115 -21.605262 10.814738
v 89.185614 -22.558029 10.814738
v 87.623238 -23.840238 10.814738
v 86.341029 -25.402614 10.814738
v 85.388262 -27.185115 10.814738
v 84.801552 -29.119242 10.814738
v 84.603443 -31.130667 10.814738
v 84.801552 -33.142091 10.814738
v 85.388262 -35.076218 10.814738
v 86.341029 -36.858720 10.814738
v 87.623238 -38.421095 10.814738
v 89.185614 -39.703304 10.814738
v 90.968115 -40.656071 10.814738
v 92.902242 -41.242782 10.814738
v 94.913667 -41.440890 10.814738
v 96.925091 -41.242782 10.814738
v 98.859218 -40.656071 10.814738
v 100.641720 -39.703304 10.814738
v 102.204095 -38.421095 10.814738
v 103.486304 -36.858720 10.814738
v 104.439071 -35.076218 10.814738
v 105.025782 -33.142091 10.814738
v 106.369773 -31.130667 8.670941
v 106.149647 -28.895691 8.670941
v 105.497729 -26.746605 8.670941
v 104.439071 -24.765995 8.670941
v 103.014357 -23.029976 8.670941
v 101.278338 -21.605262 8.670941
v 99.297729 -20.546605 8.670941
v 97.148642 -19.894686 8.670941
v 94.913667 -19.674560 8.670941
v 92.678691 -19.894686 8.670941
v 90.529605 -20.546605 8.670941
v 88.548995 -21.605262 8.670941
v 86.812976 -23.029976 8.670941
v 85.388262 -24.765995 8.670941
v 84.329605 -26.746605 8.670941
v 83.677686 -28.895691 8.670941
v 83.457560 -31.130667 8.670941
v 83.677686 -33.365642 8.670941
v 84.329605 -35.514729 8.670941
v 85.388262 -37.495338 8.670941
v 86.812976 -39.231357 8.670941
v 88.548995 -40.656071 8.670941
v 90.529605 -41.714729 8.670941
v 92.678691 -42.366647 8.670941
v 94.913667 -42.586773 8.670941
v 97.148642 -42.366647 8.670941
v 99.297729 -41.714729 8.670941
v 101.278338 -40.656071 8.670941
v 103.014357 -39.231357 8.670941
v 104.439071 -37.495338 8.670941
v 105.497729 -35.514729 8.670941
v 106.149647 -33.365642 8.670941
v 107.075404 -31.130667 6.344787
v 106.841720 -28.758029 6.344787
v 106.149647 -26.476571 6.344787
v 105.025782 -24.373967 6.344787
v 103.513314 -22.531020 6.344787
v 101.670366 -21.018552 6.344787
v 99.567762 -19.894686 6.344787
v 97.286304 -19.202614 6.344787
v 94.913667 -18.968929 6.344787
v 92.541029 -19.202614 6.344787
v 90.259571 -19.894686 6.344787
v 88.156967 -21.018552 6.344787
v 86.314020 -22.531020 6.344787
v 84.801552 -24.373967 6.344787
v 83.677686 -26.476571 6.344787
v 82.985614 -28.758029 6.344787
v 82.751929 -31.130667 6.344787
v 82.985614 -33.503304 6.344787
v 83.677686 -35.784762 6.344787
v 84.801552 -37.887366 6.344787
v 86.314020 -39.730314 6.344787
v 88.156967 -41.242782 6.344787
v 90.259571 -42.366647 6.344787
v 92.541029 -43.058720 6.344787
v 94.913667 -43.292404 6.344787
v 97.286304 -43.058720 6.344787
v 99.567762 -42.366647 6.344787
v 101.670366 -41.242782 6.344787
v 103.513314 -39.730314 6.344787
v 105.025782 -37.887366 6.344787
v 106.149647 -35.784762 6.344787
v 106.841720 -33.503304 6.344787
v 107.313667 -31.130667 3.925667
v 107.075404 -28.711547 3.925667
v 106.369773 -26.385392 3.925667
v 105.223890 -24.241596 3.925667
v 103.681791 -22.362543 3.925667
v 101.802738 -20.820443 3.925667
v 99.658941 -19.674560 3.925667
v 97.332787 -18.968929 3.925667
v 94.913667 -18.730667 3.925667
v 92.494547 -18.968929 3.925667
v 90.168392 -19.674560 3.925667
v 88.024596 -20.820443 3.925667
v 86.145543 -22.362543 3.925667
v 84.603443 -24.241596 3.925667
v 83.457560 -26.385392 3.925667
v 82.751929 -28.711547 3.925667
v 82.513667 -31.130667 3.925667
v 82.751929 -33.549787 3.925667
v 83.457560 -35.875941 3.925667
v 84.603443 -38.019738 3.925667
v 86.145543 -39.898791 3.925667
v 88.024596 -41.440890 3.925667
v 90.168392 -42.586773 3.925667
v 92.494547 -43.292404 3.925667
v 94.913667 -43.530667 3.925667
v 97.332787 -43.292404 3.925667
v 99.658941 -42.586773 3.925667
v 101.802738 -41.440890 3.925667
v 103.681791 -39.898791 3.925667
v 105.223890 -38.019738 3.925667
v 106.369773 -35.875941 3.925667
v 107.075404 -33.549787 3.925667
v 107.075404 -31.130667 1.506547
v 106.841720 -28.758029 1.506547
v 106.149647 -26.476571 1.506547
v 105.025782 -24.373967 1.506547
v 103.513314 -22.531020 1.506547
v 101.670366 -21.018552 1.506547
v 99.567762 -19.894686 1.506547
v 97.286304 -19.202614 1.506547
v 94.913667 -18.968929 1.506547
v 92.541029 -19.202614 1.506547
v 90.259571 -19.894686 1.506547
v 88.156967 -21.018552 1.506547
v 86.314020 -22.531020 1.506547
v 84.801552 -24.373967 1.506547
v 83.677686 -26.476571 1.506547
v 82.985614 -28.758029 1.506547
v 82.751929 -31.130667 1.506547
v 82.985614 -33.503304 1.506547
v 83.677686 -35.784762 1.506547
v 84.801552 -37.887366 1.506547
v 86.314020 -39.730314 1.506547
v 88.156967 -41.242782 1.506547
v 90.259571 -42.366647 1.506547
v 92.541029 -43.058720 1.506547
v 94.913667 -43.292404 1.506547
v 97.286304 -43.058720 1.506547
v 99.567762 -42.366647 1.506547
v 101.670366 -41.242782 1.506547
v 103.513314 -39.730314 1.506547
v 105.025782 -37.887366 1.506547
v 106.149647 -35.784762 1.506547
v 106.841720 -33.503304 1.506547
v 106.369773 -31.130667 -0.819608
v 106.149647 -28.895691 -0.819608
v 105.497729 -26.746605 -0.819608
v 104.439071 -24.765995 -0.819608
v 103.014357 -23.029976 -0.819608
v 101.278338 -21.605262 -0.819608
v 99.297729 -20.546605 -0.819608
v 97.148642 -19.894686 -0.819608
v 94.913667 -19.674560 -0.819608
v 92.678691 -19.894686 -0.819608
v 90.529605 -20.546605 -0.819608
v 88.548995 -21.605262 -0.819608
v 86.812976 -23.029976 -0.819608
v 85.388262 -24.765995 -0.819608
v 84.329605 -26.746605 -0.819608
v 83.677686 -28.895691 -0.819608
v 83.457560 -31.130667 -0.819608
v 83.677686 -33.365642 -0.819608
v 84.329605 -35.514729 -0.819608
v 85.388262 -37.495338 -0.819608
v 86.812976 -39.231357 -0.819608
v 88.548995 -40.656071 -0.819608
v 90.529605 -41.714729 -0.819608
v 92.678691 -42.366647 -0.819608
v 94.913667 -42.586773 -0.819608
v 97.148642 -42.366647 -0.819608
v 99.297729 -41.714729 -0.819608
v 101.278338 -40.656071 -0.819608
v 103.014357 -39.231357 -0.819608
v 104.439071 -37.495338 -0.819608
v 105.497729 -35.514729 -0.819608
v 106.149647 -33.365642 -0.819608
v 105.223890 -31.130667 -2.963404
v 105.025782 -29.119242 -2.963404
v 104.439071 -27.185115 -2.963404
v 103.486304 -25.402614 -2.963404
v 102.204095 -23.840238 -2.963404
v 100.641720 -22.558029 -2.963404
v 98.859218 -21.605262 -2.963404
v 96.925091 -21.018552 -2.963404
v 94.913667 -20.820443 -2.963404
v 92.902242 -21.018552 -2.963404
v 90.968115 -21.605262 -2.963404
v 89.185614 -22.558029 -2.963404
v 87.623238 -23.840238 -2.963404
v 86.341029 -25.402614 -2.963404
v 85.388262 -27.185115 -2.963404
v 84.801552 -29.119242 -2.963404
v 84.603443 -31.130667 -2.963404
v 84.801552 -33.142091 -2.963404
v 85.388262 -35.076218 -2.963404
v 86.341029 -36.858720 -2.963404
v 87.623238 -38.421095 -2.963404
v 89.185614 -39.703304 -2.963404
v 90.968115 -40.656071 -2.963404
v 92.902242 -41.242782 -2.963404
v 94.913667 -41.440890 -2.963404
v 96.925091 -41.242782 -2.963404
v 98.859218 -40.656071 -2.963404
v 100.641720 -39.703304 -2.963404
v 102.204095 -38.421095 -2.963404
v 103.486304 -36.858720 -2.963404
v 104.439071 -35.076218 -2.963404
v 105.025782 -33.142091 -2.963404
v 103.681791 -31.130667 -4.842457
v 103.513314 -29.420091 -4.842457
v 103.014357 -27.775251 -4.842457
v 102.204095 -26.259358 -4.842457
v 101.113667 -24.930667 -4.842457
v 99.784975 -23.840238 -4.842457
v 98.269082 -23.029976 -4.842457
v 96.624243 -22.531020 -4.842457
v 94.913667 -22.362543 -4.842457
v 93.203091 -22.531020 -4.842457
v 91.558251 -23.029976 -4.842457
v 90.042358 -23.840238 -4.842457
v 88.713667 -24.930667 -4.842457
v 87.623238 -26.259358 -4.842457
v 86.812976 -27.775251 -4.842457
v 86.314020 -29.420091 -4.842457
v 86.145543 -31.130667 -4.842457
v 86.314020 -32.841243 -4.842457
v 86.812976 -34.486082 -4.842457
v 87.623238 -36.001975 -4.842457
v 88.713667 -37.330667 -4.842457
v 90.042358 -38.421095 -4.842457
v 91.558251 -39.231357 -4.842457
v 93.203091 -39.730314 -4.842457
v 94.913667 -39.898791 -4.842457
v 96.624243 -39.730314 -4.842457
v 98.269082 -39.231357 -4.842457
v 99.784975 -38.421095 -4.842457
v 101.113667 -37.330667 -4.842457
v 102.204095 -36.001975 -4.842457
v 103.014357 -34.486082 -4.842457
v 103.513314 -32.841243 -4.842457
v 101.802738 -31.130667 -6.384557
v 101.670366 -29.786676 -6.384557
v 101.278338 -28.494333 -6.384557
v 100.641720 -27.303304 -6.384557
v 99.784975 -26.259358 -6.384557
v 98.741029 -25.402614 -6.384557
v 97.550000 -24.765995 -6.384557
v 96.257658 -24.373967 -6.384557
v 94.913667 -24.241596 -6.384557
v 93.569676 -24.373967 -6.384557
v 92.277333 -24.765995 -6.384557
v 91.086304 -25.402614 -6.384557
v 90.042358 -26.259358 -6.384557
v 89.185614 -27.303304 -6.384557
v 88.548995 -28.494333 -6.384557
v 88.156967 -29.786676 -6.384557
v 88.024596 -31.130667 -6.384557
v 88.156967 -32.474658 -6.384557
v 88.548995 -33.767000 -6.384557
v 89.185614 -34.958029 -6.384557
v 90.042358 -36.001975 -6.384557
v 91.086304 -36.858720 -6.384557
v 92.277333 -37.495338 -6.384557
v 93.569676 -37.887366 -6.384557
v 94.913667 -38.019738 -6.384557
v 96.257658 -37.887366 -6.384557
v 97.550000 -37.495338 -6.384557
v 98.741029 -36.858720 -6.384557
v 99.784975 -36.001975 -6.384557
v 100.641720 -34.958029 -6.384557
v 101.278338 -33.767000 -6.384557
v 101.670366 -32.474658 -6.384557
v 99.658941 -31.130667 -7.530440
v 99.567762 -30.204910 -7.530440
v 99.297729 -29.314729 -7.530440
v 98.859218 -28.494333 -7.530440
v 98.269082 -27.775251 -7.530440
v 97.550000 -27.185115 -7.530440
v 96.729605 -26.746605 -7.530440
v 95.839424 -26.476571 -7.530440
v 94.913667 -26.385392 -7.530440
v 93.987910 -26.476571 -7.530440
v 93.097729 -26.746605 -7.530440
v 92.277333 -27.185115 -7.530440
v 91.558251 -27.775251 -7.530440
v 90.968115 -28.494333 -7.530440
v 90.529605 -29.314729 -7.530440
v 90.259571 -30.204910 -7.530440
v 90.168392 -31.130667 -7.530440
v 90.259571 -32.056424 -7.530440
v 90.529605 -32.946605 -7.530440
v 90.968115 -33.767000 -7.530440
v 91.558251 -34.486082 -7.530440
v 92.277333 -35.076218 -7.530440
v 93.097729 -35.514729 -7.530440
v 93.987910 -35.784762 -7.530440
v 94.913667 -35.875941 -7.530440
v 95.839424 -35.784762 -7.530440
v 96.729605 -35.514729 -7.530440
v 97.550000 -35.076218 -7.530440
v 98.269082 -34.486082 -7.530440
v 98.859218 -33.767000 -7.530440
v 99.297729 -32.946605 -7.530440
v 99.567762 -32.056424 -7.530440
v 97.332787 -31.130667 -8.236071
v 97.286304 -30.658720 -8.236071
v 97.148642 -30.204910 -8.236071
v 96.925091 -29.786676 -8.236071
v 96.624243 -29.420091 -8.236071
v 96.257658 -29.119242 -8.236071
v 95.839424 -28.895691 -8.236071
v 95.385614 -28.758029 -8.236071
v 94.913667 -28.711547 -8.236071
v 94.441720 -28.758029 -8.236071
v 93.987910 -28.895691 -8.236071
v 93.569676 -29.119242 -8.236071
v 93.203091 -29.420091 -8.236071
v 92.902242 -29.786676 -8.236071
v 92.678691 -30.204910 -8.236071
v 92.541029 -30.658720 -8.236071
v 92.494547 -31.130667 -8.236071
v 92.541029 -31.602614 -8.236071
v 92.678691 -32.056424 -8.236071
v 92.902242 -32.474658 -8.236071
v 93.203091 -32.841243 -8.236071
v 93.569676 -33.142091 -8.236071
v 93.987910 -33.365642 -8.236071
v 94.441720 -33.503304 -8.236071
v 94.913667 -33.549787 -8.236071
v 95.385614 -33.503304 -8.236071
v 95.839424 -33.365642 -8.236071
v 96.257658 -33.142091 -8.236071
v 96.624243 -32.841243 -8.236071
v 96.925091 -32.474658 -8.236071
v 97.148642 -32.056424 -8.236071
v 97.286304 -31.602614 -8.236071
v 94.913667 -31.130667 -8.474333
v 64.281667 54.381333 16.537667
v 66.700787 54.381333 16.299404
v 66.654304 54.853280 16.299404
v 66.516642 55.307090 16.299404
v 66.293091 55.725324 16.299404
v 65.992243 56.091909 16.299404
v 65.625658 56.392758 16.299404
v 65.207424 56.616309 16.299404
v 64.753614 56.753971 16.299404
v 64.281667 56.800453 16.299404
v 63.809720 56.753971 16.299404
v 63.355910 56.616309 16.299404
v 62.937676 56.392758 16.299404
v 62.571091 56.091909 16.299404
v 62.270242 55.725324 16.299404
v 62.046691 55.307090 16.299404
v 61.909029 54.853280 16.299404
v 61.862547 54.381333 16.299404
v 61.909029 53.909386 16.299404
v 62.046691 53.455576 16.299404
v 62.270242 53.037342 16.299404
v 62.571091 52.670757 16.299404
v 62.937676 52.369909 16.299404
v 63.355910 52.146358 16.299404
v 63.809720 52.008696 16.299404
v 64.281667 51.962213 16.299404
v 64.753614 52.008696 16.299404
v 65.207424 52.146358 16.299404
v 65.625658 52.369909 16.299404
v 65.992243 52.670757 16.299404
v 66.293091 53.037342 16.299404
v 66.516642 53.455576 16.299404
v 66.654304 53.909386 16.299404
v 69.026941 54.381333 15.593773
v 68.935762 55.307090 15.593773
v 68.665729 56.197271 15.593773
v 68.227218 57.017667 15.593773
v 67.637082 57.736749 15.593773
v 66.918000 58.326885 15.593773
v 66.097605 58.765395 15.593773
v 65.207424 59.035429 15.593773
v 64.281667 59.126608 15.593773
v 63.355910 59.035429 15.593773
v 62.465729 58.765395 15.593773
v 61.645333 58.326885 15.593773
v 60.926251 57.736749 15.593773
v 60.336115 57.017667 15.593773
v 59.897605 56.197271 15.593773
v 59.627571 55.307090 15.593773
v 59.536392 54.381333 15.593773
v 59.627571 53.455576 15.593773
v 59.897605 52.565395 15.593773
v 60.336115 51.745000 15.593773
v 60.926251 51.025918 15.593773
v 61.645333 50.435782 15.593773
v 62.465729 49.997271 15.593773
v 63.355910 49.727238 15.593773
v 64.281667 49.636059 15.593773
v 65.207424 49.727238 15.593773
v 66.097605 49.997271 15.593773
v 66.918000 50.435782 15.593773
v 67.637082 51.025918 15.593773
v 68.227218 51.745000 15.593773
v 68.665729 52.565395 15.593773
v 68.935762 53.455576 15.593773
v 71.170738 54.381333 14.447890
v 71.038366 55.725324 14.447890
v 70.646338 57.017667 14.447890
v 70.009720 58.208696 14.447890
v 69.152975 59.252642 14.447890
v 68.109029 60.109386 14.447890
v 66.918000 60.746005 14.447890
v 65.625658 61.138033 14.447890
v 64.281667 61.270404 14.447890
v 62.937676 61.138033 14.447890
v 61.645333 60.746005 14.447890
v 60.454304 60.109386 14.447890
v 59.410358 59.252642 14.447890
v 58.553614 58.208696 14.447890
v 57.916995 57.017667 14.447890
v 57.524967 55.725324 14.447890
v 57.392596 54.381333 14.447890
v 57.524967 53.037342 14.447890
v 57.916995 51.745000 14.447890
v 58.553614 50.553971 14.447890
v 59.410358 49.510025 14.447890
v 60.454304 48.653280 14.447890
v 61.645333 48.016662 14.447890
v 62.937676 47.624634 14.447890
v 64.281667 47.492262 14.447890
v 65.625658 47.624634 14.447890
v 66.918000 48.016662 14.447890
v 68.109029 48.653280 14.447890
v 69.152975 49.510025 14.447890
v 70.009720 50.553971 14.447890
v 70.646338 51.745000 14.447890
v 71.038366 53.037342 14.447890
v 73.049791 54.381333 12.905791
v 72.881314 56.091909 12.905791
v 72.382357 57.736749 12.905791
v 71.572095 59.252642 12.905791
v 70.481667 60.581333 12.905791
v 69.152975 61.671762 12.905791
v 67.637082 62.482024 12.905791
v 65.992243 62.980980 12.905791
v 64.281667 63.149457 12.905791
v 62.571091 62.980980 12.905791
v 60.926251 62.482024 12.905791
v 59.410358 61.671762 12.905791
v 58.081667 60.581333 12.905791
v 56.991238 59.252642 12.905791
v 56.180976 57.736749 12.905791
v 55.682020 56.091909 12.905791
v 55.513543 54.381333 12.905791
v 55.682020 52.670757 12.905791
v 56.180976 51.025918 12.905791
v 56.991238 49.510025 12.905791
v 58.081667 48.181333 12.905791
v 59.410358 47.090905 12.905791
v 60.926251 46.280643 12.905791
v 62.571091 45.781686 12.905791
v 64.281667 45.613209 12.905791
v 65.992243 45.781686 12.905791
v 67.637082 46.280643 12.905791
v 69.152975 47.090905 12.905791
v 70.481667 48.181333 12.905791
v 71.572095 49.510025 12.905791
v 72.382357 51.025918 12.905791
v 72.881314 52.670757 12.905791
v 74.591890 54.381333 11.026738
v 74.393782 56.392758 11.026738
v 73.807071 58.326885 11.026738
v 72.854304 60.109386 11.026738
v 71.572095 61.671762 11.026738
v 70.009720 62.953971 11.026738
v 68.227218 63.906738 11.026738
v 66.293091 64.493448 11.026738
v 64.281667 64.691557 11.026738
v 62.270242 64.493448 11.026738
v 60.336115 63.906738 11.026738
v 58.553614 62.953971 11.026738
v 56.991238 61.671762 11.026738
v 55.709029 60.109386 11.026738
v 54.756262 58.326885 11.026738
v 54.169552 56.392758 11.026738
v 53.971443 54.381333 11.026738
v 54.169552 52.369909 11.026738
v 54.756262 50.435782 11.026738
v 55.709029 48.653280 11.026738
v 56.991238 47.090905 11.026738
v 58.553614 45.808696 11.026738
v 60.336115 44.855929 11.026738
v 62.270242 44.269218 11.026738
v 64.281667 44.071110 11.026738
v 66.293091 44.269218 11.026738
v 68.227218 44.855929 11.026738
v 70.009720 45.808696 11.026738
v 71.572095 47.090905 11.026738
v 72.854304 48.653280 11.026738
v 73.807071 50.435782 11.026738
v 74.393782 52.369909 11.026738
v 75.737773 54.381333 8.882941
v 75.517647 56.616309 8.882941
v 74.865729 58.765395 8.882941
v 73.807071 60.746005 8.882941
v 72.382357 62.482024 8.882941
v 70.646338 63.906738 8.882941
v 68.665729 64.965395 8.882941
v 66.516642 65.617314 8.882941
v 64.281667 65.837440 8.882941
v 62.046691 65.617314 8.882941
v 59.897605 64.965395 8.882941
v 57.916995 63.906738 8.882941
v 56.180976 62.482024 8.882941
v 54.756262 60.746005 8.882941
v 53.697605 58.765395 8.882941
v 53.045686 56.616309 8.882941
v 52.825560 54.381333 8.882941
v 53.045686 52.146358 8.882941
v 53.697605 49.997271 8.882941
v 54.756262 48.016662 8.882941
v 56.180976 46.280643 8.882941
v 57.916995 44.855929 8.882941
v 59.897605 43.797271 8.882941
v 62.046691 43.145353 8.882941
v 64.281667 42.925227 8.882941
v 66.516642 43.145353 8.882941
v 68.665729 43.797271 8.882941
v 70.646338 44.855929 8.882941
v 72.382357 46.280643 8.882941
v 73.807071 48.016662 8.882941
v 74.865729 49.997271 8.882941
v 75.517647 52.146358 8.882941
v 76.443404 54.381333 6.556787
v 76.209720 56.753971 6.556787
v 75.517647 59.035429 6.556787
v 74.393782 61.138033 6.556787
v 72.881314 62.980980 6.556787
v 71.038366 64.493448 6.556787
v 68.935762 65.617314 6.556787
v 66.654304 66.309386 6.556787
v 64.281667 66.543071 6.556787
v 61.909029 66.309386 6.556787
v 59.627571 65.617314 6.556787
v 57.524967 64.493448 6.556787
v 55.682020 62.980980 6.556787
v 54.169552 61.138033 6.556787
v 53.045686 59.035429 6.556787
v 52.353614 56.753971 6.556787
v 52.119929 54.381333 6.556787
v 52.353614 52.008696 6.556787
v 53.045686 49.727238 6.556787
v 54.169552 47.624634 6.556787
v 55.682020 45.781686 6.556787
v 57.524967 44.269218 6.556787
v 59.627571 43.145353 6.556787
v 61.909029 42.453280 6.556787
v 64.281667 42.219596 6.556787
v 66.654304 42.453280 6.556787
v 68.935762 43.145353 6.556787
v 71.038366 44.269218 6.556787
v 72.881314 45.781686 6.556787
v 74.393782 47.624634 6.556787
v 75.517647 49.727238 6.556787
v 76.209720 52.008696 6.556787
v 76.681667 54.381333 4.137667
v 76.443404 56.800453 4.137667
v 75.737773 59.126608 4.137667
v 74.591890 61.270404 4.137667
v 73.049791 63.149457 4.137667
v 71.170738 64.691557 4.137667
v 69.026941 65.837440 4.137667
v 66.700787 66.543071 4.137667
v 64.281667 66.781333 4.137667
v 61.862547 66.543071 4.137667
v 59.536392 65.837440 4.137667
v 57.392596 64.691557 4.137667
v 55.513543 63.149457 4.137667
v 53.971443 61.270404 4.137667
v 52.825560 59.126608 4.137667
v 52.119929 56.800453 4.137667
v 51.881667 54.381333 4.137667
v 52.119929 51.962213 4.137667
v 52.825560 49.636059 4.137667
v 53.971443 47.492262 4.137667
v 55.513543 45.613209 4.137667
v 57.392596 44.071110 4.137667
v 59.536392 42.925227 4.137667
v 61.862547 42.219596 4.137667
v 64.281667 41.981333 4.137667
v 66.700787 42.219596 4.137667
v 69.026941 42.925227 4.137667
v 71.170738 44.071110 4.137667
v 73.049791 45.613209 4.137667
v 74.591890 47.492262 4.137667
v 75.737773 49.636059 4.137667
v 76.443404 51.962213 4.137667
v 76.443404 54.381333 1.718547
v 76.209720 56.753971 1.718547
v 75.517647 59.035429 1.718547
v 74.393782 61.138033 1.718547
v 72.881314 62.980980 1.718547
v 71.038366 64.493448 1.718547
v 68.935762 65.617314 1.718547
v 66.654304 66.309386 1.718547
v 64.281667 66.543071 1.718547
v 61.909029 66.309386 1.718547
v 59.627571 65.617314 1.718547
v 57.524967 64.493448 1.718547
v 55.682020 62.980980 1.718547
v 54.169552 61.138033 1.718547
v 53.045686 59.035429 1.718547
v 52.353614 56.753971 1.718547
v 52.119929 54.381333 1.718547
v 52.353614 52.008696 1.718547
v 53.045686 49.727238 1.718547
v 54.169552 47.624634 1.718547
v 55.682020 45.781686 1.718547
v 57.524967 44.269218 1.718547
v 59.627571 43.145353 1.718547
v 61.909029 42.453280 1.718547
v 64.281667 42.219596 1.718547
v 66.654304 42.453280 1.718547
v 68.935762 43.145353 1.718547
v 71.038366 44.269218 1.718547
v 72.881314 45.781686 1.718547
v 74.393782 47.624634 1.718547
v 75.517647 49.727238 1.718547
v 76.209720 52.008696 1.718547
v 75.737773 54.381333 -0.607608
v 75.517647 56.616309 -0.607608
v 74.865729 58.765395 -0.607608
v 73.807071 60.746005 -0.607608
v 72.382357 62.482024 -0.607608
v 70.646338 63.906738 -0.607608
v 68.665729 64.965395 -0.607608
v 66.516642 65.617314 -0.607608
v 64.281667 65.837440 -0.607608
v 62.046691 65.617314 -0.607608
v 59.897605 64.965395 -0.607608
v 57.916995 63.906738 -0.607608
v 56.180976 62.482024 -0.607608
v 54.756262 60.746005 -0.607608
v 53.697605 58.765395 -0.607608
v 53.045686 56.616309 -0.607608
v 52.825560 54.381333 -0.607608
v 53.045686 52.146358 -0.607608
v 53.697605 49.997271 -0.607608
v 54.756262 48.016662 -0.607608
v 56.180976 46.280643 -0.607608
v 57.916995 44.855929 -0.607608
v 59.897605 43.797271 -0.607608
v 62.046691 43.145353 -0.607608
v 64.281667 42.925227 -0.607608
v 66.516642 43.145353 -0.607608
v 68.665729 43.797271 -0.607608
v 70.646338 44.855929 -0.607608
v 72.382357 46.280643 -0.607608
v 73.807071 48.016662 -0.607608
v 74.865729 49.997271 -0.607608
v 75.517647 52.146358 -0.607608
v 74.591890 54.381333 -2.751404
v 74.393782 56.392758 -2.751404
v 73.807071 58.326885 -2.751404
v 72.854304 60.109386 -2.751404
v 71.572095 61.671762 -2.751404
v 70.009720 62.953971 -2.751404
v 68.227218 63.906738 -2.751404
v 66.293091 64.493448 -2.751404
v 64.281667 64.691557 -2.751404
v 62.270242 64.493448 -2.751404
v 60.336115 63.906738 -2.751404
v 58.553614 62.953971 -2.751404
v 56.991238 61.671762 -2.751404
v 55.709029 60.109386 -2.751404
v 54.756262 58.326885 -2.751404
v 54.169552 56.392758 -2.751404
v 53.971443 54.381333 -2.751404
v 54.169552 52.369909 -2.751404
v 54.756262 50.435782 -2.751404
v 55.709029 48.653280 -2.751404
v 56.991238 47.090905 -2.751404
v 58.553614 45.808696 -2.751404
v 60.336115 44.855929 -2.751404
v 62.270242 44.269218 -2.751404
v 64.281667 44.071110 -2.751404
v 66.293091 44.269218 -2.751404
v 68.227218 44.855929 -2.751404
v 70.009720 45.808696 -2.751404
v 71.572095 47.090905 -2.751404
v 72.854304 48.653280 -2.751404
v 73.807071 50.435782 -2.751404
v 74.393782 52.369909 -2.751404
v 73.049791 54.381333 -4.630457
v 72.881314 56.091909 -4.630457
v 72.382357 57.736749 -4.630457
v 71.572095 59.252642 -4.630457
v 70.481667 60.581333 -4.630457
v 69.152975 61.671762 -4.630457
v 67.637082 62.482024 -4.630457
v 65.992243 62.980980 -4.630457
v 64.281667 63.149457 -4.630457
v 62.571091 62.980980 -4.630457
v 60.926251 62.482024 -4.630457
v 59.410358 61.671762 -4.630457
v 58.081667 60.581333 -4.630457
v 56.991238 59.252642 -4.630457
v 56.180976 57.736749 -4.630457
v 55.682020 56.091909 -4.630457
v 55.513543 54.381333 -4.630457
v 55.682020 52.670757 -4.630457
v 56.180976 51.025918 -4.630457
v 56.991238 49.510025 -4.630457
v 58.081667 48.181333 -4.630457
v 59.410358 47.090905 -4.630457
v 60.926251 46.280643 -4.630457
v 62.571091 45.781686 -4.630457
v 64.281667 45.613209 -4.630457
v 65.992243 45.781686 -4.630457
v 67.637082 46.280643 -4.630457
v 69.152975 47.090905 -4.630457
v 70.481667 48.181333 -4.630457
v 71.572095 49.510025 -4.630457
v 72.382357 51.025918 -4.630457
v 72.881314 52.670757 -4.630457
v 71.170738 54.381333 -6.172557
v 71.038366 55.725324 -6.172557
v 70.646338 57.017667 -6.172557
v 70.009720 58.208696 -6.172557
v 69.152975 59.252642 -6.172557
v 68.109029 60.109386 -6.172557
v 66.918000 60.746005 -6.172557
v 65.625658 61.138033 -6.172557
v 64.281667 61.270404 -6.172557
v 62.937676 61.138033 -6.172557
v 61.645333 60.746005 -6.172557
v 60.454304 60.109386 -6.172557
v 59.410358 59.252642 -6.172557
v 58.553614 58.208696 -6.172557
v 57.916995 57.017667 -6.172557
v 57.524967 55.725324 -6.172557
v 57.392596 54.381333 -6.172557
v 57.524967 53.037342 -6.172557
v 57.916995 51.745000 -6.172557
v 58.553614 50.553971 -6.172557
v 59.410358 49.510025 -6.172557
v 60.454304 48.653280 -6.172557
v 61.645333 48.016662 -6.172557
v 62.937676 47.624634 -6.172557
v 64.281667 47.492262 -6.172557
v 65.625658 47.624634 -6.172557
v 66.918000 48.016662 -6.172557
v 68.109029 48.653280 -6.172557
v 69.152975 49.510025 -6.172557
v 70.009720 50.553971 -6.172557
v 70.646338 51.745000 -6.172557
v 71.038366 53.037342 -6.172557
v 69.026941 54.381333 -7.318440
v 68.935762 55.307090 -7.318440
v 68.665729 56.197271 -7.318440
v 68.227218 57.017667 -7.318440
v 67.637082 57.736749 -7.318440
v 66.918000 58.326885 -7.318440
v 66.097605 58.765395 -7.318440
v 65.207424 59.035429 -7.318440
v 64.281667 59.126608 -7.318440
v 63.355910 59.035429 -7.318440
v 62.465729 58.765395 -7.318440
v 61.645333 58.326885 -7.318440
v 60.926251 57.736749 -7.318440
v 60.336115 57.017667 -7.318440
v 59.897605 56.197271 -7.318440
v 59.627571 55.307090 -7.318440
v 59.536392 54.381333 -7.318440
v 59.627571 53.455576 -7.318440
v 59.897605 52.565395 -7.318440
v 60.336115 51.745000 -7.318440
v 60.926251 51.025918 -7.318440
v 61.645333 50.435782 -7.318440
v 62.465729 49.997271 -7.318440
v 63.355910 49.727238 -7.318440
v 64.281667 49.636059 -7.318440
v 65.207424 49.727238 -7.318440
v 66.097605 49.997271 -7.318440
v 66.918000 50.435782 -7.318440
v 67.637082 51.025918 -7.318440
v 68.227218 51.745000 -7.318440
v 68.665729 52.565395 -7.318440
v 68.935762 53.455576 -7.318440
v 66.700787 54.381333 -8.024071
v 66.654304 54.853280 -8.024071
v 66.516642 55.307090 -8.024071
v 66.293091 55.725324 -8.024071
v 65.992243 56.091909 -8.024071
v 65.625658 56.392758 -8.024071
v 65.207424 56.616309 -8.024071
v 64.753614 56.753971 -8.024071
v 64.281667 56.800453 -8.024071
v 63.809720 56.753971 -8.024071
v 63.355910 56.616309 -8.024071
v 62.937676 56.392758 -8.024071
v 62.571091 56.091909 -8.024071
v 62.270242 55.725324 -8.024071
v 62.046691 55.307090 -8.024071
v 61.909029 54.853280 -8.024071
v 61.862547 54.381333 -8.024071
v 61.909029 53.909386 -8.024071
v 62.046691 53.455576 -8.024071
v 62.270242 53.037342 -8.024071
v 62.571091 52.670757 -8.024071
v 62.937676 52.369909 -8.024071
v 63.355910 52.146358 -8.024071
v 63.809720 52.008696 -8.024071
v 64.281667 51.962213 -8.024071
v 64.753614 52.008696 -8.024071
v 65.207424 52.146358 -8.024071
v 65.625658 52.369909 -8.024071
v 65.992243 52.670757 -8.024071
v 66.293091 53.037342 -8.024071
v 66.516642 53.455576 -8.024071
v 66.654304 53.909386 -8.024071
v 64.281667 54.381333 -8.262333
v 0.165667 -17.926667 17.109667
v 2.740859 -17.926667 16.856032
v 2.691377 -17.424272 16.856032
v 2.544834 -16.941183 16.856032
v 2.306861 -16.495967 16.856032
v 1.986603 -16.105731 16.856032
v 1.596367 -15.785473 16.856032
v 1.151150 -15.547499 16.856032
v 0.668062 -15.400956 16.856032
v 0.165667 -15.351474 16.856032
v -0.336728 -15.400956 16.856032
v -0.819817 -15.547499 16.856032
v -1.265033 -15.785473 16.856032
v -1.655269 -16.105731 16.856032
v -1.975527 -16.495967 16.856032
v -2.213501 -16.941183 16.856032
v -2.360044 -17.424272 16.856032
v -2.409526 -17.926667 16.856032
v -2.360044 -18.429062 16.856032
v -2.213501 -18.912150 16.856032
v -1.975527 -19.357367 16.856032
v -1.655269 -19.747603 16.856032
v -1.265033 -20.067861 16.856032
v -0.819817 -20.305834 16.856032
v -0.336728 -20.452377 16.856032
v 0.165667 -20.501859 16.856032
v 0.668062 -20.452377 16.856032
v 1.151150 -20.305834 16.856032
v 1.596367 -20.067861 16.856032
v 1.986603 -19.747603 16.856032
v 2.306861 -19.357367 16.856032
v 2.544834 -18.912150 16.856032
v 2.691377 -18.429062 16.856032
v 5.217088 -17.926667 16.104876
v 5.120026 -16.941183 16.104876
v 4.832571 -15.993571 16.104876
v 4.365770 -15.120247 16.104876
v 3.737561 -14.354772 16.104876
v 2.972086 -13.726563 16.104876
v 2.098762 -13.259762 16.104876
v 1.151150 -12.972307 16.104876
v 0.165667 -12.875245 16.104876
v -0.819817 -12.972307 16.104876
v -1.767429 -13.259762 16.104876
v -2.640753 -13.726563 16.104876
v -3.406228 -14.354772 16.104876
v -4.034437 -15.120247 16.104876
v -4.501238 -15.993571 16.104876
v -4.788693 -16.941183 16.104876
v -4.885755 -17.926667 16.104876
v -4.788693 -18.912150 16.104876
v -4.501238 -19.859762 16.104876
v -4.034437 -20.733086 16.104876
v -3.406228 -21.498561 16.104876
v -2.640753 -22.126770 16.104876
v -1.767429 -22.593571 16.104876
v -0.819817 -22.881026 16.104876
v 0.165667 -22.978088 16.104876
v 1.151150 -22.881026 16.104876
v 2.098762 -22.593571 16.104876
v 2.972086 -22.126770 16.104876
v 3.737561 -21.498561 16.104876
v 4.365770 -20.733086 16.104876
v 4.832571 -19.859762 16.104876
v 5.120026 -18.912150 16.104876
v 7.499194 -17.926667 14.885066
v 7.358282 -16.495967 14.885066
v 6.940962 -15.120247 14.885066
v 6.263272 -13.852377 14.885066
v 5.351253 -12.741080 14.885066
v 4.239956 -11.829062 14.885066
v 2.972086 -11.151371 14.885066
v 1.596367 -10.734051 14.885066
v 0.165667 -10.593140 14.885066
v -1.265033 -10.734051 14.885066
v -2.640753 -11.151371 14.885066
v -3.908623 -11.829062 14.885066
v -5.019920 -12.741080 14.885066
v -5.931938 -13.852377 14.885066
v -6.609629 -15.120247 14.885066
v -7.026949 -16.495967 14.885066
v -7.167860 -17.926667 14.885066
v -7.026949 -19.357367 14.885066
v -6.609629 -20.733086 14.885066
v -5.931938 -22.000956 14.885066
v -5.019920 -23.112253 14.885066
v -3.908623 -24.024272 14.885066
v -2.640753 -24.701962 14.885066
v -1.265033 -25.119282 14.885066
v 0.165667 -25.260194 14.885066
v 1.596367 -25.119282 14.885066
v 2.972086 -24.701962 14.885066
v 4.239956 -24.024272 14.885066
v 5.351253 -23.112253 14.885066
v 6.263272 -22.000956 14.885066
v 6.940962 -20.733086 14.885066
v 7.358282 -19.357367 14.885066
v 9.499476 -17.926667 13.243476
v 9.320130 -16.105731 13.243476
v 8.788982 -14.354772 13.243476
v 7.926446 -12.741080 13.243476
v 6.765667 -11.326667 13.243476
v 5.351253 -10.165888 13.243476
v 3.737561 -9.303351 13.243476
v 1.986603 -8.772204 13.243476
v 0.165667 -8.592857 13.243476
v -1.655269 -8.772204 13.243476
v -3.406228 -9.303351 13.243476
v -5.019920 -10.165888 13.243476
v -6.434333 -11.326667 13.243476
v -7.595112 -12.741080 13.243476
v -8.457649 -14.354772 13.243476
v -8.988796 -16.105731 13.243476
v -9.168143 -17.926667 13.243476
v -8.988796 -19.747603 13.243476
v -8.457649 -21.498561 13.243476
v -7.595112 -23.112253 13.243476
v -6.434333 -24.526667 13.243476
v -5.019920 -25.687446 13.243476
v -3.406228 -26.549982 13.243476
v -1.655269 -27.081130 13.243476
v 0.165667 -27.260476 13.243476
v 1.986603 -27.081130 13.243476
v 3.737561 -26.549982 13.243476
v 5.351253 -25.687446 13.243476
v 6.765667 -24.526667 13.243476
v 7.926446 -23.112253 13.243476
v 8.788982 -21.498561 13.243476
v 9.320130 -19.747603 13.243476
v 11.141066 -17.926667 11.243194
v 10.930176 -15.785473 11.243194
v 10.305613 -13.726563 11.243194
v 9.291377 -11.829062 11.243194
v 7.926446 -10.165888 11.243194
v 6.263272 -8.800956 11.243194
v 4.365770 -7.786720 11.243194
v 2.306861 -7.162157 11.243194
v 0.165667 -6.951268 11.243194
v -1.975527 -7.162157 11.243194
v -4.034437 -7.786720 11.243194
v -5.931938 -8.800956 11.243194
v -7.595112 -10.165888 11.243194
v -8.960044 -11.829062 11.243194
v -9.974280 -13.726563 11.243194
v -10.598843 -15.785473 11.243194
v -10.809732 -17.926667 11.243194
v -10.598843 -20.067861 11.243194
v -9.974280 -22.126770 11.243194
v -8.960044 -24.024272 11.243194
v -7.595112 -25.687446 11.243194
v -5.931938 -27.052377 11.243194
v -4.034437 -28.066613 11.243194
v -1.975527 -28.691176 11.243194
v 0.165667 -28.902066 11.243194
v 2.306861 -28.691176 11.243194
v 4.365770 -28.066613 11.243194
v 6.263272 -27.052377 11.243194
v 7.926446 -25.687446 11.243194
v 9.291377 -24.024272 11.243194
v 10.305613 -22.126770 11.243194
v 10.930176 -20.067861 11.243194
v 12.360876 -17.926667 8.961088
v 12.126549 -15.547499 8.961088
v 11.432571 -13.259762 8.961088
v 10.305613 -11.151371 8.961088
v 8.788982 -9.303351 8.961088
v 6.940962 -7.786720 8.961088
v 4.832571 -6.659762 8.961088
v 2.544834 -5.965784 8.961088
v 0.165667 -5.731457 8.961088
v -2.213501 -5.965784 8.961088
v -4.501238 -6.659762 8.961088
v -6.609629 -7.786720 8.961088
v -8.457649 -9.303351 8.961088
v -9.974280 -11.151371 8.961088
v -11.101238 -13.259762 8.961088
v -11.795216 -15.547499 8.961088
v -12.029543 -17.926667 8.961088
v -11.795216 -20.305834 8.961088
v -11.101238 -22.593571 8.961088
v -9.974280 -24.701962 8.961088
v -8.457649 -26.549982 8.961088
v -6.609629 -28.066613 8.961088
v -4.501238 -29.193571 8.961088
v -2.213501 -29.887549 8.961088
v 0.165667 -30.121876 8.961088
v 2.544834 -29.887549 8.961088
v 4.832571 -29.193571 8.961088
v 6.940962 -28.066613 8.961088
v 8.788982 -26.549982 8.961088
v 10.305613 -24.701962 8.961088
v 11.432571 -22.593571 8.961088
v 12.126549 -20.305834 8.961088
v 13.112032 -17.926667 6.484859
v 12.863272 -15.400956 6.484859
v 12.126549 -12.972307 6.484859
v 10.930176 -10.734051 6.484859
v 9.320130 -8.772204 6.484859
v 7.358282 -7.162157 6.484859
v 5.120026 -5.965784 6.484859
v 2.691377 -5.229062 6.484859
v 0.165667 -4.980301 6.484859
v -2.360044 -5.229062 6.484859
v -4.788693 -5.965784 6.484859
v -7.026949 -7.162157 6.484859
v -8.988796 -8.772204 6.484859
v -10.598843 -10.734051 6.484859
v -11.795216 -12.972307 6.484859
v -12.531938 -15.400956 6.484859
v -12.780699 -17.926667 6.484859
v -12.531938 -20.452377 6.484859
v -11.795216 -22.881026 6.484859
v -10.598843 -25.119282 6.484859
v -8.988796 -27.081130 6.484859
v -7.026949 -28.691176 6.484859
v -4.788693 -29.887549 6.484859
v -2.360044 -30.624272 6.484859
v 0.165667 -30.873032 6.484859
v 2.691377 -30.624272 6.484859
v 5.120026 -29.887549 6.484859
v 7.358282 -28.691176 6.484859
v 9.320130 -27.081130 6.484859
v 10.930176 -25.119282 6.484859
v 12.126549 -22.881026 6.484859
v 12.863272 -20.452377 6.484859
v 13.365667 -17.926667 3.909667
v 13.112032 -15.351474 3.909667
v 12.360876 -12.875245 3.909667
v 11.141066 -10.593140 3.909667
v 9.499476 -8.592857 3.909667
v 7.499194 -6.951268 3.909667
v 5.217088 -5.731457 3.909667
v 2.740859 -4.980301 3.909667
v 0.165667 -4.726667 3.909667
v -2.409526 -4.980301 3.909667
v -4.885755 -5.731457 3.909667
v -7.167860 -6.951268 3.909667
v -9.168143 -8.592857 3.909667
v -10.809732 -10.593140 3.909667
v -12.029543 -12.875245 3.909667
v -12.780699 -15.351474 3.909667
v -13.034333 -17.926667 3.909667
v -12.780699 -20.501859 3.909667
v -12.029543 -22.978088 3.909667
v -10.809732 -25.260194 3.909667
v -9.168143 -27.260476 3.909667
v -7.167860 -28.902066 3.909667
v -4.885755 -30.121876 3.909667
v -2.409526 -30.873032 3.909667
v 0.165667 -31.126667 3.909667
v 2.740859 -30.873032 3.909667
v 5.217088 -30.121876 3.909667
v 7.499194 -28.902066 3.909667
v 9.499476 -27.260476 3.909667
v 11.141066 -25.260194 3.909667
v 12.360876 -22.978088 3.909667
v 13.112032 -20.501859 3.909667
v 13.112032 -17.926667 1.334474
v 12.863272 -15.400956 1.334474
v 12.126549 -12.972307 1.334474
v 10.930176 -10.734051 1.334474
v 9.320130 -8.772204 1.334474
v 7.358282 -7.162157 1.334474
v 5.120026 -5.965784 1.334474
v 2.691377 -5.229062 1.334474
v 0.165667 -4.980301 1.334474
v -2.360044 -5.229062 1.334474
v -4.788693 -5.965784 1.334474
v -7.026949 -7.162157 1.334474
v -8.988796 -8.772204 1.334474
v -10.598843 -10.734051 1.334474
v -11.795216 -12.972307 1.334474
v -12.531938 -15.400956 1.334474
v -12.780699 -17.926667 1.334474
v -12.531938 -20.452377 1.334474
v -11.795216 -22.881026 1.334474
v -10.598843 -25.119282 1.334474
v -8.988796 -27.081130 1.334474
v -7.026949 -28.691176 1.334474
v -4.788693 -29.887549 1.334474
v -2.360044 -30.624272 1.334474
v 0.165667 -30.873032 1.334474
v 2.691377 -30.624272 1.334474
v 5.120026 -29.887549 1.334474
v 7.358282 -28.691176 1.334474
v 9.320130 -27.081130 1.334474
v 10.930176 -25.119282 1.334474
v 12.126549 -22.881026 1.334474
v 12.863272 -20.452377 1.334474
v 12.360876 -17.926667 -1.141755
v 12.126549 -15.547499 -1.141755
v 11.432571 -13.259762 -1.141755
v 10.305613 -11.151371 -1.141755
v 8.788982 -9.303351 -1.141755
v 6.940962 -7.786720 -1.141755
v 4.832571 -6.659762 -1.141755
v 2.544834 -5.965784 -1.141755
v 0.165667 -5.731457 -1.141755
v -2.213501 -5.965784 -1.141755
v -4.501238 -6.659762 -1.141755
v -6.609629 -7.786720 -1.141755
v -8.457649 -9.303351 -1.141755
v -9.974280 -11.151371 -1.141755
v -11.101238 -13.259762 -1.141755
v -11.795216 -15.547499 -1.141755
v -12.029543 -17.926667 -1.141755
v -11.795216 -20.305834 -1.141755
v -11.101238 -22.593571 -1.141755
v -9.974280 -24.701962 -1.141755
v -8.457649 -26.549982 -1.141755
v -6.609629 -28.066613 -1.141755
v -4.501238 -29.193571 -1.141755
v -2.213501 -29.887549 -1.141755
v 0.165667 -30.121876 -1.141755
v 2.544834 -29.887549 -1.141755
v 4.832571 -29.193571 -1.141755
v 6.940962 -28.066613 -1.141755
v 8.788982 -26.549982 -1.141755
v 10.305613 -24.701962 -1.141755
v 11.432571 -22.593571 -1.141755
v 12.126549 -20.305834 -1.141755
v 11.141066 -17.926667 -3.423860
v 10.930176 -15.785473 -3.423860
v 10.305613 -13.726563 -3.423860
v 9.291377 -11.829062 -3.423860
v 7.926446 -10.165888 -3.423860
v 6.263272 -8.800956 -3.423860
v 4.365770 -7.786720 -3.423860
v 2.306861 -7.162157 -3.423860
v 0.165667 -6.951268 -3.423860
v -1.975527 -7.162157 -3.423860
v -4.034437 -7.786720 -3.423860
v -5.931938 -8.800956 -3.423860
v -7.595112 -10.165888 -3.423860
v -8.960044 -11.829062 -3.423860
v -9.974280 -13.726563 -3.423860
v -10.598843 -15.785473 -3.423860
v -10.809732 -17.926667 -3.423860
v -10.598843 -20.067861 -3.423860
v -9.974280 -22.126770 -3.423860
v -8.960044 -24.024272 -3.423860
v -7.595112 -25.687446 -3.423860
v -5.931938 -27.052377 -3.423860
v -4.034437 -28.066613 -3.423860
v -1.975527 -28.691176 -3.423860
v 0.165667 -28.902066 -3.423860
v 2.306861 -28.691176 -3.423860
v 4.365770 -28.066613 -3.423860
v 6.263272 -27.052377 -3.423860
v 7.926446 -25.687446 -3.423860
v 9.291377 -24.024272 -3.423860
v 10.305613 -22.126770 -3.423860
v 10.930176 -20.067861 -3.423860
v 9.499476 -17.926667 -5.424143
v 9.320130 -16.105731 -5.424143
v 8.788982 -14.354772 -5.424143
v 7.926446 -12.741080 -5.424143
v 6.765667 -11.326667 -5.424143
v 5.351253 -10.165888 -5.424143
v 3.737561 -9.303351 -5.424143
v 1.986603 -8.772204 -5.424143
v 0.165667 -8.592857 -5.424143
v -1.655269 -8.772204 -5.424143
v -3.406228 -9.303351 -5.424143
v -5.019920 -10.165888 -5.424143
v -6.434333 -11.326667 -5.424143
v -7.595112 -12.741080 -5.424143
v -8.457649 -14.354772 -5.424143
v -8.988796 -16.105731 -5.424143
v -9.168143 -17.926667 -5.424143
v -8.988796 -19.747603 -5.424143
v -8.457649 -21.498561 -5.424143
v -7.595112 -23.112253 -5.424143
v -6.434333 -24.526667 -5.424143
v -5.019920 -25.687446 -5.424143
v -3.406228 -26.549982 -5.424143
v -1.655269 -27.081130 -5.424143
v 0.165667 -27.260476 -5.424143
v 1.986603 -27.081130 -5.424143
v 3.737561 -26.549982 -5.424143
v 5.351253 -25.687446 -5.424143
v 6.765667 -24.526667 -5.424143
v 7.926446 -23.112253 -5.424143
v 8.788982 -21.498561 -5.424143
v 9.320130 -19.747603 -5.424143
v 7.499194 -17.926667 -7.065732
v 7.358282 -16.495967 -7.065732
v 6.940962 -15.120247 -7.065732
v 6.263272 -13.852377 -7.065732
v 5.351253 -12.741080 -7.065732
v 4.239956 -11.829062 -7.065732
v 2.972086 -11.151371 -7.065732
v 1.596367 -10.734051 -7.065732
v 0.165667 -10.593140 -7.065732
v -1.265033 -10.734051 -7.065732
v -2.640753 -11.151371 -7.065732
v -3.908623 -11.829062 -7.065732
v -5.019920 -12.741080 -7.065732
v -5.931938 -13.852377 -7.065732
v -6.609629 -15.120247 -7.065732
v -7.026949 -16.495967 -7.065732
v -7.167860 -17.926667 -7.065732
v -7.026949 -19.357367 -7.065732
v -6.609629 -20.733086 -7.065732
v -5.931938 -22.000956 -7.065732
v -5.019920 -23.112253 -7.065732
v -3.908623 -24.024272 -7.065732
v -2.640753 -24.701962 -7.065732
v -1.265033 -25.119282 -7.065732
v 0.165667 -25.260194 -7.065732
v 1.596367 -25.119282 -7.065732
v 2.972086 -24.701962 -7.065732
v 4.239956 -24.024272 -7.065732
v 5.351253 -23.112253 -7.065732
v 6.263272 -22.000956 -7.065732
v 6.940962 -20.733086 -7.065732
v 7.358282 -19.357367 -7.065732
v 5.217088 -17.926667 -8.285543
v 5.120026 -16.941183 -8.285543
v 4.832571 -15.993571 -8.285543
v 4.365770 -15.120247 -8.285543
v 3.737561 -14.354772 -8.285543
v 2.972086 -13.726563 -8.285543
v 2.098762 -13.259762 -8.285543
v 1.151150 -12.972307 -8.285543
v 0.165667 -12.875245 -8.285543
v -0.819817 -12.972307 -8.285543
v -1.767429 -13.259762 -8.285543
v -2.640753 -13.726563 -8.285543
v -3.406228 -14.354772 -8.285543
v -4.034437 -15.120247 -8.285543
v -4.501238 -15.993571 -8.285543
v -4.788693 -16.941183 -8.285543
v -4.885755 -17.926667 -8.285543
v -4.788693 -18.912150 -8.285543
v -4.501238 -19.859762 -8.285543
v -4.034437 -20.733086 -8.285543
v -3.406228 -21.498561 -8.285543
v -2.640753 -22.126770 -8.285543
v -1.767429 -22.593571 -8.285543
v -0.819817 -22.881026 -8.285543
v 0.165667 -22.978088 -8.285543
v 1.151150 -22.881026 -8.285543
v 2.098762 -22.593571 -8.285543
v 2.972086 -22.126770 -8.285543
v 3.737561 -21.498561 -8.285543
v 4.365770 -20.733086 -8.285543
v 4.832571 -19.859762 -8.285543
v 5.120026 -18.912150 -8.285543
v 2.740859 -17.926667 -9.036699
v 2.691377 -17.424272 -9.036699
v 2.544834 -16.941183 -9.036699
v 2.306861 -16.495967 -9.036699
v 1.986603 -16.105731 -9.036699
v 1.596367 -15.785473 -9.036699
v 1.151150 -15.547499 -9.036699
v 0.668062 -15.400956 -9.036699
v 0.165667 -15.351474 -9.036699
v -0.336728 -15.400956 -9.036699
v -0.819817 -15.547499 -9.036699
v -1.265033 -15.785473 -9.036699
v -1.655269 -16.105731 -9.036699
v -1.975527 -16.495967 -9.036699
v -2.213501 -16.941183 -9.036699
v -2.360044 -17.424272 -9.036699
v -2.409526 -17.926667 -9.036699
v -2.360044 -18.429062 -9.036699
v -2.213501 -18.912150 -9.036699
v -1.975527 -19.357367 -9.036699
v -1.655269 -19.747603 -9.036699
v -1.265033 -20.067861 -9.036699
v -0.819817 -20.305834 -9.036699
v -0.336728 -20.452377 -9.036699
v 0.165667 -20.501859 -9.036699
v 0.668062 -20.452377 -9.036699
v 1.151150 -20.305834 -9.036699
v 1.596367 -20.067861 -9.036699
v 1.986603 -19.747603 -9.036699
v 2.306861 -19.357367 -9.036699
v 2.544834 -18.912150 -9.036699
v 2.691377 -18.429062 -9.036699
v 0.165667 -17.926667 -9.290333
v -43.442333 24.569333 16.749667
v -40.867141 24.569333 16.496032
v -40.916623 25.071728 16.496032
v -41.063166 25.554817 16.496032
v -41.301139 26.000033 16.496032
v -41.621397 26.390269 16.496032
v -42.011633 26.710527 16.496032
v -42.456850 26.948501 16.496032
v -42.939938 27.095044 16.496032
v -43.442333 27.144526 16.496032
v -43.944728 27.095044 16.496032
v -44.427817 26.948501 16.496032
v -44.873033 26.710527 16.496032
v -45.263269 26.390269 16.496032
v -45.583527 26.000033 16.496032
v -45.821501 25.554817 16.496032
v -45.968044 25.071728 16.496032
v -46.017526 24.569333 16.496032
v -45.968044 24.066938 16.496032
v -45.821501 23.583850 16.496032
v -45.583527 23.138633 16.496032
v -45.263269 22.748397 16.496032
v -44.873033 22.428139 16.496032
v -44.427817 22.190166 16.496032
v -43.944728 22.043623 16.496032
v -43.442333 21.994141 16.496032
v -42.939938 22.043623 16.496032
v -42.456850 22.190166 16.496032
v -42.011633 22.428139 16.496032
v -41.621397 22.748397 16.496032
v -41.301139 23.138633 16.496032
v -41.063166 23.583850 16.496032
v -40.916623 24.066938 16.496032
v -38.390912 24.569333 15.744876
v -38.487974 25.554817 15.744876
v -38.775429 26.502429 15.744876
v -39.242230 27.375753 15.744876
v -39.870439 28.141228 15.744876
v -40.635914 28.769437 15.744876
v -41.509238 29.236238 15.744876
v -42.456850 29.523693 15.744876
v -43.442333 29.620755 15.744876
v -44.427817 29.523693 15.744876
v -45.375429 29.236238 15.744876
v -46.248753 28.769437 15.744876
v -47.014228 28.141228 15.744876
v -47.642437 27.375753 15.744876
v -48.109238 26.502429 15.744876
v -48.396693 25.554817 15.744876
v -48.493755 24.569333 15.744876
v -48.396693 23.583850 15.744876
v -48.109238 22.636238 15.744876
v -47.642437 21.762914 15.744876
v -47.014228 20.997439 15.744876
v -46.248753 20.369230 15.744876
v -45.375429 19.902429 15.744876
v -44.427817 19.614974 15.744876
v -43.442333 19.517912 15.744876
v -42.456850 19.614974 15.744876
v -41.509238 19.902429 15.744876
v -40.635914 20.369230 15.744876
v -39.870439 20.997439 15.744876
v -39.242230 21.762914 15.744876
v -38.775429 22.636238 15.744876
v -38.487974 23.583850 15.744876
v -36.108806 24.569333 14.525066
v -36.249718 26.000033 14.525066
v -36.667038 27.375753 14.525066
v -37.344728 28.643623 14.525066
v -38.256747 29.754920 14.525066
v -39.368044 30.666938 14.525066
v -40.635914 31.344629 14.525066
v -42.011633 31.761949 14.525066
v -43.442333 31.902860 14.525066
v -44.873033 31.761949 14.525066
v -46.248753 31.344629 14.525066
v -47.516623 30.666938 14.525066
v -48.627920 29.754920 14.525066
v -49.539938 28.643623 14.525066
v -50.217629 27.375753 14.525066
v -50.634949 26.000033 14.525066
v -50.775860 24.569333 14.525066
v -50.634949 23.138633 14.525066
v -50.217629 21.762914 14.525066
v -49.539938 20.495044 14.525066
v -48.627920 19.383747 14.525066
v -47.516623 18.471728 14.525066
v -46.248753 17.794038 14.525066
v -44.873033 17.376718 14.525066
v -43.442333 17.235806 14.525066
v -42.011633 17.376718 14.525066
v -40.635914 17.794038 14.525066
v -39.368044 18.471728 14.525066
v -38.256747 19.383747 14.525066
v -37.344728 20.495044 14.525066
v -36.667038 21.762914 14.525066
v -36.249718 23.138633 14.525066
v -34.108524 24.569333 12.883476
v -34.287870 26.390269 12.883476
v -34.819018 28.141228 12.883476
v -35.681554 29.754920 12.883476
v -36.842333 31.169333 12.883476
v -38.256747 32.330112 12.883476
v -39.870439 33.192649 12.883476
v -41.621397 33.723796 12.883476
v -43.442333 33.903143 12.883476
v -45.263269 33.723796 12.883476
v -47.014228 33.192649 12.883476
v -48.627920 32.330112 12.883476
v -50.042333 31.169333 12.883476
v -51.203112 29.754920 12.883476
v -52.065649 28.141228 12.883476
v -52.596796 26.390269 12.883476
v -52.776143 24.569333 12.883476
v -52.596796 22.748397 12.883476
v -52.065649 20.997439 12.883476
v -51.203112 19.383747 12.883476
v -50.042333 17.969333 12.883476
v -48.627920 16.808554 12.883476
v -47.014228 15.946018 12.883476
v -45.263269 15.414870 12.883476
v -43.442333 15.235524 12.883476
v -41.621397 15.414870 12.883476
v -39.870439 15.946018 12.883476
v -38.256747 16.808554 12.883476
v -36.842333 17.969333 12.883476
v -35.681554 19.383747 12.883476
v -34.819018 20.997439 12.883476
v -34.287870 22.748397 12.883476
v -32.466934 24.569333 10.883194
v -32.677824 26.710527 10.883194
v -33.302387 28.769437 10.883194
v -34.316623 30.666938 10.883194
v -35.681554 32.330112 10.883194
v -37.344728 33.695044 10.883194
v -39.242230 34.709280 10.883194
v -41.301139 35.333843 10.883194
v -43.442333 35.544732 10.883194
v -45.583527 35.333843 10.883194
v -47.642437 34.709280 10.883194
v -49.539938 33.695044 10.883194
v -51.203112 32.330112 10.883194
v -52.568044 30.666938 10.883194
v -53.582280 28.769437 10.883194
v -54.206843 26.710527 10.883194
v -54.417732 24.569333 10.883194
v -54.206843 22.428139 10.883194
v -53.582280 20.369230 10.883194
v -52.568044 18.471728 10.883194
v -51.203112 16.808554 10.883194
v -49.539938 15.443623 10.883194
v -47.642437 14.429387 10.883194
v -45.583527 13.804824 10.883194
v -43.442333 13.593934 10.883194
v -41.301139 13.804824 10.883194
v -39.242230 14.429387 10.883194
v -37.344728 15.443623 10.883194
v -35.681554 16.808554 10.883194
v -34.316623 18.471728 10.883194
v -33.302387 20.369230 10.883194
v -32.677824 22.428139 10.883194
v -31.247124 24.569333 8.601088
v -31.481451 26.948501 8.601088
v -32.175429 29.236238 8.601088
v -33.302387 31.344629 8.601088
v -34.819018 33.192649 8.601088
v -36.667038 34.709280 8.601088
v -38.775429 35.836238 8.601088
v -41.063166 36.530216 8.601088
v -43.442333 36.764543 8.601088
v -45.821501 36.530216 8.601088
v -48.109238 35.836238 8.601088
v -50.217629 34.709280 8.601088
v -52.065649 33.192649 8.601088
v -53.582280 31.344629 8.601088
v -54.709238 29.236238 8.601088
v -55.403216 26.948501 8.601088
v -55.637543 24.569333 8.601088
v -55.403216 22.190166 8.601088
v -54.709238 19.902429 8.601088
v -53.582280 17.794038 8.601088
v -52.065649 15.946018 8.601088
v -50.217629 14.429387 8.601088
v -48.109238 13.302429 8.601088
v -45.821501 12.608451 8.601088
v -43.442333 12.374124 8.601088
v -41.063166 12.608451 8.601088
v -38.775429 13.302429 8.601088
v -36.667038 14.429387 8.601088
v -34.819018 15.946018 8.601088
v -33.302387 17.794038 8.601088
v -32.175429 19.902429 8.601088
v -31.481451 22.190166 8.601088
v -30.495968 24.569333 6.124859
v -30.744728 27.095044 6.124859
v -31.481451 29.523693 6.124859
v -32.677824 31.761949 6.124859
v -34.287870 33.723796 6.124859
v -36.249718 35.333843 6.124859
v -38.487974 36.530216 6.124859
v -40.916623 37.266938 6.124859
v -43.442333 37.515699 6.124859
v -45.968044 37.266938 6.124859
v -48.396693 36.530216 6.124859
v -50.634949 35.333843 6.124859
v -52.596796 33.723796 6.124859
v -54.206843 31.761949 6.124859
v -55.403216 29.523693 6.124859
v -56.139938 27.095044 6.124859
v -56.388699 24.569333 6.124859
v -56.139938 22.043623 6.124859
v -55.403216 19.614974 6.124859
v -54.206843 17.376718 6.124859
v -52.596796 15.414870 6.124859
v -50.634949 13.804824 6.124859
v -48.396693 12.608451 6.124859
v -45.968044 11.871728 6.124859
v -43.442333 11.622968 6.124859
v -40.916623 11.871728 6.124859
v -38.487974 12.608451 6.124859
v -36.249718 13.804824 6.124859
v -34.287870 15.414870 6.124859
v -32.677824 17.376718 6.124859
v -31.481451 19.614974 6.124859
v -30.744728 22.043623 6.124859
v -30.242333 24.569333 3.549667
v -30.495968 27.144526 3.549667
v -31.247124 29.620755 3.549667
v -32.466934 31.902860 3.549667
v -34.108524 33.903143 3.549667
v -36.108806 35.544732 3.549667
v -38.390912 36.764543 3.549667
v -40.867141 37.515699 3.549667
v -43.442333 37.769333 3.549667
v -46.017526 37.515699 3.549667
v -48.493755 36.764543 3.549667
v -50.775860 35.544732 3.549667
v -52.776143 33.903143 3.549667
v -54.417732 31.902860 3.549667
v -55.637543 29.620755 3.549667
v -56.388699 27.144526 3.549667
v -56.642333 24.569333 3.549667
v -56.388699 21.994141 3.549667
v -55.637543 19.517912 3.549667
v -54.417732 17.235806 3.549667
v -52.776143 15.235524 3.549667
v -50.775860 13.593934 3.549667
v -48.493755 12.374124 3.549667
v -46.017526 11.622968 3.549667
v -43.442333 11.369333 3.549667
v -40.867141 11.622968 3.549667
v -38.390912 12.374124 3.549667
v -36.108806 13.593934 3.549667
v -34.108524 15.235524 3.549667
v -32.466934 17.235806 3.549667
v -31.247124 19.517912 3.549667
v -30.495968 21.994141 3.549667
v -30.495968 24.569333 0.974474
v -30.744728 27.095044 0.974474
v -31.481451 29.523693 0.974474
v -32.677824 31.761949 0.974474
v -34.287870 33.723796 0.974474
v -36.249718 35.333843 0.974474
v -38.487974 36.530216 0.974474
v -40.916623 37.266938 0.974474
v -43.442333 37.515699 0.974474
v -45.968044 37.266938 0.974474
v -48.396693 36.530216 0.974474
v -50.634949 35.333843 0.974474
v -52.596796 33.723796 0.974474
v -54.206843 31.761949 0.974474
v -55.403216 29.523693 0.974474
v -56.139938 27.095044 0.974474
v -56.388699 24.569333 0.974474
v -56.139938 22.043623 0.974474
v -55.403216 19.614974 0.974474
v -54.206843 17.376718 0.974474
v -52.596796 15.414870 0.974474
v -50.634949 13.804824 0.974474
v -48.396693 12.608451 0.974474
v -45.968044 11.871728 0.974474
v -43.442333 11.622968 0.974474
v -40.916623 11.871728 0.974474
v -38.487974 12.608451 0.974474
v -36.249718 13.804824 0.974474
v -34.287870 15.414870 0.974474
v -32.677824 17.376718 0.974474
v -31.481451 19.614974 0.974474
v -30.744728 22.043623 0.974474
v -31.247124 24.569333 -1.501755
v -31.481451 26.948501 -1.501755
v -32.175429 29.236238 -1.501755
v -33.302387 31.344629 -1.501755
v -34.819018 33.192649 -1.501755
v -36.667038 34.709280 -1.501755
v -38.775429 35.836238 -1.501755
v -41.063166 36.530216 -1.501755
v -43.442333 36.764543 -1.501755
v -45.821501 36.530216 -1.501755
v -48.109238 35.836238 -1.501755
v -50.217629 34.709280 -1.501755
v -52.065649 33.192649 -1.501755
v -53.582280 31.344629 -1.501755
v -54.709238 29.236238 -1.501755
v -55.403216 26.948501 -1.501755
v -55.637543 24.569333 -1.501755
v -55.403216 22.190166 -1.501755
v -54.709238 19.902429 -1.501755
v -53.582280 17.794038 -1.501755
v -52.065649 15.946018 -1.501755
v -50.217629 14.429387 -1.501755
v -48.109238 13.302429 -1.501755
v -45.821501 12.608451 -1.501755
v -43.442333 12.374124 -1.501755
v -41.063166 12.608451 -1.501755
v -38.775429 13.302429 -1.501755
v -36.667038 14.429387 -1.501755
v -34.819018 15.946018 -1.501755
v -33.302387 17.794038 -1.501755
v -32.175429 19.902429 -1.501755
v -31.481451 22.190166 -1.501755
v -32.466934 24.569333 -3.783860
v -32.677824 26.710527 -3.783860
v -33.302387 28.769437 -3.783860
v -34.316623 30.666938 -3.783860
v -35.681554 32.330112 -3.783860
v -37.344728 33.695044 -3.783860
v -39.242230 34.709280 -3.783860
v -41.301139 35.333843 -3.783860
v -43.442333 35.544732 -3.783860
v -45.583527 35.333843 -3.783860
v -47.642437 34.709280 -3.783860
v -49.539938 33.695044 -3.783860
v -51.203112 32.330112 -3.783860
v -52.568044 30.666938 -3.783860
v -53.582280 28.769437 -3.783860
v -54.206843 26.710527 -3.783860
v -54.417732 24.569333 -3.783860
v -54.206843 22.428139 -3.783860
v -53.582280 20.369230 -3.783860
v -52.568044 18.471728 -3.783860
v -51.203112 16.808554 -3.783860
v -49.539938 15.443623 -3.783860
v -47.642437 14.429387 -3.783860
v -45.583527 13.804824 -3.783860
v -43.442333 13.593934 -3.783860
v -41.301139 13.804824 -3.783860
v -39.242230 14.429387 -3.783860
v -37.344728 15.443623 -3.783860
v -35.681554 16.808554 -3.783860
v -34.316623 18.471728 -3.783860
v -33.302387 20.369230 -3.783860
v -32.677824 22.428139 -3.783860
v -34.108524 24.569333 -5.784143
v -34.287870 26.390269 -5.784143
v -34.819018 28.141228 -5.784143
v -35.681554 29.754920 -5.784143
v -36.842333 31.169333 -5.784143
v -38.256747 32.330112 -5.784143
v -39.870439 33.192649 -5.784143
v -41.621397 33.723796 -5.784143
v -43.442333 33.903143 -5.784143
v -45.263269 33.723796 -5.784143
v -47.014228 33.192649 -5.784143
v -48.627920 32.330112 -5.784143
v -50.042333 31.169333 -5.784143
v -51.203112 29.754920 -5.784143
v -52.065649 28.141228 -5.784143
v -52.596796 26.390269 -5.784143
v -52.776143 24.569333 -5.784143
v -52.596796 22.748397 -5.784143
v -52.065649 20.997439 -5.784143
v -51.203112 19.383747 -5.784143
v -50.042333 17.969333 -5.784143
v -48.627920 16.808554 -5.784143
v -47.014228 15.946018 -5.784143
v -45.263269 15.414870 -5.784143
v -43.442333 15.235524 -5.784143
v -41.621397 15.414870 -5.784143
v -39.870439 15.946018 -5.784143
v -38.256747 16.808554 -5.784143
v -36.842333 17.969333 -5.784143
v -35.681554 19.383747 -5.784143
v -34.819018 20.997439 -5.784143
v -34.287870 22.748397 -5.784143
v -36.108806 24.569333 -7.425732
v -36.249718 26.000033 -7.425732
v -36.667038 27.375753 -7.425732
v -37.344728 28.643623 -7.425732
v -38.256747 29.754920 -7.425732
v -39.368044 30.666938 -7.425732
v -40.635914 31.344629 -7.425732
v -42.011633 31.761949 -7.425732
v -43.442333 31.902860 -7.425732
v -44.873033 31.761949 -7.425732
v -46.248753 31.344629 -7.425732
v -47.516623 30.666938 -7.425732
v -48.627920 29.754920 -7.425732
v -49.539938 28.643623 -7.425732
v -50.217629 27.375753 -7.425732
v -50.634949 26.000033 -7.425732
v -50.775860 24.569333 -7.425732
v -50.634949 23.138633 -7.425732
v -50.217629 21.762914 -7.425732
v -49.539938 20.495044 -7.425732
v -48.627920 19.383747 -7.425732
v -47.516623 18.471728 -7.425732
v -46.248753 17.794038 -7.425732
v -44.873033 17.376718 -7.425732
v -43.442333 17.235806 -7.425732
v -42.011633 17.376718 -7.425732
v -40.635914 17.794038 -7.425732
v -39.368044 18.471728 -7.425732
v -38.256747 19.383747 -7.425732
v -37.344728 20.495044 -7.425732
v -36.667038 21.762914 -7.425732
v -36.249718 23.138633 -7.425732
v -38.390912 24.569333 -8.645543
v -38.487974 25.554817 -8.645543
v -38.775429 26.502429 -8.645543
v -39.242230 27.375753 -8.645543
v -39.870439 28.141228 -8.645543
v -40.635914 28.769437 -8.645543
v -41.509238 29.236238 -8.645543
v -42.456850 29.523693 -8.645543
v -43.442333 29.620755 -8.645543
v -44.427817 29.523693 -8.645543
v -45.375429 29.236238 -8.645543
v -46.248753 28.769437 -8.645543
v -47.014228 28.141228 -8.645543
v -47.642437 27.375753 -8.645543
v -48.109238 26.502429 -8.645543
v -48.396693 25.554817 -8.645543
v -48.493755 24.569333 -8.645543
v -48.396693 23.583850 -8.645543
v -48.109238 22.636238 -8.645543
v -47.642437 21.762914 -8.645543
v -47.014228 20.997439 -8.645543
v -46.248753 20.369230 -8.645543
v -45.375429 19.902429 -8.645543
v -44.427817 19.614974 -8.645543
v -43.442333 19.517912 -8.645543
v -42.456850 19.614974 -8.645543
v -41.509238 19.902429 -8.645543
v -40.635914 20.369230 -8.645543
v -39.870439 20.997439 -8.645543
v -39.242230 21.762914 -8.645543
v -38.775429 22.636238 -8.645543
v -38.487974 23.583850 -8.645543
v -40.867141 24.569333 -9.396699
v -40.916623 25.071728 -9.396699
v -41.063166 25.554817 -9.396699
v -41.301139 26.000033 -9.396699
v -41.621397 26.390269 -9.396699
v -42.011633 26.710527 -9.396699
v -42.456850 26.948501 -9.396699
v -42.939938 27.095044 -9.396699
v -43.442333 27.144526 -9.396699
v -43.944728 27.095044 -9.396699
v -44.427817 26.948501 -9.396699
v -44.873033 26.710527 -9.396699
v -45.263269 26.390269 -9.396699
v -45.583527 26.000033 -9.396699
v -45.821501 25.554817 -9.396699
v -45.968044 25.071728 -9.396699
v -46.017526 24.569333 -9.396699
v -45.968044 24.066938 -9.396699
v -45.821501 23.583850 -9.396699
v -45.583527 23.138633 -9.396699
v -45.263269 22.748397 -9.396699
v -44.873033 22.428139 -9.396699
v -44.427817 22.190166 -9.396699
v -43.944728 22.043623 -9.396699
v -43.442333 21.994141 -9.396699
v -42.939938 22.043623 -9.396699
v -42.456850 22.190166 -9.396699
v -42.011633 22.428139 -9.396699
v -41.621397 22.748397 -9.396699
v -41.301139 23.138633 -9.396699
v -41.063166 23.583850 -9.396699
v -40.916623 24.066938 -9.396699
v -43.442333 24.569333 -9.650333
v 55.565667 6.177333 17.481667
v 58.140859 6.177333 17.228032
v 58.091377 6.679728 17.228032
v 57.944834 7.162817 17.228032
v 57.706861 7.608033 17.228032
v 57.386603 7.998269 17.228032
v 56.996367 8.318527 17.228032
v 56.551150 8.556501 17.228032
v 56.068062 8.703044 17.228032
v 55.565667 8.752526 17.228032
v 55.063272 8.703044 17.228032
v 54.580183 8.556501 17.228032
v 54.134967 8.318527 17.228032
v 53.744731 7.998269 17.228032
v 53.424473 7.608033 17.228032
v 53.186499 7.162817 17.228032
v 53.039956 6.679728 17.228032
v 52.990474 6.177333 17.228032
v 53.039956 5.674938 17.228032
v 53.186499 5.191850 17.228032
v 53.424473 4.746633 17.228032
v 53.744731 4.356397 17.228032
v 54.134967 4.036139 17.228032
v 54.580183 3.798166 17.228032
v 55.063272 3.651623 17.228032
v 55.565667 3.602141 17.228032
v 56.068062 3.651623 17.228032
v 56.551150 3.798166 17.228032
v 56.996367 4.036139 17.228032
v 57.386603 4.356397 17.228032
v 57.706861 4.746633 17.228032
v 57.944834 5.191850 17.228032
v 58.091377 5.674938 17.228032
v 60.617088 6.177333 16.476876
v 60.520026 7.162817 16.476876
v 60.232571 8.110429 16.476876
v 59.765770 8.983753 16.476876
v 59.137561 9.749228 16.476876
v 58.372086 10.377437 16.476876
v 57.498762 10.844238 16.476876
v 56.551150 11.131693 16.476876
v 55.565667 11.228755 16.476876
v 54.580183 11.131693 16.476876
v 53.632571 10.844238 16.476876
v 52.759247 10.377437 16.476876
v 51.993772 9.749228 16.476876
v 51.365563 8.983753 16.476876
v 50.898762 8.110429 16.476876
v 50.611307 7.162817 16.476876
v 50.514245 6.177333 16.476876
v 50.611307 5.191850 16.476876
v 50.898762 4.244238 16.476876
v 51.365563 3.370914 16.476876
v 51.993772 2.605439 16.476876
v 52.759247 1.977230 16.476876
v 53.632571 1.510429 16.476876
v 54.580183 1.222974 16.476876
v 55.565667 1.125912 16.476876
v 56.551150 1.222974 16.476876
v 57.498762 1.510429 16.476876
v 58.372086 1.977230 16.476876
v 59.137561 2.605439 16.476876
v 59.765770 3.370914 16.476876
v 60.232571 4.244238 16.476876
v 60.520026 5.191850 16.476876
v 62.899194 6.177333 15.257066
v 62.758282 7.608033 15.257066
v 62.340962 8.983753 15.257066
v 61.663272 10.251623 15.257066
v 60.751253 11.362920 15.257066
v 59.639956 12.274938 15.257066
v 58.372086 12.952629 15.257066
v 56.996367 13.369949 15.257066
v 55.565667 13.510860 15.257066
v 54.134967 13.369949 15.257066
v 52.759247 12.952629 15.257066
v 51.491377 12.274938 15.257066
v 50.380080 11.362920 15.257066
v 49.468062 10.251623 15.257066
v 48.790371 8.983753 15.257066
v 48.373051 7.608033 15.257066
v 48.232140 6.177333 15.257066
v 48.373051 4.746633 15.257066
v 48.790371 3.370914 15.257066
v 49.468062 2.103044 15.257066
v 50.380080 0.991747 15.257066
v 51.491377 0.079728 15.257066
v 52.759247 -0.597962 15.257066
v 54.134967 -1.015282 15.257066
v 55.565667 -1.156194 15.257066
v 56.996367 -1.015282 15.257066
v 58.372086 -0.597962 15.257066
v 59.639956 0.079728 15.257066
v 60.751253 0.991747 15.257066
v 61.663272 2.103044 15.257066
v 62.340962 3.370914 15.257066
v 62.758282 4.746633 15.257066
v 64.899476 6.177333 13.615476
v 64.720130 7.998269 13.615476
v 64.188982 9.749228 13.615476
v 63.326446 11.362920 13.615476
v 62.165667 12.777333 13.615476
v 60.751253 13.938112 13.615476
v 59.137561 14.800649 13.615476
v 57.386603 15.331796 13.615476
v 55.565667 15.511143 13.615476
v 53.744731 15.331796 13.615476
v 51.993772 14.800649 13.615476
v 50.380080 13.938112 13.615476
v 48.965667 12.777333 13.615476
v 47.804888 11.362920 13.615476
v 46.942351 9.749228 13.615476
v 46.411204 7.998269 13.615476
v 46.231857 6.177333 13.615476
v 46.411204 4.356397 13.615476
v 46.942351 2.605439 13.615476
v 47.804888 0.991747 13.615476
v 48.965667 -0.422667 13.615476
v 50.380080 -1.583446 13.615476
v 51.993772 -2.445982 13.615476
v 53.744731 -2.977130 13.615476
v 55.565667 -3.156476 13.615476
v 57.386603 -2.977130 13.615476
v 59.137561 -2.445982 13.615476
v 60.751253 -1.583446 13.615476
v 62.165667 -0.422667 13.615476
v 63.326446 0.991747 13.615476
v 64.188982 2.605439 13.615476
v 64.720130 4.356397 13.615476
v 66.541066 6.177333 11.615194
v 66.330176 8.318527 11.615194
v 65.705613 10.377437 11.615194
v 64.691377 12.274938 11.615194
v 63.326446 13.938112 11.615194
v 61.663272 15.303044 11.615194
v 59.765770 16.317280 11.615194
v 57.706861 16.941843 11.615194
v 55.565667 17.152732 11.615194
v 53.424473 16.941843 11.615194
v 51.365563 16.317280 11.615194
v 49.468062 15.303044 11.615194
v 47.804888 13.938112 11.615194
v 46.439956 12.274938 11.615194
v 45.425720 10.377437 11.615194
v 44.801157 8.318527 11.615194
v 44.590268 6.177333 11.615194
v 44.801157 4.036139 11.615194
v 45.425720 1.977230 11.615194
v 46.439956 0.079728 11.615194
v 47.804888 -1.583446 11.615194
v 49.468062 -2.948377 11.615194
v 51.365563 -3.962613 11.615194
v 53.424473 -4.587176 11.615194
v 55.565667 -4.798066 11.615194
v 57.706861 -4.587176 11.615194
v 59.765770 -3.962613 11.615194
v 61.663272 -2.948377 11.615194
v 63.326446 -1.583446 11.615194
v 64.691377 0.079728 11.615194
v 65.705613 1.977230 11.615194
v 66.330176 4.036139 11.615194
v 67.760876 6.177333 9.333088
v 67.526549 8.556501 9.333088
v 66.832571 10.844238 9.333088
v 65.705613 12.952629 9.333088
v 64.188982 14.800649 9.333088
v 62.340962 16.317280 9.333088
v 60.232571 17.444238 9.333088
v 57.944834 18.138216 9.333088
v 55.565667 18.372543 9.333088
v 53.186499 18.138216 9.333088
v 50.898762 17.444238 9.333088
v 48.790371 16.317280 9.333088
v 46.942351 14.800649 9.333088
v 45.425720 12.952629 9.333088
v 44.298762 10.844238 9.333088
v 43.604784 8.556501 9.333088
v 43.370457 6.177333 9.333088
v 43.604784 3.798166 9.333088
v 44.298762 1.510429 9.333088
v 45.425720 -0.597962 9.333088
v 46.942351 -2.445982 9.333088
v 48.790371 -3.962613 9.333088
v 50.898762 -5.089571 9.333088
v 53.186499 -5.783549 9.333088
v 55.565667 -6.017876 9.333088
v 57.944834 -5.783549 9.333088
v 60.232571 -5.089571 9.333088
v 62.340962 -3.962613 9.333088
v 64.188982 -2.445982 9.333088
v 65.705613 -0.597962 9.333088
v 66.832571 1.510429 9.333088
v 67.526549 3.798166 9.333088
v 68.512032 6.177333 6.856859
v 68.263272 8.703044 6.856859
v 67.526549 11.131693 6.856859
v 66.330176 13.369949 6.856859
v 64.720130 15.331796 6.856859
v 62.758282 16.941843 6.856859
v 60.520026 18.138216 6.856859
v 58.091377 18.874938 6.856859
v 55.565667 19.123699 6.856859
v 53.039956 18.874938 6.856859
v 50.611307 18.138216 6.856859
v 48.373051 16.941843 6.856859
v 46.411204 15.331796 6.856859
v 44.801157 13.369949 6.856859
v 43.604784 11.131693 6.856859
v 42.868062 8.703044 6.856859
v 42.619301 6.177333 6.856859
v 42.868062 3.651623 6.856859
v 43.604784 1.222974 6.856859
v 44.801157 -1.015282 6.856859
v 46.411204 -2.977130 6.856859
v 48.373051 -4.587176 6.856859
v 50.611307 -5.783549 6.856859
v 53.039956 -6.520272 6.856859
v 55.565667 -6.769032 6.856859
v 58.091377 -6.520272 6.856859
v 60.520026 -5.783549 6.856859
v 62.758282 -4.587176 6.856859
v 64.720130 -2.977130 6.856859
v 66.330176 -1.015282 6.856859
v 67.526549 1.222974 6.856859
v 68.263272 3.651623 6.856859
v 68.765667 6.177333 4.281667
v 68.512032 8.752526 4.281667
v 67.760876 11.228755 4.281667
v 66.541066 13.510860 4.281667
v 64.899476 15.511143 4.281667
v 62.899194 17.152732 4.281667
v 60.617088 18.372543 4.281667
v 58.140859 19.123699 4.281667
v 55.565667 19.377333 4.281667
v 52.990474 19.123699 4.281667
v 50.514245 18.372543 4.281667
v 48.232140 17.152732 4.281667
v 46.231857 15.511143 4.281667
v 44.590268 13.510860 4.281667
v 43.370457 11.228755 4.281667
v 42.619301 8.752526 4.281667
v 42.365667 6.177333 4.281667
v 42.619301 3.602141 4.281667
v 43.370457 1.125912 4.281667
v 44.590268 -1.156194 4.281667
v 46.231857 -3.156476 4.281667
v 48.232140 -4.798066 4.281667
v 50.514245 -6.017876 4.281667
v 52.990474 -6.769032 4.281667
v 55.565667 -7.022667 4.281667
v 58.140859 -6.769032 4.281667
v 60.617088 -6.017876 4.281667
v 62.899194 -4.798066 4.281667
v 64.899476 -3.156476 4.281667
v 66.541066 -1.156194 4.281667
v 67.760876 1.125912 4.281667
v 68.512032 3.602141 4.281667
v 68.512032 6.177333 1.706474
v 68.263272 8.703044 1.706474
v 67.526549 11.131693 1.706474
v 66.330176 13.369949 1.706474
v 64.720130 15.331796 1.706474
v 62.758282 16.941843 1.706474
v 60.520026 18.138216 1.706474
v 58.091377 18.874938 1.706474
v 55.565667 19.123699 1.706474
v 53.039956 18.874938 1.706474
v 50.611307 18.138216 1.706474
v 48.373051 16.941843 1.706474
v 46.411204 15.331796 1.706474
v 44.801157 13.369949 1.706474
v 43.604784 11.131693 1.706474
v 42.868062 8.703044 1.706474
v 42.619301 6.177333 1.706474
v 42.868062 3.651623 1.706474
v 43.604784 1.222974 1.706474
v 44.801157 -1.015282 1.706474
v 46.411204 -2.977130 1.706474
v 48.373051 -4.587176 1.706474
v 50.611307 -5.783549 1.706474
v 53.039956 -6.520272 1.706474
v 55.565667 -6.769032 1.706474
v 58.091377 -6.520272 1.706474
v 60.520026 -5.783549 1.706474
v 62.758282 -4.587176 1.706474
v 64.720130 -2.977130 1.706474
v 66.330176 -1.015282 1.706474
v 67.526549 1.222974 1.706474
v 68.263272 3.651623 1.706474
v 67.760876 6.177333 -0.769755
v 67.526549 8.556501 -0.769755
v 66.832571 10.844238 -0.769755
v 65.705613 12.952629 -0.769755
v 64.188982 14.800649 -0.769755
v 62.340962 16.317280 -0.769755
v 60.232571 17.444238 -0.769755
v 57.944834 18.138216 -0.769755
v 55.565667 18.372543 -0.769755
v 53.186499 18.138216 -0.769755
v 50.898762 17.444238 -0.769755
v 48.790371 16.317280 -0.769755
v 46.942351 14.800649 -0.769755
v 45.425720 12.952629 -0.769755
v 44.298762 10.844238 -0.769755
v 43.604784 8.556501 -0.769755
v 43.370457 6.177333 -0.769755
v 43.604784 3.798166 -0.769755
v 44.298762 1.510429 -0.769755
v 45.425720 -0.597962 -0.769755
v 46.942351 -2.445982 -0.769755
v 48.790371 -3.962613 -0.769755
v 50.898762 -5.089571 -0.769755
v 53.186499 -5.783549 -0.769755
v 55.565667 -6.017876 -0.769755
v 57.944834 -5.783549 -0.769755
v 60.232571 -5.089571 -0.769755
v 62.340962 -3.962613 -0.769755
v 64.188982 -2.445982 -0.769755
v 65.705613 -0.597962 -0.769755
v 66.832571 1.510429 -0.769755
v 67.526549 3.798166 -0.769755
v 66.541066 6.177333 -3.051860
v 66.330176 8.318527 -3.051860
v 65.705613 10.377437 -3.051860
v 64.691377 12.274938 -3.051860
v 63.326446 13.938112 -3.051860
v 61.663272 15.303044 -3.051860
v 59.765770 16.317280 -3.051860
v 57.706861 16.941843 -3.051860
v 55.565667 17.152732 -3.051860
v 53.424473 16.941843 -3.051860
v 51.365563 16.317280 -3.051860
v 49.468062 15.303044 -3.051860
v 47.804888 13.938112 -3.051860
v 46.439956 12.274938 -3.051860
v 45.425720 10.377437 -3.051860
v 44.801157 8.318527 -3.051860
v 44.590268 6.177333 -3.051860
v 44.801157 4.036139 -3.051860
v 45.425720 1.977230 -3.051860
v 46.439956 0.079728 -3.051860
v 47.804888 -1.583446 -3.051860
v 49.468062 -2.948377 -3.051860
v 51.365563 -3.962613 -3.051860
v 53.424473 -4.587176 -3.051860
v 55.565667 -4.798066 -3.051860
v 57.706861 -4.587176 -3.051860
v 59.765770 -3.962613 -3.051860
v 61.663272 -2.948377 -3.051860
v 63.326446 -1.583446 -3.051860
v 64.691377 0.079728 -3.051860
v 65.705613 1.977230 -3.051860
v 66.330176 4.036139 -3.051860
v 64.899476 6.177333 -5.052143
v 64.720130 7.998269 -5.052143
v 64.188982 9.749228 -5.052143
v 63.326446 11.362920 -5.052143
v 62.165667 12.777333 -5.052143
v 60.751253 13.938112 -5.052143
v 59.137561 14.800649 -5.052143
v 57.386603 15.331796 -5.052143
v 55.565667 15.511143 -5.052143
v 53.744731 15.331796 -5.052143
v 51.993772 14.800649 -5.052143
v 50.380080 13.938112 -5.052143
v 48.965667 12.777333 -5.052143
v 47.804888 11.362920 -5.052143
v 46.942351 9.749228 -5.052143
v 46.411204 7.998269 -5.052143
v 46.231857 6.177333 -5.052143
v 46.411204 4.356397 -5.052143
v 46.942351 2.605439 -5.052143
v 47.804888 0.991747 -5.052143
v 48.965667 -0.422667 -5.052143
v 50.380080 -1.583446 -5.052143
v 51.993772 -2.445982 -5.052143
v 53.744731 -2.977130 -5.052143
v 55.565667 -3.156476 -5.052143
v 57.386603 -2.977130 -5.052143
v 59.137561 -2.445982 -5.052143
v 60.751253 -1.583446 -5.052143
v 62.165667 -0.422667 -5.052143
v 63.326446 0.991747 -5.052143
v 64.188982 2.605439 -5.052143
v 64.720130 4.356397 -5.052143
v 62.899194 6.177333 -6.693732
v 62.758282 7.608033 -6.693732
v 62.340962 8.983753 -6.693732
v 61.663272 10.251623 -6.693732
v 60.751253 11.362920 -6.693732
v 59.639956 12.274938 -6.693732
v 58.372086 12.952629 -6.693732
v 56.996367 13.369949 -6.693732
v 55.565667 13.510860 -6.693732
v 54.134967 13.369949 -6.693732
v 52.759247 12.952629 -6.693732
v 51.491377 12.274938 -6.693732
v 50.380080 11.362920 -6.693732
v 49.468062 10.251623 -6.693732
v 48.790371 8.983753 -6.693732
v 48.373051 7.608033 -6.693732
v 48.232140 6.177333 -6.693732
v 48.373051 4.746633 -6.693732
v 48.790371 3.370914 -6.693732
v 49.468062 2.103044 -6.693732
v 50.380080 0.991747 -6.693732
v 51.491377 0.079728 -6.693732
v 52.759247 -0.597962 -6.693732
v 54.134967 -1.015282 -6.693732
v 55.565667 -1.156194 -6.693732
v 56.996367 -1.015282 -6.693732
v 58.372086 -0.597962 -6.693732
v 59.639956 0.079728 -6.693732
v 60.751253 0.991747 -6.693732
v 61.663272 2.103044 -6.693732
v 62.340962 3.370914 -6.693732
v 62.758282 4.746633 -6.693732
v 60.617088 6.177333 -7.913543
v 60.520026 7.162817 -7.913543
v 60.232571 8.110429 -7.913543
v 59.765770 8.983753 -7.913543
v 59.137561 9.749228 -7.913543
v 58.372086 10.377437 -7.913543
v 57.498762 10.844238 -7.913543
v 56.551150 11.131693 -7.913543
v 55.565667 11.228755 -7.913543
v 54.580183 11.131693 -7.913543
v 53.632571 10.844238 -7.913543
v 52.759247 10.377437 -7.913543
v 51.993772 9.749228 -7.913543
v 51.365563 8.983753 -7.913543
v 50.898762 8.110429 -7.913543
v 50.611307 7.162817 -7.913543
v 50.514245 6.177333 -7.913543
v 50.611307 5.191850 -7.913543
v 50.898762 4.244238 -7.913543
v 51.365563 3.370914 -7.913543
v 51.993772 2.605439 -7.913543
v 52.759247 1.977230 -7.913543
v 53.632571 1.510429 -7.913543
v 54.580183 1.222974 -7.913543
v 55.565667 1.125912 -7.913543
v 56.551150 1.222974 -7.913543
v 57.498762 1.510429 -7.913543
v 58.372086 1.977230 -7.913543
v 59.137561 2.605439 -7.913543
v 59.765770 3.370914 -7.913543
v 60.232571 4.244238 -7.913543
v 60.520026 5.191850 -7.913543
v 58.140859 6.177333 -8.664699
v 58.091377 6.679728 -8.664699
v 57.944834 7.162817 -8.664699
v 57.706861 7.608033 -8.664699
v 57.386603 7.998269 -8.664699
v 56.996367 8.318527 -8.664699
v 56.551150 8.556501 -8.664699
v 56.068062 8.703044 -8.664699
v 55.565667 8.752526 -8.664699
v 55.063272 8.703044 -8.664699
v 54.580183 8.556501 -8.664699
v 54.134967 8.318527 -8.664699
v 53.744731 7.998269 -8.664699
v 53.424473 7.608033 -8.664699
v 53.186499 7.162817 -8.664699
v 53.039956 6.679728 -8.664699
v 52.990474 6.177333 -8.664699
v 53.039956 5.674938 -8.664699
v 53.186499 5.191850 -8.664699
v 53.424473 4.746633 -8.664699
v 53.744731 4.356397 -8.664699
v 54.134967 4.036139 -8.664699
v 54.580183 3.798166 -8.664699
v 55.063272 3.651623 -8.664699
v 55.565667 3.602141 -8.664699
v 56.068062 3.651623 -8.664699
v 56.551150 3.798166 -8.664699
v 56.996367 4.036139 -8.664699
v 57.386603 4.356397 -8.664699
v 57.706861 4.746633 -8.664699
v 57.944834 5.191850 -8.664699
v 58.091377 5.674938 -8.664699
v 55.565667 6.177333 -8.918333
v -3.514333 -43.078667 46.041667
v -2.265755 -43.078667 45.918692
v -2.289746 -42.835081 45.918692
v -2.360798 -42.600857 45.918692
v -2.476179 -42.384994 45.918692
v -2.631455 -42.195789 45.918692
v -2.820661 -42.040512 45.918692
v -3.036523 -41.925131 45.918692
v -3.270748 -41.854080 45.918692
v -3.514333 -41.830089 45.918692
v -3.757919 -41.854080 45.918692
v -3.992143 -41.925131 45.918692
v -4.208006 -42.040512 45.918692
v -4.397211 -42.195789 45.918692
v -4.552488 -42.384994 45.918692
v -4.667869 -42.600857 45.918692
v -4.738920 -42.835081 45.918692
v -4.762911 -43.078667 45.918692
v -4.738920 -43.322252 45.918692
v -4.667869 -43.556477 45.918692
v -4.552488 -43.772339 45.918692
v -4.397211 -43.961545 45.918692
v -4.208006 -44.116821 45.918692
v -3.992143 -44.232202 45.918692
v -3.757919 -44.303254 45.918692
v -3.514333 -44.327245 45.918692
v -3.270748 -44.303254 45.918692
v -3.036523 -44.232202 45.918692
v -2.820661 -44.116821 45.918692
v -2.631455 -43.961545 45.918692
v -2.476179 -43.772339 45.918692
v -2.360798 -43.556477 45.918692
v -2.289746 -43.322252 45.918692
v -1.065159 -43.078667 45.554496
v -1.112220 -42.600857 45.554496
v -1.251592 -42.141408 45.554496
v -1.477920 -41.717979 45.554496
v -1.782506 -41.346839 45.554496
v -2.153645 -41.042253 45.554496
v -2.577075 -40.815925 45.554496
v -3.036523 -40.676553 45.554496
v -3.514333 -40.629493 45.554496
v -3.992143 -40.676553 45.554496
v -4.451592 -40.815925 45.554496
v -4.875021 -41.042253 45.554496
v -5.246161 -41.346839 45.554496
v -5.550747 -41.717979 45.554496
v -5.777075 -42.141408 45.554496
v -5.916447 -42.600857 45.554496
v -5.963507 -43.078667 45.554496
v -5.916447 -43.556477 45.554496
v -5.777075 -44.015925 45.554496
v -5.550747 -44.439355 45.554496
v -5.246161 -44.810494 45.554496
v -4.875021 -45.115080 45.554496
v -4.451592 -45.341408 45.554496
v -3.992143 -45.480780 45.554496
v -3.514333 -45.527841 45.554496
v -3.036523 -45.480780 45.554496
v -2.577075 -45.341408 45.554496
v -2.153645 -45.115080 45.554496
v -1.782506 -44.810494 45.554496
v -1.477920 -44.439355 45.554496
v -1.251592 -44.015925 45.554496
v -1.112220 -43.556477 45.554496
v 0.041316 -43.078667 44.963072
v -0.027005 -42.384994 44.963072
v -0.229342 -41.717979 44.963072
v -0.557919 -41.103254 44.963072
v -1.000109 -40.564443 44.963072
v -1.538920 -40.122252 44.963072
v -2.153645 -39.793675 44.963072
v -2.820661 -39.591338 44.963072
v -3.514333 -39.523017 44.963072
v -4.208006 -39.591338 44.963072
v -4.875021 -39.793675 44.963072
v -5.489746 -40.122252 44.963072
v -6.028557 -40.564443 44.963072
v -6.470748 -41.103254 44.963072
v -6.799325 -41.717979 44.963072
v -7.001662 -42.384994 44.963072
v -7.069983 -43.078667 44.963072
v -7.001662 -43.772339 44.963072
v -6.799325 -44.439355 44.963072
v -6.470748 -45.054080 44.963072
v -6.028557 -45.592891 44.963072
v -5.489746 -46.035081 44.963072
v -4.875021 -46.363658 44.963072
v -4.208006 -46.565995 44.963072
v -3.514333 -46.634316 44.963072
v -2.820661 -46.565995 44.963072
v -2.153645 -46.363658 44.963072
v -1.538920 -46.035081 44.963072
v -1.000109 -45.592891 44.963072
v -0.557919 -45.054080 44.963072
v -0.229342 -44.439355 44.963072
v -0.027005 -43.772339 44.963072
v 1.011150 -43.078667 44.167150
v 0.924194 -42.195789 44.167150
v 0.666668 -41.346839 44.167150
v 0.248469 -40.564443 44.167150
v -0.314333 -39.878667 44.167150
v -1.000109 -39.315865 44.167150
v -1.782506 -38.897665 44.167150
v -2.631455 -38.640139 44.167150
v -3.514333 -38.553183 44.167150
v -4.397211 -38.640139 44.167150
v -5.246161 -38.897665 44.167150
v -6.028557 -39.315865 44.167150
v -6.714333 -39.878667 44.167150
v -7.277135 -40.564443 44.167150
v -7.695335 -41.346839 44.167150
v -7.952861 -42.195789 44.167150
v -8.039817 -43.078667 44.167150
v -7.952861 -43.961545 44.167150
v -7.695335 -44.810494 44.167150
v -7.277135 -45.592891 44.167150
v -6.714333 -46.278667 44.167150
v -6.028557 -46.841469 44.167150
v -5.246161 -47.259668 44.167150
v -4.397211 -47.517194 44.167150
v -3.514333 -47.604150 44.167150
v -2.631455 -47.517194 44.167150
v -1.782506 -47.259668 44.167150
v -1.000109 -46.841469 44.167150
v -0.314333 -46.278667 44.167150
v 0.248469 -45.592891 44.167150
v 0.666668 -44.810494 44.167150
v 0.924194 -43.961545 44.167150
v 1.807072 -43.078667 43.197316
v 1.704823 -42.040512 43.197316
v 1.402004 -41.042253 43.197316
v 0.910254 -40.122252 43.197316
v 0.248469 -39.315865 43.197316
v -0.557919 -38.654080 43.197316
v -1.477920 -38.162329 43.197316
v -2.476179 -37.859510 43.197316
v -3.514333 -37.757261 43.197316
v -4.552488 -37.859510 43.197316
v -5.550747 -38.162329 43.197316
v -6.470748 -38.654080 43.197316
v -7.277135 -39.315865 43.197316
v -7.938920 -40.122252 43.197316
v -8.430671 -41.042253 43.197316
v -8.733490 -42.040512 43.197316
v -8.835739 -43.078667 43.197316
v -8.733490 -44.116821 43.197316
v -8.430671 -45.115080 43.197316
v -7.938920 -46.035081 43.197316
v -7.277135 -46.841469 43.197316
v -6.470748 -47.503254 43.197316
v -5.550747 -47.995004 43.197316
v -4.552488 -48.297823 43.197316
v -3.514333 -48.400072 43.197316
v -2.476179 -48.297823 43.197316
v -1.477920 -47.995004 43.197316
v -0.557919 -47.503254 43.197316
v 0.248469 -46.841469 43.197316
v 0.910254 -46.035081 43.197316
v 1.402004 -45.115080 43.197316
v 1.704823 -44.116821 43.197316
v 2.398496 -43.078667 42.090841
v 2.284882 -41.925131 42.090841
v 1.948408 -40.815925 42.090841
v 1.402004 -39.793675 42.090841
v 0.666668 -38.897665 42.090841
v -0.229342 -38.162329 42.090841
v -1.251592 -37.615925 42.090841
v -2.360798 -37.279451 42.090841
v -3.514333 -37.165838 42.090841
v -4.667869 -37.279451 42.090841
v -5.777075 -37.615925 42.090841
v -6.799325 -38.162329 42.090841
v -7.695335 -38.897665 42.090841
v -8.430671 -39.793675 42.090841
v -8.977075 -40.815925 42.090841
v -9.313549 -41.925131 42.090841
v -9.427162 -43.078667 42.090841
v -9.313549 -44.232202 42.090841
v -8.977075 -45.341408 42.090841
v -8.430671 -46.363658 42.090841
v -7.695335 -47.259668 42.090841
v -6.799325 -47.995004 42.090841
v -5.777075 -48.541408 42.090841
v -4.667869 -48.877882 42.090841
v -3.514333 -48.991496 42.090841
v -2.360798 -48.877882 42.090841
v -1.251592 -48.541408 42.090841
v -0.229342 -47.995004 42.090841
v 0.666668 -47.259668 42.090841
v 1.402004 -46.363658 42.090841
v 1.948408 -45.341408 42.090841
v 2.284882 -44.232202 42.090841
v 2.762692 -43.078667 40.890245
v 2.642081 -41.854080 40.890245
v 2.284882 -40.676553 40.890245
v 1.704823 -39.591338 40.890245
v 0.924194 -38.640139 40.890245
v -0.027005 -37.859510 40.890245
v -1.112220 -37.279451 40.890245
v -2.289746 -36.922252 40.890245
v -3.514333 -36.801641 40.890245
v -4.738920 -36.922252 40.890245
v -5.916447 -37.279451 40.890245
v -7.001662 -37.859510 40.890245
v -7.952861 -38.640139 40.890245
v -8.733490 -39.591338 40.890245
v -9.313549 -40.676553 40.890245
v -9.670748 -41.854080 40.890245
v -9.791359 -43.078667 40.890245
v -9.670748 -44.303254 40.890245
v -9.313549 -45.480780 40.890245
v -8.733490 -46.565995 40.890245
v -7.952861 -47.517194 40.890245
v -7.001662 -48.297823 40.890245
v -5.916447 -48.877882 40.890245
v -4.738920 -49.235081 40.890245
v -3.514333 -49.355692 40.890245
v -2.289746 -49.235081 40.890245
v -1.112220 -48.877882 40.890245
v -0.027005 -48.297823 40.890245
v 0.924194 -47.517194 40.890245
v 1.704823 -46.565995 40.890245
v 2.284882 -45.480780 40.890245
v 2.642081 -44.303254 40.890245
v 2.885667 -43.078667 39.641667
v 2.762692 -41.830089 39.641667
v 2.398496 -40.629493 39.641667
v 1.807072 -39.523017 39.641667
v 1.011150 -38.553183 39.641667
v 0.041316 -37.757261 39.641667
v -1.065159 -37.165838 39.641667
v -2.265755 -36.801641 39.641667
v -3.514333 -36.678667 39.641667
v -4.762911 -36.801641 39.641667
v -5.963507 -37.165838 39.641667
v -7.069983 -37.757261 39.641667
v -8.039817 -38.553183 39.641667
v -8.835739 -39.523017 39.641667
v -9.427162 -40.629493 39.641667
v -9.791359 -41.830089 39.641667
v -9.914333 -43.078667 39.641667
v -9.791359 -44.327245 39.641667
v -9.427162 -45.527841 39.641667
v -8.835739 -46.634316 39.641667
v -8.039817 -47.604150 39.641667
v -7.069983 -48.400072 39.641667
v -5.963507 -48.991496 39.641667
v -4.762911 -49.355692 39.641667
v -3.514333 -49.478667 39.641667
v -2.265755 -49.355692 39.641667
v -1.065159 -48.991496 39.641667
v 0.041316 -48.400072 39.641667
v 1.011150 -47.604150 39.641667
v 1.807072 -46.634316 39.641667
v 2.398496 -45.527841 39.641667
v 2.762692 -44.327245 39.641667
v 2.762692 -43.078667 38.393089
v 2.642081 -41.854080 38.393089
v 2.284882 -40.676553 38.393089
v 1.704823 -39.591338 38.393089
v 0.924194 -38.640139 38.393089
v -0.027005 -37.859510 38.393089
v -1.112220 -37.279451 38.393089
v -2.289746 -36.922252 38.393089
v -3.514333 -36.801641 38.393089
v -4.738920 -36.922252 38.393089
v -5.916447 -37.279451 38.393089
v -7.001662 -37.859510 38.393089
v -7.952861 -38.640139 38.393089
v -8.733490 -39.591338 38.393089
v -9.313549 -40.676553 38.393089
v -9.670748 -41.854080 38.393089
v -9.791359 -43.078667 38.393089
v -9.670748 -44.303254 38.393089
v -9.313549 -45.480780 38.393089
v -8.733490 -46.565995 38.393089
v -7.952861 -47.517194 38.393089
v -7.001662 -48.297823 38.393089
v -5.916447 -48.877882 38.393089
v -4.738920 -49.235081 38.393089
v -3.514333 -49.355692 38.393089
v -2.289746 -49.235081 38.393089
v -1.112220 -48.877882 38.393089
v -0.027005 -48.297823 38.393089
v 0.924194 -47.517194 38.393089
v 1.704823 -46.565995 38.393089
v 2.284882 -45.480780 38.393089
v 2.642081 -44.303254 38.393089
v 2.398496 -43.078667 37.192493
v 2.284882 -41.925131 37.192493
v 1.948408 -40.815925 37.192493
v 1.402004 -39.793675 37.192493
v 0.666668 -38.897665 37.192493
v -0.229342 -38.162329 37.192493
v -1.251592 -37.615925 37.192493
v -2.360798 -37.279451 37.192493
v -3.514333 -37.165838 37.192493
v -4.667869 -37.279451 37.192493
v -5.777075 -37.615925 37.192493
v -6.799325 -38.162329 37.192493
v -7.695335 -38.897665 37.192493
v -8.430671 -39.793675 37.192493
v -8.977075 -40.815925 37.192493
v -9.313549 -41.925131 37.192493
v -9.427162 -43.078667 37.192493
v -9.313549 -44.232202 37.192493
v -8.977075 -45.341408 37.192493
v -8.430671 -46.363658 37.192493
v -7.695335 -47.259668 37.192493
v -6.799325 -47.995004 37.192493
v -5.777075 -48.541408 37.192493
v -4.667869 -48.877882 37.192493
v -3.514333 -48.991496 37.192493
v -2.360798 -48.877882 37.192493
v -1.251592 -48.541408 37.192493
v -0.229342 -47.995004 37.192493
v 0.666668 -47.259668 37.192493
v 1.402004 -46.363658 37.192493
v 1.948408 -45.341408 37.192493
v 2.284882 -44.232202 37.192493
v 1.807072 -43.078667 36.086017
v 1.704823 -42.040512 36.086017
v 1.402004 -41.042253 36.086017
v 0.910254 -40.122252 36.086017
v 0.248469 -39.315865 36.086017
v -0.557919 -38.654080 36.086017
v -1.477920 -38.162329 36.086017
v -2.476179 -37.859510 36.086017
v -3.514333 -37.757261 36.086017
v -4.552488 -37.859510 36.086017
v -5.550747 -38.162329 36.086017
v -6.470748 -38.654080 36.086017
v -7.277135 -39.315865 36.086017
v -7.938920 -40.122252 36.086017
v -8.430671 -41.042253 36.086017
v -8.733490 -42.040512 36.086017
v -8.835739 -43.078667 36.086017
v -8.733490 -44.116821 36.086017
v -8.430671 -45.115080 36.086017
v -7.938920 -46.035081 36.086017
v -7.277135 -46.841469 36.086017
v -6.470748 -47.503254 36.086017
v -5.550747 -47.995004 36.086017
v -4.552488 -48.297823 36.086017
v -3.514333 -48.400072 36.086017
v -2.476179 -48.297823 36.086017
v -1.477920 -47.995004 36.086017
v -0.557919 -47.503254 36.086017
v 0.248469 -46.841469 36.086017
v 0.910254 -46.035081 36.086017
v 1.402004 -45.115080 36.086017
v 1.704823 -44.116821 36.086017
v 1.011150 -43.078667 35.116183
v 0.924194 -42.195789 35.116183
v 0.666668 -41.346839 35.116183
v 0.248469 -40.564443 35.116183
v -0.314333 -39.878667 35.116183
v -1.000109 -39.315865 35.116183
v -1.782506 -38.897665 35.116183
v -2.631455 -38.640139 35.116183
v -3.514333 -38.553183 35.116183
v -4.397211 -38.640139 35.116183
v -5.246161 -38.897665 35.116183
v -6.028557 -39.315865 35.116183
v -6.714333 -39.878667 35.116183
v -7.277135 -40.564443 35.116183
v -7.695335 -41.346839 35.116183
v -7.952861 -42.195789 35.116183
v -8.039817 -43.078667 35.116183
v -7.952861 -43.961545 35.116183
v -7.695335 -44.810494 35.116183
v -7.277135 -45.592891 35.116183
v -6.714333 -46.278667 35.116183
v -6.028557 -46.841469 35.116183
v -5.246161 -47.259668 35.116183
v -4.397211 -47.517194 35.116183
v -3.514333 -47.604150 35.116183
v -2.631455 -47.517194 35.116183
v -1.782506 -47.259668 35.116183
v -1.000109 -46.841469 35.116183
v -0.314333 -46.278667 35.116183
v 0.248469 -45.592891 35.116183
v 0.666668 -44.810494 35.116183
v 0.924194 -43.961545 35.116183
v 0.041316 -43.078667 34.320261
v -0.027005 -42.384994 34.320261
v -0.229342 -41.717979 34.320261
v -0.557919 -41.103254 34.320261
v -1.000109 -40.564443 34.320261
v -1.538920 -40.122252 34.320261
v -2.153645 -39.793675 34.320261
v -2.820661 -39.591338 34.320261
v -3.514333 -39.523017 34.320261
v -4.208006 -39.591338 34.320261
v -4.875021 -39.793675 34.320261
v -5.489746 -40.122252 34.320261
v -6.028557 -40.564443 34.320261
v -6.470748 -41.103254 34.320261
v -6.799325 -41.717979 34.320261
v -7.001662 -42.384994 34.320261
v -7.069983 -43.078667 34.320261
v -7.001662 -43.772339 34.320261
v -6.799325 -44.439355 34.320261
v -6.470748 -45.054080 34.320261
v -6.028557 -45.592891 34.320261
v -5.489746 -46.035081 34.320261
v -4.875021 -46.363658 34.320261
v -4.208006 -46.565995 34.320261
v -3.514333 -46.634316 34.320261
v -2.820661 -46.565995 34.320261
v -2.153645 -46.363658 34.320261
v -1.538920 -46.035081 34.320261
v -1.000109 -45.592891 34.320261
v -0.557919 -45.054080 34.320261
v -0.229342 -44.439355 34.320261
v -0.027005 -43.772339 34.320261
v -1.065159 -43.078667 33.728838
v -1.112220 -42.600857 33.728838
v -1.251592 -42.141408 33.728838
v -1.477920 -41.717979 33.728838
v -1.782506 -41.346839 33.728838
v -2.153645 -41.042253 33.728838
v -2.577075 -40.815925 33.728838
v -3.036523 -40.676553 33.728838
v -3.514333 -40.629493 33.728838
v -3.992143 -40.676553 33.728838
v -4.451592 -40.815925 33.728838
v -4.875021 -41.042253 33.728838
v -5.246161 -41.346839 33.728838
v -5.550747 -41.717979 33.728838
v -5.777075 -42.141408 33.728838
v -5.916447 -42.600857 33.728838
v -5.963507 -43.078667 33.728838
v -5.916447 -43.556477 33.728838
v -5.777075 -44.015925 33.728838
v -5.550747 -44.439355 33.728838
v -5.246161 -44.810494 33.728838
v -4.875021 -45.115080 33.728838
v -4.451592 -45.341408 33.728838
v -3.992143 -45.480780 33.728838
v -3.514333 -45.527841 33.728838
v -3.036523 -45.480780 33.728838
v -2.577075 -45.341408 33.728838
v -2.153645 -45.115080 33.728838
v -1.782506 -44.810494 33.728838
v -1.477920 -44.439355 33.728838
v -1.251592 -44.015925 33.728838
v -1.112220 -43.556477 33.728838
v -2.265755 -43.078667 33.364641
v -2.289746 -42.835081 33.364641
v -2.360798 -42.600857 33.364641
v -2.476179 -42.384994 33.364641
v -2.631455 -42.195789 33.364641
v -2.820661 -42.040512 33.364641
v -3.036523 -41.925131 33.364641
v -3.270748 -41.854080 33.364641
v -3.514333 -41.830089 33.364641
v -3.757919 -41.854080 33.364641
v -3.992143 -41.925131 33.364641
v -4.208006 -42.040512 33.364641
v -4.397211 -42.195789 33.364641
v -4.552488 -42.384994 33.364641
v -4.667869 -42.600857 33.364641
v -4.738920 -42.835081 33.364641
v -4.762911 -43.078667 33.364641
v -4.738920 -43.322252 33.364641
v -4.667869 -43.556477 33.364641
v -4.552488 -43.772339 33.364641
v -4.397211 -43.961545 33.364641
v -4.208006 -44.116821 33.364641
v -3.992143 -44.232202 33.364641
v -3.757919 -44.303254 33.364641
v -3.514333 -44.327245 33.364641
v -3.270748 -44.303254 33.364641
v -3.036523 -44.232202 33.364641
v -2.820661 -44.116821 33.364641
v -2.631455 -43.961545 33.364641
v -2.476179 -43.772339 33.364641
v -2.360798 -43.556477 33.364641
v -2.289746 -43.322252 33.364641
v -3.514333 -43.078667 33.241667
v -3.078333 -43.186667 -25.382333
v -1.829755 -43.186667 -25.505308
v -1.853746 -42.943081 -25.505308
v -1.924798 -42.708857 -25.505308
v -2.040179 -42.492994 -25.505308
v -2.195455 -42.303789 -25.505308
v -2.384661 -42.148512 -25.505308
v -2.600523 -42.033131 -25.505308
v -2.834748 -41.962080 -25.505308
v -3.078333 -41.938089 -25.505308
v -3.321919 -41.962080 -25.505308
v -3.556143 -42.033131 -25.505308
v -3.772006 -42.148512 -25.505308
v -3.961211 -42.303789 -25.505308
v -4.116488 -42.492994 -25.505308
v -4.231869 -42.708857 -25.505308
v -4.302920 -42.943081 -25.505308
v -4.326911 -43.186667 -25.505308
v -4.302920 -43.430252 -25.505308
v -4.231869 -43.664477 -25.505308
v -4.116488 -43.880339 -25.505308
v -3.961211 -44.069545 -25.505308
v -3.772006 -44.224821 -25.505308
v -3.556143 -44.340202 -25.505308
v -3.321919 -44.411254 -25.505308
v -3.078333 -44.435245 -25.505308
v -2.834748 -44.411254 -25.505308
v -2.600523 -44.340202 -25.505308
v -2.384661 -44.224821 -25.505308
v -2.195455 -44.069545 -25.505308
v -2.040179 -43.880339 -25.505308
v -1.924798 -43.664477 -25.505308
v -1.853746 -43.430252 -25.505308
v -0.629159 -43.186667 -25.869504
v -0.676220 -42.708857 -25.869504
v -0.815592 -42.249408 -25.869504
v -1.041920 -41.825979 -25.869504
v -1.346506 -41.454839 -25.869504
v -1.717645 -41.150253 -25.869504
v -2.141075 -40.923925 -25.869504
v -2.600523 -40.784553 -25.869504
v -3.078333 -40.737493 -25.869504
v -3.556143 -40.784553 -25.869504
v -4.015592 -40.923925 -25.869504
v -4.439021 -41.150253 -25.869504
v -4.810161 -41.454839 -25.869504
v -5.114747 -41.825979 -25.869504
v -5.341075 -42.249408 -25.869504
v -5.480447 -42.708857 -25.869504
v -5.527507 -43.186667 -25.869504
v -5.480447 -43.664477 -25.869504
v -5.341075 -44.123925 -25.869504
v -5.114747 -44.547355 -25.869504
v -4.810161 -44.918494 -25.869504
v -4.439021 -45.223080 -25.869504
v -4.015592 -45.449408 -25.869504
v -3.556143 -45.588780 -25.869504
v -3.078333 -45.635841 -25.869504
v -2.600523 -45.588780 -25.869504
v -2.141075 -45.449408 -25.869504
v -1.717645 -45.223080 -25.869504
v -1.346506 -44.918494 -25.869504
v -1.041920 -44.547355 -25.869504
v -0.815592 -44.123925 -25.869504
v -0.676220 -43.664477 -25.869504
v 0.477316 -43.186667 -26.460928
v 0.408995 -42.492994 -26.460928
v 0.206658 -41.825979 -26.460928
v -0.121919 -41.211254 -26.460928
v -0.564109 -40.672443 -26.460928
v -1.102920 -40.230252 -26.460928
v -1.717645 -39.901675 -26.460928
v -2.384661 -39.699338 -26.460928
v -3.078333 -39.631017 -26.460928
v -3.772006 -39.699338 -26.460928
v -4.439021 -39.901675 -26.460928
v -5.053746 -40.230252 -26.460928
v -5.592557 -40.672443 -26.460928
v -6.034748 -41.211254 -26.460928
v -6.363325 -41.825979 -26.460928
v -6.565662 -42.492994 -26.460928
v -6.633983 -43.186667 -26.460928
v -6.565662 -43.880339 -26.460928
v -6.363325 -44.547355 -26.460928
v -6.034748 -45.162080 -26.460928
v -5.592557 -45.700891 -26.460928
v -5.053746 -46.143081 -26.460928
v -4.439021 -46.471658 -26.460928
v -3.772006 -46.673995 -26.460928
v -3.078333 -46.742316 -26.460928
v -2.384661 -46.673995 -26.460928
v -1.717645 -46.471658 -26.460928
v -1.102920 -46.143081 -26.460928
v -0.564109 -45.700891 -26.460928
v -0.121919 -45.162080 -26.460928
v 0.206658 -44.547355 -26.460928
v 0.408995 -43.880339 -26.460928
v 1.447150 -43.186667 -27.256850
v 1.360194 -42.303789 -27.256850
v 1.102668 -41.454839 -27.256850
v 0.684469 -40.672443 -27.256850
v 0.121667 -39.986667 -27.256850
v -0.564109 -39.423865 -27.256850
v -1.346506 -39.005665 -27.256850
v -2.195455 -38.748139 -27.256850
v -3.078333 -38.661183 -27.256850
v -3.961211 -38.748139 -27.256850
v -4.810161 -39.005665 -27.256850
v -5.592557 -39.423865 -27.256850
v -6.278333 -39.986667 -27.256850
v -6.841135 -40.672443 -27.256850
v -7.259335 -41.454839 -27.256850
v -7.516861 -42.303789 -27.256850
v -7.603817 -43.186667 -27.256850
v -7.516861 -44.069545 -27.256850
v -7.259335 -44.918494 -27.256850
v -6.841135 -45.700891 -27.256850
v -6.278333 -46.386667 -27.256850
v -5.592557 -46.949469 -27.256850
v -4.810161 -47.367668 -27.256850
v -3.961211 -47.625194 -27.256850
v -3.078333 -47.712150 -27.256850
v -2.195455 -47.625194 -27.256850
v -1.346506 -47.367668 -27.256850
v -0.564109 -46.949469 -27.256850
v 0.121667 -46.386667 -27.256850
v 0.684469 -45.700891 -27.256850
v 1.102668 -44.918494 -27.256850
v 1.360194 -44.069545 -27.256850
v 2.243072 -43.186667 -28.226684
v 2.140823 -42.148512 -28.226684
v 1.838004 -41.150253 -28.226684
v 1.346254 -40.230252 -28.226684
v 0.684469 -39.423865 -28.226684
v -0.121919 -38.762080 -28.226684
v -1.041920 -38.270329 -28.226684
v -2.040179 -37.967510 -28.226684
v -3.078333 -37.865261 -28.226684
v -4.116488 -37.967510 -28.226684
v -5.114747 -38.270329 -28.226684
v -6.034748 -38.762080 -28.226684
v -6.841135 -39.423865 -28.226684
v -7.502920 -40.230252 -28.226684
v -7.994671 -41.150253 -28.226684
v -8.297490 -42.148512 -28.226684
v -8.399739 -43.186667 -28.226684
v -8.297490 -44.224821 -28.226684
v -7.994671 -45.223080 -28.226684
v -7.502920 -46.143081 -28.226684
v -6.841135 -46.949469 -28.226684
v -6.034748 -47.611254 -28.226684
v -5.114747 -48.103004 -28.226684
v -4.116488 -48.405823 -28.226684
v -3.078333 -48.508072 -28.226684
v -2.040179 -48.405823 -28.226684
v -1.041920 -48.103004 -28.226684
v -0.121919 -47.611254 -28.226684
v 0.684469 -46.949469 -28.226684
v 1.346254 -46.143081 -28.226684
v 1.838004 -45.223080 -28.226684
v 2.140823 -44.224821 -28.226684
v 2.834496 -43.186667 -29.333159
v 2.720882 -42.033131 -29.333159
v 2.384408 -40.923925 -29.333159
v 1.838004 -39.901675 -29.333159
v 1.102668 -39.005665 -29.333159
v 0.206658 -38.270329 -29.333159
v -0.815592 -37.723925 -29.333159
v -1.924798 -37.387451 -29.333159
v -3.078333 -37.273838 -29.333159
v -4.231869 -37.387451 -29.333159
v -5.341075 -37.723925 -29.333159
v -6.363325 -38.270329 -29.333159
v -7.259335 -39.005665 -29.333159
v -7.994671 -39.901675 -29.333159
v -8.541075 -40.923925 -29.333159
v -8.877549 -42.033131 -29.333159
v -8.991162 -43.186667 -29.333159
v -8.877549 -44.340202 -29.333159
v -8.541075 -45.449408 -29.333159
v -7.994671 -46.471658 -29.333159
v -7.259335 -47.367668 -29.333159
v -6.363325 -48.103004 -29.333159
v -5.341075 -48.649408 -29.333159
v -4.231869 -48.985882 -29.333159
v -3.078333 -49.099496 -29.333159
v -1.924798 -48.985882 -29.333159
v -0.815592 -48.649408 -29.333159
v 0.206658 -48.103004 -29.333159
v 1.102668 -47.367668 -29.333159
v 1.838004 -46.471658 -29.333159
v 2.384408 -45.449408 -29.333159
v 2.720882 -44.340202 -29.333159
v 3.198692 -43.186667 -30.533755
v 3.078081 -41.962080 -30.533755
v 2.720882 -40.784553 -30.533755
v 2.140823 -39.699338 -30.533755
v 1.360194 -38.748139 -30.533755
v 0.408995 -37.967510 -30.533755
v -0.676220 -37.387451 -30.533755
v -1.853746 -37.030252 -30.533755
v -3.078333 -36.909641 -30.533755
v -4.302920 -37.030252 -30.533755
v -5.480447 -37.387451 -30.533755
v -6.565662 -37.967510 -30.533755
v -7.516861 -38.748139 -30.533755
v -8.297490 -39.699338 -30.533755
v -8.877549 -40.784553 -30.533755
v -9.234748 -41.962080 -30.533755
v -9.355359 -43.186667 -30.533755
v -9.234748 -44.411254 -30.533755
v -8.877549 -45.588780 -30.533755
v -8.297490 -46.673995 -30.533755
v -7.516861 -47.625194 -30.533755
v -6.565662 -48.405823 -30.533755
v -5.480447 -48.985882 -30.533755
v -4.302920 -49.343081 -30.533755
v -3.078333 -49.463692 -30.533755
v -1.853746 -49.343081 -30.533755
v -0.676220 -48.985882 -30.533755
v 0.408995 -48.405823 -30.533755
v 1.360194 -47.625194 -30.533755
v 2.140823 -46.673995 -30.533755
v 2.720882 -45.588780 -30.533755
v 3.078081 -44.411254 -30.533755
v 3.321667 -43.186667 -31.782333
v 3.198692 -41.938089 -31.782333
v 2.834496 -40.737493 -31.782333
v 2.243072 -39.631017 -31.782333
v 1.447150 -38.661183 -31.782333
v 0.477316 -37.865261 -31.782333
v -0.629159 -37.273838 -31.782333
v -1.829755 -36.909641 -31.782333
v -3.078333 -36.786667 -31.782333
v -4.326911 -36.909641 -31.782333
v -5.527507 -37.273838 -31.782333
v -6.633983 -37.865261 -31.782333
v -7.603817 -38.661183 -31.782333
v -8.399739 -39.631017 -31.782333
v -8.991162 -40.737493 -31.782333
v -9.355359 -41.938089 -31.782333
v -9.478333 -43.186667 -31.782333
v -9.355359 -44.435245 -31.782333
v -8.991162 -45.635841 -31.782333
v -8.399739 -46.742316 -31.782333
v -7.603817 -47.712150 -31.782333
v -6.633983 -48.508072 -31.782333
v -5.527507 -49.099496 -31.782333
v -4.326911 -49.463692 -31.782333
v -3.078333 -49.586667 -31.782333
v -1.829755 -49.463692 -31.782333
v -0.629159 -49.099496 -31.782333
v 0.477316 -48.508072 -31.782333
v 1.447150 -47.712150 -31.782333
v 2.243072 -46.742316 -31.782333
v 2.834496 -45.635841 -31.782333
v 3.198692 -44.435245 -31.782333
v 3.198692 -43.186667 -33.030911
v 3.078081 -41.962080 -33.030911
v 2.720882 -40.784553 -33.030911
v 2.140823 -39.699338 -33.030911
v 1.360194 -38.748139 -33.030911
v 0.408995 -37.967510 -33.030911
v -0.676220 -37.387451 -33.030911
v -1.853746 -37.030252 -33.030911
v -3.078333 -36.909641 -33.030911
v -4.302920 -37.030252 -33.030911
v -5.480447 -37.387451 -33.030911
v -6.565662 -37.967510 -33.030911
v -7.516861 -38.748139 -33.030911
v -8.297490 -39.699338 -33.030911
v -8.877549 -40.784553 -33.030911
v -9.234748 -41.962080 -33.030911
v -9.355359 -43.186667 -33.030911
v -9.234748 -44.411254 -33.030911
v -8.877549 -45.588780 -33.030911
v -8.297490 -46.673995 -33.030911
v -7.516861 -47.625194 -33.030911
v -6.565662 -48.405823 -33.030911
v -5.480447 -48.985882 -33.030911
v -4.302920 -49.343081 -33.030911
v -3.078333 -49.463692 -33.030911
v -1.853746 -49.343081 -33.030911
v -0.676220 -48.985882 -33.030911
v 0.408995 -48.405823 -33.030911
v 1.360194 -47.625194 -33.030911
v 2.140823 -46.673995 -33.030911
v 2.720882 -45.588780 -33.030911
v 3.078081 -44.411254 -33.030911
v 2.834496 -43.186667 -34.231507
v 2.720882 -42.033131 -34.231507
v 2.384408 -40.923925 -34.231507
v 1.838004 -39.901675 -34.231507
v 1.102668 -39.005665 -34.231507
v 0.206658 -38.270329 -34.231507
v -0.815592 -37.723925 -34.231507
v -1.924798 -37.387451 -34.231507
v -3.078333 -37.273838 -34.231507
v -4.231869 -37.387451 -34.231507
v -5.341075 -37.723925 -34.231507
v -6.363325 -38.270329 -34.231507
v -7.259335 -39.005665 -34.231507
v -7.994671 -39.901675 -34.231507
v -8.541075 -40.923925 -34.231507
v -8.877549 -42.033131 -34.231507
v -8.991162 -43.186667 -34.231507
v -8.877549 -44.340202 -34.231507
v -8.541075 -45.449408 -34.231507
v -7.994671 -46.471658 -34.231507
v -7.259335 -47.367668 -34.231507
v -6.363325 -48.103004 -34.231507
v -5.341075 -48.649408 -34.231507
v -4.231869 -48.985882 -34.231507
v -3.078333 -49.099496 -34.231507
v -1.924798 -48.985882 -34.231507
v -0.815592 -48.649408 -34.231507
v 0.206658 -48.103004 -34.231507
v 1.102668 -47.367668 -34.231507
v 1.838004 -46.471658 -34.231507
v 2.384408 -45.449408 -34.231507
v 2.720882 -44.340202 -34.231507
v 2.243072 -43.186667 -35.337983
v 2.140823 -42.148512 -35.337983
v 1.838004 -41.150253 -35.337983
v 1.346254 -40.230252 -35.337983
v 0.684469 -39.423865 -35.337983
v -0.121919 -38.762080 -35.337983
v -1.041920 -38.270329 -35.337983
v -2.040179 -37.967510 -35.337983
v -3.078333 -37.865261 -35.337983
v -4.116488 -37.967510 -35.337983
v -5.114747 -38.270329 -35.337983
v -6.034748 -38.762080 -35.337983
v -6.841135 -39.423865 -35.337983
v -7.502920 -40.230252 -35.337983
v -7.994671 -41.150253 -35.337983
v -8.297490 -42.148512 -35.337983
v -8.399739 -43.186667 -35.337983
v -8.297490 -44.224821 -35.337983
v -7.994671 -45.223080 -35.337983
v -7.502920 -46.143081 -35.337983
v -6.841135 -46.949469 -35.337983
v -6.034748 -47.611254 -35.337983
v -5.114747 -48.103004 -35.337983
v -4.116488 -48.405823 -35.337983
v -3.078333 -48.508072 -35.337983
v -2.040179 -48.405823 -35.337983
v -1.041920 -48.103004 -35.337983
v -0.121919 -47.611254 -35.337983
v 0.684469 -46.949469 -35.337983
v 1.346254 -46.143081 -35.337983
v 1.838004 -45.223080 -35.337983
v 2.140823 -44.224821 -35.337983
v 1.447150 -43.186667 -36.307817
v 1.360194 -42.303789 -36.307817
v 1.102668 -41.454839 -36.307817
v 0.684469 -40.672443 -36.307817
v 0.121667 -39.986667 -36.307817
v -0.564109 -39.423865 -36.307817
v -1.346506 -39.005665 -36.307817
v -2.195455 -38.748139 -36.307817
v -3.078333 -38.661183 -36.307817
v -3.961211 -38.748139 -36.307817
v -4.810161 -39.005665 -36.307817
v -5.592557 -39.423865 -36.307817
v -6.278333 -39.986667 -36.307817
v -6.841135 -40.672443 -36.307817
v -7.259335 -41.454839 -36.307817
v -7.516861 -42.303789 -36.307817
v -7.603817 -43.186667 -36.307817
v -7.516861 -44.069545 -36.307817
v -7.259335 -44.918494 -36.307817
v -6.841135 -45.700891 -36.307817
v -6.278333 -46.386667 -36.307817
v -5.592557 -46.949469 -36.307817
v -4.810161 -47.367668 -36.307817
v -3.961211 -47.625194 -36.307817
v -3.078333 -47.712150 -36.307817
v -2.195455 -47.625194 -36.307817
v -1.346506 -47.367668 -36.307817
v -0.564109 -46.949469 -36.307817
v 0.121667 -46.386667 -36.307817
v 0.684469 -45.700891 -36.307817
v 1.102668 -44.918494 -36.307817
v 1.360194 -44.069545 -36.307817
v 0.477316 -43.186667 -37.103739
v 0.408995 -42.492994 -37.103739
v 0.206658 -41.825979 -37.103739
v -0.121919 -41.211254 -37.103739
v -0.564109 -40.672443 -37.103739
v -1.102920 -40.230252 -37.103739
v -1.717645 -39.901675 -37.103739
v -2.384661 -39.699338 -37.103739
v -3.078333 -39.631017 -37.103739
v -3.772006 -39.699338 -37.103739
v -4.439021 -39.901675 -37.103739
v -5.053746 -40.230252 -37.103739
v -5.592557 -40.672443 -37.103739
v -6.034748 -41.211254 -37.103739
v -6.363325 -41.825979 -37.103739
v -6.565662 -42.492994 -37.103739
v -6.633983 -43.186667 -37.103739
v -6.565662 -43.880339 -37.103739
v -6.363325 -44.547355 -37.103739
v -6.034748 -45.162080 -37.103739
v -5.592557 -45.700891 -37.103739
v -5.053746 -46.143081 -37.103739
v -4.439021 -46.471658 -37.103739
v -3.772006 -46.673995 -37.103739
v -3.078333 -46.742316 -37.103739
v -2.384661 -46.673995 -37.103739
v -1.717645 -46.471658 -37.103739
v -1.102920 -46.143081 -37.103739
v -0.564109 -45.700891 -37.103739
v -0.121919 -45.162080 -37.103739
v 0.206658 -44.547355 -37.103739
v 0.408995 -43.880339 -37.103739
v -0.629159 -43.186667 -37.695162
v -0.676220 -42.708857 -37.695162
v -0.815592 -42.249408 -37.695162
v -1.041920 -41.825979 -37.695162
v -1.346506 -41.454839 -37.695162
v -1.717645 -41.150253 -37.695162
v -2.141075 -40.923925 -37.695162
v -2.600523 -40.784553 -37.695162
v -3.078333 -40.737493 -37.695162
v -3.556143 -40.784553 -37.695162
v -4.015592 -40.923925 -37.695162
v -4.439021 -41.150253 -37.695162
v -4.810161 -41.454839 -37.695162
v -5.114747 -41.825979 -37.695162
v -5.341075 -42.249408 -37.695162
v -5.480447 -42.708857 -37.695162
v -5.527507 -43.186667 -37.695162
v -5.480447 -43.664477 -37.695162
v -5.341075 -44.123925 -37.695162
v -5.114747 -44.547355 -37.695162
v -4.810161 -44.918494 -37.695162
v -4.439021 -45.223080 -37.695162
v -4.015592 -45.449408 -37.695162
v -3.556143 -45.588780 -37.695162
v -3.078333 -45.635841 -37.695162
v -2.600523 -45.588780 -37.695162
v -2.141075 -45.449408 -37.695162
v -1.717645 -45.223080 -37.695162
v -1.346506 -44.918494 -37.695162
v -1.041920 -44.547355 -37.695162
v -0.815592 -44.123925 -37.695162
v -0.676220 -43.664477 -37.695162
v -1.829755 -43.186667 -38.059359
v -1.853746 -42.943081 -38.059359
v -1.924798 -42.708857 -38.059359
v -2.040179 -42.492994 -38.059359
v -2.195455 -42.303789 -38.059359
v -2.384661 -42.148512 -38.059359
v -2.600523 -42.033131 -38.059359
v -2.834748 -41.962080 -38.059359
v -3.078333 -41.938089 -38.059359
v -3.321919 -41.962080 -38.059359
v -3.556143 -42.033131 -38.059359
v -3.772006 -42.148512 -38.059359
v -3.961211 -42.303789 -38.059359
v -4.116488 -42.492994 -38.059359
v -4.231869 -42.708857 -38.059359
v -4.302920 -42.943081 -38.059359
v -4.326911 -43.186667 -38.059359
v -4.302920 -43.430252 -38.059359
v -4.231869 -43.664477 -38.059359
v -4.116488 -43.880339 -38.059359
v -3.961211 -44.069545 -38.059359
v -3.772006 -44.224821 -38.059359
v -3.556143 -44.340202 -38.059359
v -3.321919 -44.411254 -38.059359
v -3.078333 -44.435245 -38.059359
v -2.834748 -44.411254 -38.059359
v -2.600523 -44.340202 -38.059359
v -2.384661 -44.224821 -38.059359
v -2.195455 -44.069545 -38.059359
v -2.040179 -43.880339 -38.059359
v -1.924798 -43.664477 -38.059359
v -1.853746 -43.430252 -38.059359
v -3.078333 -43.186667 -38.182333
v -39.942333 49.853333 -25.658333
v -38.693755 49.853333 -25.781308
v -38.717746 50.096919 -25.781308
v -38.788798 50.331143 -25.781308
v -38.904179 50.547006 -25.781308
v -39.059455 50.736211 -25.781308
v -39.248661 50.891488 -25.781308
v -39.464523 51.006869 -25.781308
v -39.698748 51.077920 -25.781308
v -39.942333 51.101911 -25.781308
v -40.185919 51.077920 -25.781308
v -40.420143 51.006869 -25.781308
v -40.636006 50.891488 -25.781308
v -40.825211 50.736211 -25.781308
v -40.980488 50.547006 -25.781308
v -41.095869 50.331143 -25.781308
v -41.166920 50.096919 -25.781308
v -41.190911 49.853333 -25.781308
v -41.166920 49.609748 -25.781308
v -41.095869 49.375523 -25.781308
v -40.980488 49.159661 -25.781308
v -40.825211 48.970455 -25.781308
v -40.636006 48.815179 -25.781308
v -40.420143 48.699798 -25.781308
v -40.185919 48.628746 -25.781308
v -39.942333 48.604755 -25.781308
v -39.698748 48.628746 -25.781308
v -39.464523 48.699798 -25.781308
v -39.248661 48.815179 -25.781308
v -39.059455 48.970455 -25.781308
v -38.904179 49.159661 -25.781308
v -38.788798 49.375523 -25.781308
v -38.717746 49.609748 -25.781308
v -37.493159 49.853333 -26.145504
v -37.540220 50.331143 -26.145504
v -37.679592 50.790592 -26.145504
v -37.905920 51.214021 -26.145504
v -38.210506 51.585161 -26.145504
v -38.581645 51.889747 -26.145504
v -39.005075 52.116075 -26.145504
v -39.464523 52.255447 -26.145504
v -39.942333 52.302507 -26.145504
v -40.420143 52.255447 -26.145504
v -40.879592 52.116075 -26.145504
v -41.303021 51.889747 -26.145504
v -41.674161 51.585161 -26.145504
v -41.978747 51.214021 -26.145504
v -42.205075 50.790592 -26.145504
v -42.344447 50.331143 -26.145504
v -42.391507 49.853333 -26.145504
v -42.344447 49.375523 -26.145504
v -42.205075 48.916075 -26.145504
v -41.978747 48.492645 -26.145504
v -41.674161 48.121506 -26.145504
v -41.303021 47.816920 -26.145504
v -40.879592 47.590592 -26.145504
v -40.420143 47.451220 -26.145504
v -39.942333 47.404159 -26.145504
v -39.464523 47.451220 -26.145504
v -39.005075 47.590592 -26.145504
v -38.581645 47.816920 -26.145504
v -38.210506 48.121506 -26.145504
v -37.905920 48.492645 -26.145504
v -37.679592 48.916075 -26.145504
v -37.540220 49.375523 -26.145504
v -36.386684 49.853333 -26.736928
v -36.455005 50.547006 -26.736928
v -36.657342 51.214021 -26.736928
v -36.985919 51.828746 -26.736928
v -37.428109 52.367557 -26.736928
v -37.966920 52.809748 -26.736928
v -38.581645 53.138325 -26.736928
v -39.248661 53.340662 -26.736928
v -39.942333 53.408983 -26.736928
v -40.636006 53.340662 -26.736928
v -41.303021 53.138325 -26.736928
v -41.917746 52.809748 -26.736928
v -42.456557 52.367557 -26.736928
v -42.898748 51.828746 -26.736928
v -43.227325 51.214021 -26.736928
v -43.429662 50.547006 -26.736928
v -43.497983 49.853333 -26.736928
v -43.429662 49.159661 -26.736928
v -43.227325 48.492645 -26.736928
v -42.898748 47.877920 -26.736928
v -42.456557 47.339109 -26.736928
v -41.917746 46.896919 -26.736928
v -41.303021 46.568342 -26.736928
v -40.636006 46.366005 -26.736928
v -39.942333 46.297684 -26.736928
v -39.248661 46.366005 -26.736928
v -38.581645 46.568342 -26.736928
v -37.966920 46.896919 -26.736928
v -37.428109 47.339109 -26.736928
v -36.985919 47.877920 -26.736928
v -36.657342 48.492645 -26.736928
v -36.455005 49.159661 -26.736928
v -35.416850 49.853333 -27.532850
v -35.503806 50.736211 -27.532850
v -35.761332 51.585161 -27.532850
v -36.179531 52.367557 -27.532850
v -36.742333 53.053333 -27.532850
v -37.428109 53.616135 -27.532850
v -38.210506 54.034335 -27.532850
v -39.059455 54.291861 -27.532850
v -39.942333 54.378817 -27.532850
v -40.825211 54.291861 -27.532850
v -41.674161 54.034335 -27.532850
v -42.456557 53.616135 -27.532850
v -43.142333 53.053333 -27.532850
v -43.705135 52.367557 -27.532850
v -44.123335 51.585161 -27.532850
v -44.380861 50.736211 -27.532850
v -44.467817 49.853333 -27.532850
v -44.380861 48.970455 -27.532850
v -44.123335 48.121506 -27.532850
v -43.705135 47.339109 -27.532850
v -43.142333 46.653333 -27.532850
v -42.456557 46.090531 -27.532850
v -41.674161 45.672332 -27.532850
v -40.825211 45.414806 -27.532850
v -39.942333 45.327850 -27.532850
v -39.059455 45.414806 -27.532850
v -38.210506 45.672332 -27.532850
v -37.428109 46.090531 -27.532850
v -36.742333 46.653333 -27.532850
v -36.179531 47.339109 -27.532850
v -35.761332 48.121506 -27.532850
v -35.503806 48.970455 -27.532850
v -34.620928 49.853333 -28.502684
v -34.723177 50.891488 -28.502684
v -35.025996 51.889747 -28.502684
v -35.517746 52.809748 -28.502684
v -36.179531 53.616135 -28.502684
v -36.985919 54.277920 -28.502684
v -37.905920 54.769671 -28.502684
v -38.904179 55.072490 -28.502684
v -39.942333 55.174739 -28.502684
v -40.980488 55.072490 -28.502684
v -41.978747 54.769671 -28.502684
v -42.898748 54.277920 -28.502684
v -43.705135 53.616135 -28.502684
v -44.366920 52.809748 -28.502684
v -44.858671 51.889747 -28.502684
v -45.161490 50.891488 -28.502684
v -45.263739 49.853333 -28.502684
v -45.161490 48.815179 -28.502684
v -44.858671 47.816920 -28.502684
v -44.366920 46.896919 -28.502684
v -43.705135 46.090531 -28.502684
v -42.898748 45.428746 -28.502684
v -41.978747 44.936996 -28.502684
v -40.980488 44.634177 -28.502684
v -39.942333 44.531928 -28.502684
v -38.904179 44.634177 -28.502684
v -37.905920 44.936996 -28.502684
v -36.985919 45.428746 -28.502684
v -36.179531 46.090531 -28.502684
v -35.517746 46.896919 -28.502684
v -35.025996 47.816920 -28.502684
v -34.723177 48.815179 -28.502684
v -34.029504 49.853333 -29.609159
v -34.143118 51.006869 -29.609159
v -34.479592 52.116075 -29.609159
v -35.025996 53.138325 -29.609159
v -35.761332 54.034335 -29.609159
v -36.657342 54.769671 -29.609159
v -37.679592 55.316075 -29.609159
v -38.788798 55.652549 -29.609159
v -39.942333 55.766162 -29.609159
v -41.095869 55.652549 -29.609159
v -42.205075 55.316075 -29.609159
v -43.227325 54.769671 -29.609159
v -44.123335 54.034335 -29.609159
v -44.858671 53.138325 -29.609159
v -45.405075 52.116075 -29.609159
v -45.741549 51.006869 -29.609159
v -45.855162 49.853333 -29.609159
v -45.741549 48.699798 -29.609159
v -45.405075 47.590592 -29.609159
v -44.858671 46.568342 -29.609159
v -44.123335 45.672332 -29.609159
v -43.227325 44.936996 -29.609159
v -42.205075 44.390592 -29.609159
v -41.095869 44.054118 -29.609159
v -39.942333 43.940504 -29.609159
v -38.788798 44.054118 -29.609159
v -37.679592 44.390592 -29.609159
v -36.657342 44.936996 -29.609159
v -35.761332 45.672332 -29.609159
v -35.025996 46.568342 -29.609159
v -34.479592 47.590592 -29.609159
v -34.143118 48.699798 -29.609159
v -33.665308 49.853333 -30.809755
v -33.785919 51.077920 -30.809755
v -34.143118 52.255447 -30.809755
v -34.723177 53.340662 -30.809755
v -35.503806 54.291861 -30.809755
v -36.455005 55.072490 -30.809755
v -37.540220 55.652549 -30.809755
v -38.717746 56.009748 -30.809755
v -39.942333 56.130359 -30.809755
v -41.166920 56.009748 -30.809755
v -42.344447 55.652549 -30.809755
v -43.429662 55.072490 -30.809755
v -44.380861 54.291861 -30.809755
v -45.161490 53.340662 -30.809755
v -45.741549 52.255447 -30.809755
v -46.098748 51.077920 -30.809755
v -46.219359 49.853333 -30.809755
v -46.098748 48.628746 -30.809755
v -45.741549 47.451220 -30.809755
v -45.161490 46.366005 -30.809755
v -44.380861 45.414806 -30.809755
v -43.429662 44.634177 -30.809755
v -42.344447 44.054118 -30.809755
v -41.166920 43.696919 -30.809755
v -39.942333 43.576308 -30.809755
v -38.717746 43.696919 -30.809755
v -37.540220 44.054118 -30.809755
v -36.455005 44.634177 -30.809755
v -35.503806 45.414806 -30.809755
v -34.723177 46.366005 -30.809755
v -34.143118 47.451220 -30.809755
v -33.785919 48.628746 -30.809755
v -33.542333 49.853333 -32.058333
v -33.665308 51.101911 -32.058333
v -34.029504 52.302507 -32.058333
v -34.620928 53.408983 -32.058333
v -35.416850 54.378817 -32.058333
v -36.386684 55.174739 -32.058333
v -37.493159 55.766162 -32.058333
v -38.693755 56.130359 -32.058333
v -39.942333 56.253333 -32.058333
v -41.190911 56.130359 -32.058333
v -42.391507 55.766162 -32.058333
v -43.497983 55.174739 -32.058333
v -44.467817 54.378817 -32.058333
v -45.263739 53.408983 -32.058333
v -45.855162 52.302507 -32.058333
v -46.219359 51.101911 -32.058333
v -46.342333 49.853333 -32.058333
v -46.219359 48.604755 -32.058333
v -45.855162 47.404159 -32.058333
v -45.263739 46.297684 -32.058333
v -44.467817 45.327850 -32.058333
v -43.497983 44.531928 -32.058333
v -42.391507 43.940504 -32.058333
v -41.190911 43.576308 -32.058333
v -39.942333 43.453333 -32.058333
v -38.693755 43.576308 -32.058333
v -37.493159 43.940504 -32.058333
v -36.386684 44.531928 -32.058333
v -35.416850 45.327850 -32.058333
v -34.620928 46.297684 -32.058333
v -34.029504 47.404159 -32.058333
v -33.665308 48.604755 -32.058333
v -33.665308 49.853333 -33.306911
v -33.785919 51.077920 -33.306911
v -34.143118 52.255447 -33.306911
v -34.723177 53.340662 -33.306911
v -35.503806 54.291861 -33.306911
v -36.455005 55.072490 -33.306911
v -37.540220 55.652549 -33.306911
v -38.717746 56.009748 -33.306911
v -39.942333 56.130359 -33.306911
v -41.166920 56.009748 -33.306911
v -42.344447 55.652549 -33.306911
v -43.429662 55.072490 -33.306911
v -44.380861 54.291861 -33.306911
v -45.161490 53.340662 -33.306911
v -45.741549 52.255447 -33.306911
v -46.098748 51.077920 -33.306911
v -46.219359 49.853333 -33.306911
v -46.098748 48.628746 -33.306911
v -45.741549 47.451220 -33.306911
v -45.161490 46.366005 -33.306911
v -44.380861 45.414806 -33.306911
v -43.429662 44.634177 -33.306911
v -42.344447 44.054118 -33.306911
v -41.166920 43.696919 -33.306911
v -39.942333 43.576308 -33.306911
v -38.717746 43.696919 -33.306911
v -37.540220 44.054118 -33.306911
v -36.455005 44.634177 -33.306911
v -35.503806 45.414806 -33.306911
v -34.723177 46.366005 -33.306911
v -34.143118 47.451220 -33.306911
v -33.785919 48.628746 -33.306911
v -34.029504 49.853333 -34.507507
v -34.143118 51.006869 -34.507507
v -34.479592 52.116075 -34.507507
v -35.025996 53.138325 -34.507507
v -35.761332 54.034335 -34.507507
v -36.657342 54.769671 -34.507507
v -37.679592 55.316075 -34.507507
v -38.788798 55.652549 -34.507507
v -39.942333 55.766162 -34.507507
v -41.095869 55.652549 -34.507507
v -42.205075 55.316075 -34.507507
v -43.227325 54.769671 -34.507507
v -44.123335 54.034335 -34.507507
v -44.858671 53.138325 -34.507507
v -45.405075 52.116075 -34.507507
v -45.741549 51.006869 -34.507507
v -45.855162 49.853333 -34.507507
v -45.741549 48.699798 -34.507507
v -45.405075 47.590592 -34.507507
v -44.858671 46.568342 -34.507507
v -44.123335 45.672332 -34.507507
v -43.227325 44.936996 -34.507507
v -42.205075 44.390592 -34.507507
v -41.095869 44.054118 -34.507507
v -39.942333 43.940504 -34.507507
v -38.788798 44.054118 -34.507507
v -37.679592 44.390592 -34.507507
v -36.657342 44.936996 -34.507507
v -35.761332 45.672332 -34.507507
v -35.025996 46.568342 -34.507507
v -34.479592 47.590592 -34.507507
v -34.143118 48.699798 -34.507507
v -34.620928 49.853333 -35.613983
v -34.723177 50.891488 -35.613983
v -35.025996 51.889747 -35.613983
v -35.517746 52.809748 -35.613983
v -36.179531 53.616135 -35.613983
v -36.985919 54.277920 -35.613983
v -37.905920 54.769671 -35.613983
v -38.904179 55.072490 -35.613983
v -39.942333 55.174739 -35.613983
v -40.980488 55.072490 -35.613983
v -41.978747 54.769671 -35.613983
v -42.898748 54.277920 -35.613983
v -43.705135 53.616135 -35.613983
v -44.366920 52.809748 -35.613983
v -44.858671 51.889747 -35.613983
v -45.161490 50.891488 -35.613983
v -45.263739 49.853333 -35.613983
v -45.161490 48.815179 -35.613983
v -44.858671 47.816920 -35.613983
v -44.366920 46.896919 -35.613983
v -43.705135 46.090531 -35.613983
v -42.898748 45.428746 -35.613983
v -41.978747 44.936996 -35.613983
v -40.980488 44.634177 -35.613983
v -39.942333 44.531928 -35.613983
v -38.904179 44.634177 -35.613983
v -37.905920 44.936996 -35.613983
v -36.985919 45.428746 -35.613983
v -36.179531 46.090531 -35.613983
v -35.517746 46.896919 -35.613983
v -35.025996 47.816920 -35.613983
v -34.723177 48.815179 -35.613983
v -35.416850 49.853333 -36.583817
v -35.503806 50.736211 -36.583817
v -35.761332 51.585161 -36.583817
v -36.179531 52.367557 -36.583817
v -36.742333 53.053333 -36.583817
v -37.428109 53.616135 -36.583817
v -38.210506 54.034335 -36.583817
v -39.059455 54.291861 -36.583817
v -39.942333 54.378817 -36.583817
v -40.825211 54.291861 -36.583817
v -41.674161 54.034335 -36.583817
v -42.456557 53.616135 -36.583817
v -43.142333 53.053333 -36.583817
v -43.705135 52.367557 -36.583817
v -44.123335 51.585161 -36.583817
v -44.380861 50.736211 -36.583817
v -44.467817 49.853333 -36.583817
v -44.380861 48.970455 -36.583817
v -44.123335 48.121506 -36.583817
v -43.705135 47.339109 -36.583817
v -43.142333 46.653333 -36.583817
v -42.456557 46.090531 -36.583817
v -41.674161 45.672332 -36.583817
v -40.825211 45.414806 -36.583817
v -39.942333 45.327850 -36.583817
v -39.059455 45.414806 -36.583817
v -38.210506 45.672332 -36.583817
v -37.428109 46.090531 -36.583817
v -36.742333 46.653333 -36.583817
v -36.179531 47.339109 -36.583817
v -35.761332 48.121506 -36.583817
v -35.503806 48.970455 -36.583817
v -36.386684 49.853333 -37.379739
v -36.455005 50.547006 -37.379739
v -36.657342 51.214021 -37.379739
v -36.985919 51.828746 -37.379739
v -37.428109 52.367557 -37.379739
v -37.966920 52.809748 -37.379739
v -38.581645 53.138325 -37.379739
v -39.248661 53.340662 -37.379739
v -39.942333 53.408983 -37.379739
v -40.636006 53.340662 -37.379739
v -41.303021 53.138325 -37.379739
v -41.917746 52.809748 -37.379739
v -42.456557 52.367557 -37.379739
v -42.898748 51.828746 -37.379739
v -43.227325 51.214021 -37.379739
v -43.429662 50.547006 -37.379739
v -43.497983 49.853333 -37.379739
v -43.429662 49.159661 -37.379739
v -43.227325 48.492645 -37.379739
v -42.898748 47.877920 -37.379739
v -42.456557 47.339109 -37.379739
v -41.917746 46.896919 -37.379739
v -41.303021 46.568342 -37.379739
v -40.636006 46.366005 -37.379739
v -39.942333 46.297684 -37.379739
v -39.248661 46.366005 -37.379739
v -38.581645 46.568342 -37.379739
v -37.966920 46.896919 -37.379739
v -37.428109 47.339109 -37.379739
v -36.985919 47.877920 -37.379739
v -36.657342 48.492645 -37.379739
v -36.455005 49.159661 -37.379739
v -37.493159 49.853333 -37.971162
v -37.540220 50.331143 -37.971162
v -37.679592 50.790592 -37.971162
v -37.905920 51.214021 -37.971162
v -38.210506 51.585161 -37.971162
v -38.581645 51.889747 -37.971162
v -39.005075 52.116075 -37.971162
v -39.464523 52.255447 -37.971162
v -39.942333 52.302507 -37.971162
v -40.420143 52.255447 -37.971162
v -40.879592 52.116075 -37.971162
v -41.303021 51.889747 -37.971162
v -41.674161 51.585161 -37.971162
v -41.978747 51.214021 -37.971162
v -42.205075 50.790592 -37.971162
v -42.344447 50.331143 -37.971162
v -42.391507 49.853333 -37.971162
v -42.344447 49.375523 -37.971162
v -42.205075 48.916075 -37.971162
v -41.978747 48.492645 -37.971162
v -41.674161 48.121506 -37.971162
v -41.303021 47.816920 -37.971162
v -40.879592 47.590592 -37.971162
v -40.420143 47.451220 -37.971162
v -39.942333 47.404159 -37.971162
v -39.464523 47.451220 -37.971162
v -39.005075 47.590592 -37.971162
v -38.581645 47.816920 -37.971162
v -38.210506 48.121506 -37.971162
v -37.905920 48.492645 -37.971162
v -37.679592 48.916075 -37.971162
v -37.540220 49.375523 -37.971162
v -38.693755 49.853333 -38.335359
v -38.717746 50.096919 -38.335359
v -38.788798 50.331143 -38.335359
v -38.904179 50.547006 -38.335359
v -39.059455 50.736211 -38.335359
v -39.248661 50.891488 -38.335359
v -39.464523 51.006869 -38.335359
v -39.698748 51.077920 -38.335359
v -39.942333 51.101911 -38.335359
v -40.185919 51.077920 -38.335359
v -40.420143 51.006869 -38.335359
v -40.636006 50.891488 -38.335359
v -40.825211 50.736211 -38.335359
v -40.980488 50.547006 -38.335359
v -41.095869 50.331143 -38.335359
v -41.166920 50.096919 -38.335359
v -41.190911 49.853333 -38.335359
v -41.166920 49.609748 -38.335359
v -41.095869 49.375523 -38.335359
v -40.980488 49.159661 -38.335359
v -40.825211 48.970455 -38.335359
v -40.636006 48.815179 -38.335359
v -40.420143 48.699798 -38.335359
v -40.185919 48.628746 -38.335359
v -39.942333 48.604755 -38.335359
v -39.698748 48.628746 -38.335359
v -39.464523 48.699798 -38.335359
v -39.248661 48.815179 -38.335359
v -39.059455 48.970455 -38.335359
v -38.904179 49.159661 -38.335359
v -38.788798 49.375523 -38.335359
v -38.717746 49.609748 -38.335359
v -39.942333 49.853333 -38.458333
v -39.662333 50.693333 44.917667
v -38.413755 50.693333 44.794692
v -38.437746 50.936919 44.794692
v -38.508798 51.171143 44.794692
v -38.624179 51.387006 44.794692
v -38.779455 51.576211 44.794692
v -38.968661 51.731488 44.794692
v -39.184523 51.846869 44.794692
v -39.418748 51.917920 44.794692
v -39.662333 51.941911 44.794692
v -39.905919 51.917920 44.794692
v -40.140143 51.846869 44.794692
v -40.356006 51.731488 44.794692
v -40.545211 51.576211 44.794692
v -40.700488 51.387006 44.794692
v -40.815869 51.171143 44.794692
v -40.886920 50.936919 44.794692
v -40.910911 50.693333 44.794692
v -40.886920 50.449748 44.794692
v -40.815869 50.215523 44.794692
v -40.700488 49.999661 44.794692
v -40.545211 49.810455 44.794692
v -40.356006 49.655179 44.794692
v -40.140143 49.539798 44.794692
v -39.905919 49.468746 44.794692
v -39.662333 49.444755 44.794692
v -39.418748 49.468746 44.794692
v -39.184523 49.539798 44.794692
v -38.968661 49.655179 44.794692
v -38.779455 49.810455 44.794692
v -38.624179 49.999661 44.794692
v -38.508798 50.215523 44.794692
v -38.437746 50.449748 44.794692
v -37.213159 50.693333 44.430496
v -37.260220 51.171143 44.430496
v -37.399592 51.630592 44.430496
v -37.625920 52.054021 44.430496
v -37.930506 52.425161 44.430496
v -38.301645 52.729747 44.430496
v -38.725075 52.956075 44.430496
v -39.184523 53.095447 44.430496
v -39.662333 53.142507 44.430496
v -40.140143 53.095447 44.430496
v -40.599592 52.956075 44.430496
v -41.023021 52.729747 44.430496
v -41.394161 52.425161 44.430496
v -41.698747 52.054021 44.430496
v -41.925075 51.630592 44.430496
v -42.064447 51.171143 44.430496
v -42.111507 50.693333 44.430496
v -42.064447 50.215523 44.430496
v -41.925075 49.756075 44.430496
v -41.698747 49.332645 44.430496
v -41.394161 48.961506 44.430496
v -41.023021 48.656920 44.430496
v -40.599592 48.430592 44.430496
v -40.140143 48.291220 44.430496
v -39.662333 48.244159 44.430496
v -39.184523 48.291220 44.430496
v -38.725075 48.430592 44.430496
v -38.301645 48.656920 44.430496
v -37.930506 48.961506 44.430496
v -37.625920 49.332645 44.430496
v -37.399592 49.756075 44.430496
v -37.260220 50.215523 44.430496
v -36.106684 50.693333 43.839072
v -36.175005 51.387006 43.839072
v -36.377342 52.054021 43.839072
v -36.705919 52.668746 43.839072
v -37.148109 53.207557 43.839072
v -37.686920 53.649748 43.839072
v -38.301645 53.978325 43.839072
v -38.968661 54.180662 43.839072
v -39.662333 54.248983 43.839072
v -40.356006 54.180662 43.839072
v -41.023021 53.978325 43.839072
v -41.637746 53.649748 43.839072
v -42.176557 53.207557 43.839072
v -42.618748 52.668746 43.839072
v -42.947325 52.054021 43.839072
v -43.149662 51.387006 43.839072
v -43.217983 50.693333 43.839072
v -43.149662 49.999661 43.839072
v -42.947325 49.332645 43.839072
v -42.618748 48.717920 43.839072
v -42.176557 48.179109 43.839072
v -41.637746 47.736919 43.839072
v -41.023021 47.408342 43.839072
v -40.356006 47.206005 43.839072
v -39.662333 47.137684 43.839072
v -38.968661 47.206005 43.839072
v -38.301645 47.408342 43.839072
v -37.686920 47.736919 43.839072
v -37.148109 48.179109 43.839072
v -36.705919 48.717920 43.839072
v -36.377342 49.332645 43.839072
v -36.175005 49.999661 43.839072
v -35.136850 50.693333 43.043150
v -35.223806 51.576211 43.043150
v -35.481332 52.425161 43.043150
v -35.899531 53.207557 43.043150
v -36.462333 53.893333 43.043150
v -37.148109 54.456135 43.043150
v -37.930506 54.874335 43.043150
v -38.779455 55.131861 43.043150
v -39.662333 55.218817 43.043150
v -40.545211 55.131861 43.043150
v -41.394161 54.874335 43.043150
v -42.176557 54.456135 43.043150
v -42.862333 53.893333 43.043150
v -43.425135 53.207557 43.043150
v -43.843335 52.425161 43.043150
v -44.100861 51.576211 43.043150
v -44.187817 50.693333 43.043150
v -44.100861 49.810455 43.043150
v -43.843335 48.961506 43.043150
v -43.425135 48.179109 43.043150
v -42.862333 47.493333 43.043150
v -42.176557 46.930531 43.043150
v -41.394161 46.512332 43.043150
v -40.545211 46.254806 43.043150
v -39.662333 46.167850 43.043150
v -38.779455 46.254806 43.043150
v -37.930506 46.512332 43.043150
v -37.148109 46.930531 43.043150
v -36.462333 47.493333 43.043150
v -35.899531 48.179109 43.043150
v -35.481332 48.961506 43.043150
v -35.223806 49.810455 43.043150
v -34.340928 50.693333 42.073316
v -34.443177 51.731488 42.073316
v -34.745996 52.729747 42.073316
v -35.237746 53.649748 42.073316
v -35.899531 54.456135 42.073316
v -36.705919 55.117920 42.073316
v -37.625920 55.609671 42.073316
v -38.624179 55.912490 42.073316
v -39.662333 56.014739 42.073316
v -40.700488 55.912490 42.073316
v -41.698747 55.609671 42.073316
v -42.618748 55.117920 42.073316
v -43.425135 54.456135 42.073316
v -44.086920 53.649748 42.073316
v -44.578671 52.729747 42.073316
v -44.881490 51.731488 42.073316
v -44.983739 50.693333 42.073316
v -44.881490 49.655179 42.073316
v -44.578671 48.656920 42.073316
v -44.086920 47.736919 42.073316
v -43.425135 46.930531 42.073316
v -42.618748 46.268746 42.073316
v -41.698747 45.776996 42.073316
v -40.700488 45.474177 42.073316
v -39.662333 45.371928 42.073316
v -38.624179 45.474177 42.073316
v -37.625920 45.776996 42.073316
v -36.705919 46.268746 42.073316
v -35.899531 46.930531 42.073316
v -35.237746 47.736919 42.073316
v -34.745996 48.656920 42.073316
v -34.443177 49.655179 42.073316
v -33.749504 50.693333 40.966841
v -33.863118 51.846869 40.966841
v -34.199592 52.956075 40.966841
v -34.745996 53.978325 40.966841
v -35.481332 54.874335 40.966841
v -36.377342 55.609671 40.966841
v -37.399592 56.156075 40.966841
v -38.508798 56.492549 40.966841
v -39.662333 56.606162 40.966841
v -40.815869 56.492549 40.966841
v -41.925075 56.156075 40.966841
v -42.947325 55.609671 40.966841
v -43.843335 54.874335 40.966841
v -44.578671 53.978325 40.966841
v -45.125075 52.956075 40.966841
v -45.461549 51.846869 40.966841
v -45.575162 50.693333 40.966841
v -45.461549 49.539798 40.966841
v -45.125075 48.430592 40.966841
v -44.578671 47.408342 40.966841
v -43.843335 46.512332 40.966841
v -42.947325 45.776996 40.966841
v -41.925075 45.230592 40.966841
v -40.815869 44.894118 40.966841
v -39.662333 44.780504 40.966841
v -38.508798 44.894118 40.966841
v -37.399592 45.230592 40.966841
v -36.377342 45.776996 40.966841
v -35.481332 46.512332 40.966841
v -34.745996 47.408342 40.966841
v -34.199592 48.430592 40.966841
v -33.863118 49.539798 40.966841
v -33.385308 50.693333 39.766245
v -33.505919 51.917920 39.766245
v -33.863118 53.095447 39.766245
v -34.443177 54.180662 39.766245
v -35.223806 55.131861 39.766245
v -36.175005 55.912490 39.766245
v -37.260220 56.492549 39.766245
v -38.437746 56.849748 39.766245
v -39.662333 56.970359 39.766245
v -40.886920 56.849748 39.766245
v -42.064447 56.492549 39.766245
v -43.149662 55.912490 39.766245
v -44.100861 55.131861 39.766245
v -44.881490 54.180662 39.766245
v -45.461549 53.095447 39.766245
v -45.818748 51.917920 39.766245
v -45.939359 50.693333 39.766245
v -45.818748 49.468746 39.766245
v -45.461549 48.291220 39.766245
v -44.881490 47.206005 39.766245
v -44.100861 46.254806 39.766245
v -43.149662 45.474177 39.766245
v -42.064447 44.894118 39.766245
v -40.886920 44.536919 39.766245
v -39.662333 44.416308 39.766245
v -38.437746 44.536919 39.766245
v -37.260220 44.894118 39.766245
v -36.175005 45.474177 39.766245
v -35.223806 46.254806 39.766245
v -34.443177 47.206005 39.766245
v -33.863118 48.291220 39.766245
v -33.505919 49.468746 39.766245
v -33.262333 50.693333 38.517667
v -33.385308 51.941911 38.517667
v -33.749504 53.142507 38.517667
v -34.340928 54.248983 38.517667
v -35.136850 55.218817 38.517667
v -36.106684 56.014739 38.517667
v -37.213159 56.606162 38.517667
v -38.413755 56.970359 38.517667
v -39.662333 57.093333 38.517667
v -40.910911 56.970359 38.517667
v -42.111507 56.606162 38.517667
v -43.217983 56.014739 38.517667
v -44.187817 55.218817 38.517667
v -44.983739 54.248983 38.517667
v -45.575162 53.142507 38.517667
v -45.939359 51.941911 38.517667
v -46.062333 50.693333 38.517667
v -45.939359 49.444755 38.517667
v -45.575162 48.244159 38.517667
v -44.983739 47.137684 38.517667
v -44.187817 46.167850 38.517667
v -43.217983 45.371928 38.517667
v -42.111507 44.780504 38.517667
v -40.910911 44.416308 38.517667
v -39.662333 44.293333 38.517667
v -38.413755 44.416308 38.517667
v -37.213159 44.780504 38.517667
v -36.106684 45.371928 38.517667
v -35.136850 46.167850 38.517667
v -34.340928 47.137684 38.517667
v -33.749504 48.244159 38.517667
v -33.385308 49.444755 38.517667
v -33.385308 50.693333 37.269089
v -33.505919 51.917920 37.269089
v -33.863118 53.095447 37.269089
v -34.443177 54.180662 37.269089
v -35.223806 55.131861 37.269089
v -36.175005 55.912490 37.269089
v -37.260220 56.492549 37.269089
v -38.437746 56.849748 37.269089
v -39.662333 56.970359 37.269089
v -40.886920 56.849748 37.269089
v -42.064447 56.492549 37.269089
v -43.149662 55.912490 37.269089
v -44.100861 55.131861 37.269089
v -44.881490 54.180662 37.269089
v -45.461549 53.095447 37.269089
v -45.818748 51.917920 37.269089
v -45.939359 50.693333 37.269089
v -45.818748 49.468746 37.269089
v -45.461549 48.291220 37.269089
v -44.881490 47.206005 37.269089
v -44.100861 46.254806 37.269089
v -43.149662 45.474177 37.269089
v -42.064447 44.894118 37.269089
v -40.886920 44.536919 37.269089
v -39.662333 44.416308 37.269089
v -38.437746 44.536919 37.269089
v -37.260220 44.894118 37.269089
v -36.175005 45.474177 37.269089
v -35.223806 46.254806 37.269089
v -34.443177 47.206005 37.269089
v -33.863118 48.291220 37.269089
v -33.505919 49.468746 37.269089
v -33.749504 50.693333 36.068493
v -33.863118 51.846869 36.068493
v -34.199592 52.956075 36.068493
v -34.745996 53.978325 36.068493
v -35.481332 54.874335 36.068493
v -36.377342 55.609671 36.068493
v -37.399592 56.156075 36.068493
v -38.508798 56.492549 36.068493
v -39.662333 56.606162 36.068493
v -40.815869 56.492549 36.068493
v -41.925075 56.156075 36.068493
v -42.947325 55.609671 36.068493
v -43.843335 54.874335 36.068493
v -44.578671 53.978325 36.068493
v -45.125075 52.956075 36.068493
v -45.461549 51.846869 36.068493
v -45.575162 50.693333 36.068493
v -45.461549 49.539798 36.068493
v -45.125075 48.430592 36.068493
v -44.578671 47.408342 36.068493
v -43.843335 46.512332 36.068493
v -42.947325 45.776996 36.068493
v -41.925075 45.230592 36.068493
v -40.815869 44.894118 36.068493
v -39.662333 44.780504 36.068493
v -38.508798 44.894118 36.068493
v -37.399592 45.230592 36.068493
v -36.377342 45.776996 36.068493
v -35.481332 46.512332 36.068493
v -34.745996 47.408342 36.068493
v -34.199592 48.430592 36.068493
v -33.863118 49.539798 36.068493
v -34.340928 50.693333 34.962017
v -34.443177 51.731488 34.962017
v -34.745996 52.729747 34.962017
v -35.237746 53.649748 34.962017
v -35.899531 54.456135 34.962017
v -36.705919 55.117920 34.962017
v -37.625920 55.609671 34.962017
v -38.624179 55.912490 34.962017
v -39.662333 56.014739 34.962017
v -40.700488 55.912490 34.962017
v -41.698747 55.609671 34.962017
v -42.618748 55.117920 34.962017
v -43.425135 54.456135 34.962017
v -44.086920 53.649748 34.962017
v -44.578671 52.729747 34.962017
v -44.881490 51.731488 34.962017
v -44.983739 50.693333 34.962017
v -44.881490 49.655179 34.962017
v -44.578671 48.656920 34.962017
v -44.086920 47.736919 34.962017
v -43.425135 46.930531 34.962017
v -42.618748 46.268746 34.962017
v -41.698747 45.776996 34.962017
v -40.700488 45.474177 34.962017
v -39.662333 45.371928 34.962017
v -38.624179 45.474177 34.962017
v -37.625920 45.776996 34.962017
v -36.705919 46.268746 34.962017
v -35.899531 46.930531 34.962017
v -35.237746 47.736919 34.962017
v -34.745996 48.656920 34.962017
v -34.443177 49.655179 34.962017
v -35.136850 50.693333 33.992183
v -35.223806 51.576211 33.992183
v -35.481332 52.425161 33.992183
v -35.899531 53.207557 33.992183
v -36.462333 53.893333 33.992183
v -37.148109 54.456135 33.992183
v -37.930506 54.874335 33.992183
v -38.779455 55.131861 33.992183
v -39.662333 55.218817 33.992183
v -40.545211 55.131861 33.992183
v -41.394161 54.874335 33.992183
v -42.176557 54.456135 33.992183
v -42.862333 53.893333 33.992183
v -43.425135 53.207557 33.992183
v -43.843335 52.425161 33.992183
v -44.100861 51.576211 33.992183
v -44.187817 50.693333 33.992183
v -44.100861 49.810455 33.992183
v -43.843335 48.961506 33.992183
v -43.425135 48.179109 33.992183
v -42.862333 47.493333 33.992183
v -42.176557 46.930531 33.992183
v -41.394161 46.512332 33.992183
v -40.545211 46.254806 33.992183
v -39.662333 46.167850 33.992183
v -38.779455 46.254806 33.992183
v -37.930506 46.512332 33.992183
v -37.148109 46.930531 33.992183
v -36.462333 47.493333 33.992183
v -35.899531 48.179109 33.992183
v -35.481332 48.961506 33.992183
v -35.223806 49.810455 33.992183
v -36.106684 50.693333 33.196261
v -36.175005 51.387006 33.196261
v -36.377342 52.054021 33.196261
v -36.705919 52.668746 33.196261
v -37.148109 53.207557 33.196261
v -37.686920 53.649748 33.196261
v -38.301645 53.978325 33.196261
v -38.968661 54.180662 33.196261
v -39.662333 54.248983 33.196261
v -40.356006 54.180662 33.196261
v -41.023021 53.978325 33.196261
v -41.637746 53.649748 33.196261
v -42.176557 53.207557 33.196261
v -42.618748 52.668746 33.196261
v -42.947325 52.054021 33.196261
v -43.149662 51.387006 33.196261
v -43.217983 50.693333 33.196261
v -43.149662 49.999661 33.196261
v -42.947325 49.332645 33.196261
v -42.618748 48.717920 33.196261
v -42.176557 48.179109 33.196261
v -41.637746 47.736919 33.196261
v -41.023021 47.408342 33.196261
v -40.356006 47.206005 33.196261
v -39.662333 47.137684 33.196261
v -38.968661 47.206005 33.196261
v -38.301645 47.408342 33.196261
v -37.686920 47.736919 33.196261
v -37.148109 48.179109 33.196261
v -36.705919 48.717920 33.196261
v -36.377342 49.332645 33.196261
v -36.175005 49.999661 33.196261
v -37.213159 50.693333 32.604838
v -37.260220 51.171143 32.604838
v -37.399592 51.630592 32.604838
v -37.625920 52.054021 32.604838
v -37.930506 52.425161 32.604838
v -38.301645 52.729747 32.604838
v -38.725075 52.956075 32.604838
v -39.184523 53.095447 32.604838
v -39.662333 53.142507 32.604838
v -40.140143 53.095447 32.604838
v -40.599592 52.956075 32.604838
v -41.023021 52.729747 32.604838
v -41.394161 52.425161 32.604838
v -41.698747 52.054021 32.604838
v -41.925075 51.630592 32.604838
v -42.064447 51.171143 32.604838
v -42.111507 50.693333 32.604838
v -42.064447 50.215523 32.604838
v -41.925075 49.756075 32.604838
v -41.698747 49.332645 32.604838
v -41.394161 48.961506 32.604838
v -41.023021 48.656920 32.604838
v -40.599592 48.430592 32.604838
v -40.140143 48.291220 32.604838
v -39.662333 48.244159 32.604838
v -39.184523 48.291220 32.604838
v -38.725075 48.430592 32.604838
v -38.301645 48.656920 32.604838
v -37.930506 48.961506 32.604838
v -37.625920 49.332645 32.604838
v -37.399592 49.756075 32.604838
v -37.260220 50.215523 32.604838
v -38.413755 50.693333 32.240641
v -38.437746 50.936919 32.240641
v -38.508798 51.171143 32.240641
v -38.624179 51.387006 32.240641
v -38.779455 51.576211 32.240641
v -38.968661 51.731488 32.240641
v -39.184523 51.846869 32.240641
v -39.418748 51.917920 32.240641
v -39.662333 51.941911 32.240641
v -39.905919 51.917920 32.240641
v -40.140143 51.846869 32.240641
v -40.356006 51.731488 32.240641
v -40.545211 51.576211 32.240641
v -40.700488 51.387006 32.240641
v -40.815869 51.171143 32.240641
v -40.886920 50.936919 32.240641
v -40.910911 50.693333 32.240641
v -40.886920 50.449748 32.240641
v -40.815869 50.215523 32.240641
v -40.700488 49.999661 32.240641
v -40.545211 49.810455 32.240641
v -40.356006 49.655179 32.240641
v -40.140143 49.539798 32.240641
v -39.905919 49.468746 32.240641
v -39.662333 49.444755 32.240641
v -39.418748 49.468746 32.240641
v -39.184523 49.539798 32.240641
v -38.968661 49.655179 32.240641
v -38.779455 49.810455 32.240641
v -38.624179 49.999661 32.240641
v -38.508798 50.215523 32.240641
v -38.437746 50.449748 32.240641
v -39.662333 50.693333 32.117667
v -105.818333 -30.930667 -35.834333
v -104.569755 -30.930667 -35.957308
v -104.593746 -30.687081 -35.957308
v -104.664798 -30.452857 -35.957308
v -104.780179 -30.236994 -35.957308
v -104.935455 -30.047789 -35.957308
v -105.124661 -29.892512 -35.957308
v -105.340523 -29.777131 -35.957308
v -105.574748 -29.706080 -35.957308
v -105.818333 -29.682089 -35.957308
v -106.061919 -29.706080 -35.957308
v -106.296143 -29.777131 -35.957308
v -106.512006 -29.892512 -35.957308
v -106.701211 -30.047789 -35.957308
v -106.856488 -30.236994 -35.957308
v -106.971869 -30.452857 -35.957308
v -107.042920 -30.687081 -35.957308
v -107.066911 -30.930667 -35.957308
v -107.042920 -31.174252 -35.957308
v -106.971869 -31.408477 -35.957308
v -106.856488 -31.624339 -35.957308
v -106.701211 -31.813545 -35.957308
v -106.512006 -31.968821 -35.957308
v -106.296143 -32.084202 -35.957308
v -106.061919 -32.155254 -35.957308
v -105.818333 -32.179245 -35.957308
v -105.574748 -32.155254 -35.957308
v -105.340523 -32.084202 -35.957308
v -105.124661 -31.968821 -35.957308
v -104.935455 -31.813545 -35.957308
v -104.780179 -31.624339 -35.957308
v -104.664798 -31.408477 -35.957308
v -104.593746 -31.174252 -35.957308
v -103.369159 -30.930667 -36.321504
v -103.416220 -30.452857 -36.321504
v -103.555592 -29.993408 -36.321504
v -103.781920 -29.569979 -36.321504
v -104.086506 -29.198839 -36.321504
v -104.457645 -28.894253 -36.321504
v -104.881075 -28.667925 -36.321504
v -105.340523 -28.528553 -36.321504
v -105.818333 -28.481493 -36.321504
v -106.296143 -28.528553 -36.321504
v -106.755592 -28.667925 -36.321504
v -107.179021 -28.894253 -36.321504
v -107.550161 -29.198839 -36.321504
v -107.854747 -29.569979 -36.321504
v -108.081075 -29.993408 -36.321504
v -108.220447 -30.452857 -36.321504
v -108.267507 -30.930667 -36.321504
v -108.220447 -31.408477 -36.321504
v -108.081075 -31.867925 -36.321504
v -107.854747 -32.291355 -36.321504
v -107.550161 -32.662494 -36.321504
v -107.179021 -32.967080 -36.321504
v -106.755592 -33.193408 -36.321504
v -106.296143 -33.332780 -36.321504
v -105.818333 -33.379841 -36.321504
v -105.340523 -33.332780 -36.321504
v -104.881075 -33.193408 -36.321504
v -104.457645 -32.967080 -36.321504
v -104.086506 -32.662494 -36.321504
v -103.781920 -32.291355 -36.321504
v -103.555592 -31.867925 -36.321504
v -103.416220 -31.408477 -36.321504
v -102.262684 -30.930667 -36.912928
v -102.331005 -30.236994 -36.912928
v -102.533342 -29.569979 -36.912928
v -102.861919 -28.955254 -36.912928
v -103.304109 -28.416443 -36.912928
v -103.842920 -27.974252 -36.912928
v -104.457645 -27.645675 -36.912928
v -105.124661 -27.443338 -36.912928
v -105.818333 -27.375017 -36.912928
v -106.512006 -27.443338 -36.912928
v -107.179021 -27.645675 -36.912928
v -107.793746 -27.974252 -36.912928
v -108.332557 -28.416443 -36.912928
v -108.774748 -28.955254 -36.912928
v -109.103325 -29.569979 -36.912928
v -109.305662 -30.236994 -36.912928
v -109.373983 -30.930667 -36.912928
v -109.305662 -31.624339 -36.912928
v -109.103325 -32.291355 -36.912928
v -108.774748 -32.906080 -36.912928
v -108.332557 -33.444891 -36.912928
v -107.793746 -33.887081 -36.912928
v -107.179021 -34.215658 -36.912928
v -106.512006 -34.417995 -36.912928
v -105.818333 -34.486316 -36.912928
v -105.124661 -34.417995 -36.912928
v -104.457645 -34.215658 -36.912928
v -103.842920 -33.887081 -36.912928
v -103.304109 -33.444891 -36.912928
v -102.861919 -32.906080 -36.912928
v -102.533342 -32.291355 -36.912928
v -102.331005 -31.624339 -36.912928
v -101.292850 -30.930667 -37.708850
v -101.379806 -30.047789 -37.708850
v -101.637332 -29.198839 -37.708850
v -102.055531 -28.416443 -37.708850
v -102.618333 -27.730667 -37.708850
v -103.304109 -27.167865 -37.708850
v -104.086506 -26.749665 -37.708850
v -104.935455 -26.492139 -37.708850
v -105.818333 -26.405183 -37.708850
v -106.701211 -26.492139 -37.708850
v -107.550161 -26.749665 -37.708850
v -108.332557 -27.167865 -37.708850
v -109.018333 -27.730667 -37.708850
v -109.581135 -28.416443 -37.708850
v -109.999335 -29.198839 -37.708850
v -110.256861 -30.047789 -37.708850
v -110.343817 -30.930667 -37.708850
v -110.256861 -31.813545 -37.708850
v -109.999335 -32.662494 -37.708850
v -109.581135 -33.444891 -37.708850
v -109.018333 -34.130667 -37.708850
v -108.332557 -34.693469 -37.708850
v -107.550161 -35.111668 -37.708850
v -106.701211 -35.369194 -37.708850
v -105.818333 -35.456150 -37.708850
v -104.935455 -35.369194 -37.708850
v -104.086506 -35.111668 -37.708850
v -103.304109 -34.693469 -37.708850
v -102.618333 -34.130667 -37.708850
v -102.055531 -33.444891 -37.708850
v -101.637332 -32.662494 -37.708850
v -101.379806 -31.813545 -37.708850
v -100.496928 -30.930667 -38.678684
v -100.599177 -29.892512 -38.678684
v -100.901996 -28.894253 -38.678684
v -101.393746 -27.974252 -38.678684
v -102.055531 -27.167865 -38.678684
v -102.861919 -26.506080 -38.678684
v -103.781920 -26.014329 -38.678684
v -104.780179 -25.711510 -38.678684
v -105.818333 -25.609261 -38.678684
v -106.856488 -25.711510 -38.678684
v -107.854747 -26.014329 -38.678684
v -108.774748 -26.506080 -38.678684
v -109.581135 -27.167865 -38.678684
v -110.242920 -27.974252 -38.678684
v -110.734671 -28.894253 -38.678684
v -111.037490 -29.892512 -38.678684
v -111.139739 -30.930667 -38.678684
v -111.037490 -31.968821 -38.678684
v -110.734671 -32.967080 -38.678684
v -110.242920 -33.887081 -38.678684
v -109.581135 -34.693469 -38.678684
v -108.774748 -35.355254 -38.678684
v -107.854747 -35.847004 -38.678684
v -106.856488 -36.149823 -38.678684
v -105.818333 -36.252072 -38.678684
v -104.780179 -36.149823 -38.678684
v -103.781920 -35.847004 -38.678684
v -102.861919 -35.355254 -38.678684
v -102.055531 -34.693469 -38.678684
v -101.393746 -33.887081 -38.678684
v -100.901996 -32.967080 -38.678684
v -100.599177 -31.968821 -38.678684
v -99.905504 -30.930667 -39.785159
v -100.019118 -29.777131 -39.785159
v -100.355592 -28.667925 -39.785159
v -100.901996 -27.645675 -39.785159
v -101.637332 -26.749665 -39.785159
v -102.533342 -26.014329 -39.785159
v -103.555592 -25.467925 -39.785159
v -104.664798 -25.131451 -39.785159
v -105.818333 -25.017838 -39.785159
v -106.971869 -25.131451 -39.785159
v -108.081075 -25.467925 -39.785159
v -109.103325 -26.014329 -39.785159
v -109.999335 -26.749665 -39.785159
v -110.734671 -27.645675 -39.785159
v -111.281075 -28.667925 -39.785159
v -111.617549 -29.777131 -39.785159
v -111.731162 -30.930667 -39.785159
v -111.617549 -32.084202 -39.785159
v -111.281075 -33.193408 -39.785159
v -110.734671 -34.215658 -39.785159
v -109.999335 -35.111668 -39.785159
v -109.103325 -35.847004 -39.785159
v -108.081075 -36.393408 -39.785159
v -106.971869 -36.729882 -39.785159
v -105.818333 -36.843496 -39.785159
v -104.664798 -36.729882 -39.785159
v -103.555592 -36.393408 -39.785159
v -102.533342 -35.847004 -39.785159
v -101.637332 -35.111668 -39.785159
v -100.901996 -34.215658 -39.785159
v -100.355592 -33.193408 -39.785159
v -100.019118 -32.084202 -39.785159
v -99.541308 -30.930667 -40.985755
v -99.661919 -29.706080 -40.985755
v -100.019118 -28.528553 -40.985755
v -100.599177 -27.443338 -40.985755
v -101.379806 -26.492139 -40.985755
v -102.331005 -25.711510 -40.985755
v -103.416220 -25.131451 -40.985755
v -104.593746 -24.774252 -40.985755
v -105.818333 -24.653641 -40.985755
v -107.042920 -24.774252 -40.985755
v -108.220447 -25.131451 -40.985755
v -109.305662 -25.711510 -40.985755
v -110.256861 -26.492139 -40.985755
v -111.037490 -27.443338 -40.985755
v -111.617549 -28.528553 -40.985755
v -111.974748 -29.706080 -40.985755
v -112.095359 -30.930667 -40.985755
v -111.974748 -32.155254 -40.985755
v -111.617549 -33.332780 -40.985755
v -111.037490 -34.417995 -40.985755
v -110.256861 -35.369194 -40.985755
v -109.305662 -36.149823 -40.985755
v -108.220447 -36.729882 -40.985755
v -107.042920 -37.087081 -40.985755
v -105.818333 -37.207692 -40.985755
v -104.593746 -37.087081 -40.985755
v -103.416220 -36.729882 -40.985755
v -102.331005 -36.149823 -40.985755
v -101.379806 -35.369194 -40.985755
v -100.599177 -34.417995 -40.985755
v -100.019118 -33.332780 -40.985755
v -99.661919 -32.155254 -40.985755
v -99.418333 -30.930667 -42.234333
v -99.541308 -29.682089 -42.234333
v -99.905504 -28.481493 -42.234333
v -100.496928 -27.375017 -42.234333
v -101.292850 -26.405183 -42.234333
v -102.262684 -25.609261 -42.234333
v -103.369159 -25.017838 -42.234333
v -104.569755 -24.653641 -42.234333
v -105.818333 -24.530667 -42.234333
v -107.066911 -24.653641 -42.234333
v -108.267507 -25.017838 -42.234333
v -109.373983 -25.609261 -42.234333
v -110.343817 -26.405183 -42.234333
v -111.139739 -27.375017 -42.234333
v -111.731162 -28.481493 -42.234333
v -112.095359 -29.682089 -42.234333
v -112.218333 -30.930667 -42.234333
v -112.095359 -32.179245 -42.234333
v -111.731162 -33.379841 -42.234333
v -111.139739 -34.486316 -42.234333
v -110.343817 -35.456150 -42.234333
v -109.373983 -36.252072 -42.234333
v -108.267507 -36.843496 -42.234333
v -107.066911 -37.207692 -42.234333
v -105.818333 -37.330667 -42.234333
v -104.569755 -37.207692 -42.234333
v -103.369159 -36.843496 -42.234333
v -102.262684 -36.252072 -42.234333
v -101.292850 -35.456150 -42.234333
v -100.496928 -34.486316 -42.234333
v -99.905504 -33.379841 -42.234333
v -99.541308 -32.179245 -42.234333
v -99.541308 -30.930667 -43.482911
v -99.661919 -29.706080 -43.482911
v -100.019118 -28.528553 -43.482911
v -100.599177 -27.443338 -43.482911
v -101.379806 -26.492139 -43.482911
v -102.331005 -25.711510 -43.482911
v -103.416220 -25.131451 -43.482911
v -104.593746 -24.774252 -43.482911
v -105.818333 -24.653641 -43.482911
v -107.042920 -24.774252 -43.482911
v -108.220447 -25.131451 -43.482911
v -109.305662 -25.711510 -43.482911
v -110.256861 -26.492139 -43.482911
v -111.037490 -27.443338 -43.482911
v -111.617549 -28.528553 -43.482911
v -111.974748 -29.706080 -43.482911
v -112.095359 -30.930667 -43.482911
v -111.974748 -32.155254 -43.482911
v -111.617549 -33.332780 -43.482911
v -111.037490 -34.417995 -43.482911
v -110.256861 -35.369194 -43.482911
v -109.305662 -36.149823 -43.482911
v -108.220447 -36.729882 -43.482911
v -107.042920 -37.087081 -43.482911
v -105.818333 -37.207692 -43.482911
v -104.593746 -37.087081 -43.482911
v -103.416220 -36.729882 -43.482911
v -102.331005 -36.149823 -43.482911
v -101.379806 -35.369194 -43.482911
v -100.599177 -34.417995 -43.482911
v -100.019118 -33.332780 -43.482911
v -99.661919 -32.155254 -43.482911
v -99.905504 -30.930667 -44.683507
v -100.019118 -29.777131 -44.683507
v -100.355592 -28.667925 -44.683507
v -100.901996 -27.645675 -44.683507
v -101.637332 -26.749665 -44.683507
v -102.533342 -26.014329 -44.683507
v -103.555592 -25.467925 -44.683507
v -104.664798 -25.131451 -44.683507
v -105.818333 -25.017838 -44.683507
v -106.971869 -25.131451 -44.683507
v -108.081075 -25.467925 -44.683507
v -109.103325 -26.014329 -44.683507
v -109.999335 -26.749665 -44.683507
v -110.734671 -27.645675 -44.683507
v -111.281075 -28.667925 -44.683507
v -111.617549 -29.777131 -44.683507
v -111.731162 -30.930667 -44.683507
v -111.617549 -32.084202 -44.683507
v -111.281075 -33.193408 -44.683507
v -110.734671 -34.215658 -44.683507
v -109.999335 -35.111668 -44.683507
v -109.103325 -35.847004 -44.683507
v -108.081075 -36.393408 -44.683507
v -106.971869 -36.729882 -44.683507
v -105.818333 -36.843496 -44.683507
v -104.664798 -36.729882 -44.683507
v -103.555592 -36.393408 -44.683507
v -102.533342 -35.847004 -44.683507
v -101.637332 -35.111668 -44.683507
v -100.901996 -34.215658 -44.683507
v -100.355592 -33.193408 -44.683507
v -100.019118 -32.084202 -44.683507
v -100.496928 -30.930667 -45.789983
v -100.599177 -29.892512 -45.789983
v -100.901996 -28.894253 -45.789983
v -101.393746 -27.974252 -45.789983
v -102.055531 -27.167865 -45.789983
v -102.861919 -26.506080 -45.789983
v -103.781920 -26.014329 -45.789983
v -104.780179 -25.711510 -45.789983
v -105.818333 -25.609261 -45.789983
v -106.856488 -25.711510 -45.789983
v -107.854747 -26.014329 -45.789983
v -108.774748 -26.506080 -45.789983
v -109.581135 -27.167865 -45.789983
v -110.242920 -27.974252 -45.789983
v -110.734671 -28.894253 -45.789983
v -111.037490 -29.892512 -45.789983
v -111.139739 -30.930667 -45.789983
v -111.037490 -31.968821 -45.789983
v -110.734671 -32.967080 -45.789983
v -110.242920 -33.887081 -45.789983
v -109.581135 -34.693469 -45.789983
v -108.774748 -35.355254 -45.789983
v -107.854747 -35.847004 -45.789983
v -106.856488 -36.149823 -45.789983
v -105.818333 -36.252072 -45.789983
v -104.780179 -36.149823 -45.789983
v -103.781920 -35.847004 -45.789983
v -102.861919 -35.355254 -45.789983
v -102.055531 -34.693469 -45.789983
v -101.393746 -33.887081 -45.789983
v -100.901996 -32.967080 -45.789983
v -100.599177 -31.968821 -45.789983
v -101.292850 -30.930667 -46.759817
v -101.379806 -30.047789 -46.759817
v -101.637332 -29.198839 -46.759817
v -102.055531 -28.416443 -46.759817
v -102.618333 -27.730667 -46.759817
v -103.304109 -27.167865 -46.759817
v -104.086506 -26.749665 -46.759817
v -104.935455 -26.492139 -46.759817
v -105.818333 -26.405183 -46.759817
v -106.701211 -26.492139 -46.759817
v -107.550161 -26.749665 -46.759817
v -108.332557 -27.167865 -46.759817
v -109.018333 -27.730667 -46.759817
v -109.581135 -28.416443 -46.759817
v -109.999335 -29.198839 -46.759817
v -110.256861 -30.047789 -46.759817
v -110.343817 -30.930667 -46.759817
v -110.256861 -31.813545 -46.759817
v -109.999335 -32.662494 -46.759817
v -109.581135 -33.444891 -46.759817
v -109.018333 -34.130667 -46.759817
v -108.332557 -34.693469 -46.759817
v -107.550161 -35.111668 -46.759817
v -106.701211 -35.369194 -46.759817
v -105.818333 -35.456150 -46.759817
v -104.935455 -35.369194 -46.759817
v -104.086506 -35.111668 -46.759817
v -103.304109 -34.693469 -46.759817
v -102.618333 -34.130667 -46.759817
v -102.055531 -33.444891 -46.759817
v -101.637332 -32.662494 -46.759817
v -101.379806 -31.813545 -46.759817
v -102.262684 -30.930667 -47.555739
v -102.331005 -30.236994 -47.555739
v -102.533342 -29.569979 -47.555739
v -102.861919 -28.955254 -47.555739
v -103.304109 -28.416443 -47.555739
v -103.842920 -27.974252 -47.555739
v -104.457645 -27.645675 -47.555739
v -105.124661 -27.443338 -47.555739
v -105.818333 -27.375017 -47.555739
v -106.512006 -27.443338 -47.555739
v -107.179021 -27.645675 -47.555739
v -107.793746 -27.974252 -47.555739
v -108.332557 -28.416443 -47.555739
v -108.774748 -28.955254 -47.555739
v -109.103325 -29.569979 -47.555739
v -109.305662 -30.236994 -47.555739
v -109.373983 -30.930667 -47.555739
v -109.305662 -31.624339 -47.555739
v -109.103325 -32.291355 -47.555739
v -108.774748 -32.906080 -47.555739
v -108.332557 -33.444891 -47.555739
v -107.793746 -33.887081 -47.555739
v -107.179021 -34.215658 -47.555739
v -106.512006 -34.417995 -47.555739
v -105.818333 -34.486316 -47.555739
v -105.124661 -34.417995 -47.555739
v -104.457645 -34.215658 -47.555739
v -103.842920 -33.887081 -47.555739
v -103.304109 -33.444891 -47.555739
v -102.861919 -32.906080 -47.555739
v -102.533342 -32.291355 -47.555739
v -102.331005 -31.624339 -47.555739
v -103.369159 -30.930667 -48.147162
v -103.416220 -30.452857 -48.147162
v -103.555592 -29.993408 -48.147162
v -103.781920 -29.569979 -48.147162
v -104.086506 -29.198839 -48.147162
v -104.457645 -28.894253 -48.147162
v -104.881075 -28.667925 -48.147162
v -105.340523 -28.528553 -48.147162
v -105.818333 -28.481493 -48.147162
v -106.296143 -28.528553 -48.147162
v -106.755592 -28.667925 -48.147162
v -107.179021 -28.894253 -48.147162
v -107.550161 -29.198839 -48.147162
v -107.854747 -29.569979 -48.147162
v -108.081075 -29.993408 -48.147162
v -108.220447 -30.452857 -48.147162
v -108.267507 -30.930667 -48.147162
v -108.220447 -31.408477 -48.147162
v -108.081075 -31.867925 -48.147162
v -107.854747 -32.291355 -48.147162
v -107.550161 -32.662494 -48.147162
v -107.179021 -32.967080 -48.147162
v -106.755592 -33.193408 -48.147162
v -106.296143 -33.332780 -48.147162
v -105.818333 -33.379841 -48.147162
v -105.340523 -33.332780 -48.147162
v -104.881075 -33.193408 -48.147162
v -104.457645 -32.967080 -48.147162
v -104.086506 -32.662494 -48.147162
v -103.781920 -32.291355 -48.147162
v -103.555592 -31.867925 -48.147162
v -103.416220 -31.408477 -48.147162
v -104.569755 -30.930667 -48.511359
v -104.593746 -30.687081 -48.511359
v -104.664798 -30.452857 -48.511359
v -104.780179 -30.236994 -48.511359
v -104.935455 -30.047789 -48.511359
v -105.124661 -29.892512 -48.511359
v -105.340523 -29.777131 -48.511359
v -105.574748 -29.706080 -48.511359
v -105.818333 -29.682089 -48.511359
v -106.061919 -29.706080 -48.511359
v -106.296143 -29.777131 -48.511359
v -106.512006 -29.892512 -48.511359
v -106.701211 -30.047789 -48.511359
v -106.856488 -30.236994 -48.511359
v -106.971869 -30.452857 -48.511359
v -107.042920 -30.687081 -48.511359
v -107.066911 -30.930667 -48.511359
v -107.042920 -31.174252 -48.511359
v -106.971869 -31.408477 -48.511359
v -106.856488 -31.624339 -48.511359
v -106.701211 -31.813545 -48.511359
v -106.512006 -31.968821 -48.511359
v -106.296143 -32.084202 -48.511359
v -106.061919 -32.155254 -48.511359
v -105.818333 -32.179245 -48.511359
v -105.574748 -32.155254 -48.511359
v -105.340523 -32.084202 -48.511359
v -105.124661 -31.968821 -48.511359
v -104.935455 -31.813545 -48.511359
v -104.780179 -31.624339 -48.511359
v -104.664798 -31.408477 -48.511359
v -104.593746 -31.174252 -48.511359
v -105.818333 -30.930667 -48.634333
v 130.593667 -14.802667 10.185667
v 131.842245 -14.802667 10.062692
v 131.818254 -14.559081 10.062692
v 131.747202 -14.324857 10.062692
v 131.631821 -14.108994 10.062692
v 131.476545 -13.919789 10.062692
v 131.287339 -13.764512 10.062692
v 131.071477 -13.649131 10.062692
v 130.837252 -13.578080 10.062692
v 130.593667 -13.554089 10.062692
v 130.350081 -13.578080 10.062692
v 130.115857 -13.649131 10.062692
v 129.899994 -13.764512 10.062692
v 129.710789 -13.919789 10.062692
v 129.555512 -14.108994 10.062692
v 129.440131 -14.324857 10.062692
v 129.369080 -14.559081 10.062692
v 129.345089 -14.802667 10.062692
v 129.369080 -15.046252 10.062692
v 129.440131 -15.280477 10.062692
v 129.555512 -15.496339 10.062692
v 129.710789 -15.685545 10.062692
v 129.899994 -15.840821 10.062692
v 130.115857 -15.956202 10.062692
v 130.350081 -16.027254 10.062692
v 130.593667 -16.051245 10.062692
v 130.837252 -16.027254 10.062692
v 131.071477 -15.956202 10.062692
v 131.287339 -15.840821 10.062692
v 131.476545 -15.685545 10.062692
v 131.631821 -15.496339 10.062692
v 131.747202 -15.280477 10.062692
v 131.818254 -15.046252 10.062692
v 133.042841 -14.802667 9.698496
v 132.995780 -14.324857 9.698496
v 132.856408 -13.865408 9.698496
v 132.630080 -13.441979 9.698496
v 132.325494 -13.070839 9.698496
v 131.954355 -12.766253 9.698496
v 131.530925 -12.539925 9.698496
v 131.071477 -12.400553 9.698496
v 130.593667 -12.353493 9.698496
v 130.115857 -12.400553 9.698496
v 129.656408 -12.539925 9.698496
v 129.232979 -12.766253 9.698496
v 128.861839 -13.070839 9.698496
v 128.557253 -13.441979 9.698496
v 128.330925 -13.865408 9.698496
v 128.191553 -14.324857 9.698496
v 128.144493 -14.802667 9.698496
v 128.191553 -15.280477 9.698496
v 128.330925 -15.739925 9.698496
v 128.557253 -16.163355 9.698496
v 128.861839 -16.534494 9.698496
v 129.232979 -16.839080 9.698496
v 129.656408 -17.065408 9.698496
v 130.115857 -17.204780 9.698496
v 130.593667 -17.251841 9.698496
v 131.071477 -17.204780 9.698496
v 131.530925 -17.065408 9.698496
v 131.954355 -16.839080 9.698496
v 132.325494 -16.534494 9.698496
v 132.630080 -16.163355 9.698496
v 132.856408 -15.739925 9.698496
v 132.995780 -15.280477 9.698496
v 134.149316 -14.802667 9.107072
v 134.080995 -14.108994 9.107072
v 133.878658 -13.441979 9.107072
v 133.550081 -12.827254 9.107072
v 133.107891 -12.288443 9.107072
v 132.569080 -11.846252 9.107072
v 131.954355 -11.517675 9.107072
v 131.287339 -11.315338 9.107072
v 130.593667 -11.247017 9.107072
v 129.899994 -11.315338 9.107072
v 129.232979 -11.517675 9.107072
v 128.618254 -11.846252 9.107072
v 128.079443 -12.288443 9.107072
v 127.637252 -12.827254 9.107072
v 127.308675 -13.441979 9.107072
v 127.106338 -14.108994 9.107072
v 127.038017 -14.802667 9.107072
v 127.106338 -15.496339 9.107072
v 127.308675 -16.163355 9.107072
v 127.637252 -16.778080 9.107072
v 128.079443 -17.316891 9.107072
v 128.618254 -17.759081 9.107072
v 129.232979 -18.087658 9.107072
v 129.899994 -18.289995 9.107072
v 130.593667 -18.358316 9.107072
v 131.287339 -18.289995 9.107072
v 131.954355 -18.087658 9.107072
v 132.569080 -17.759081 9.107072
v 133.107891 -17.316891 9.107072
v 133.550081 -16.778080 9.107072
v 133.878658 -16.163355 9.107072
v 134.080995 -15.496339 9.107072
v 135.119150 -14.802667 8.311150
v 135.032194 -13.919789 8.311150
v 134.774668 -13.070839 8.311150
v 134.356469 -12.288443 8.311150
v 133.793667 -11.602667 8.311150
v 133.107891 -11.039865 8.311150
v 132.325494 -10.621665 8.311150
v 131.476545 -10.364139 8.311150
v 130.593667 -10.277183 8.311150
v 129.710789 -10.364139 8.311150
v 128.861839 -10.621665 8.311150
v 128.079443 -11.039865 8.311150
v 127.393667 -11.602667 8.311150
v 126.830865 -12.288443 8.311150
v 126.412665 -13.070839 8.311150
v 126.155139 -13.919789 8.311150
v 126.068183 -14.802667 8.311150
v 126.155139 -15.685545 8.311150
v 126.412665 -16.534494 8.311150
v 126.830865 -17.316891 8.311150
v 127.393667 -18.002667 8.311150
v 128.079443 -18.565469 8.311150
v 128.861839 -18.983668 8.311150
v 129.710789 -19.241194 8.311150
v 130.593667 -19.328150 8.311150
v 131.476545 -19.241194 8.311150
v 132.325494 -18.983668 8.311150
v 133.107891 -18.565469 8.311150
v 133.793667 -18.002667 8.311150
v 134.356469 -17.316891 8.311150
v 134.774668 -16.534494 8.311150
v 135.032194 -15.685545 8.311150
v 135.915072 -14.802667 7.341316
v 135.812823 -13.764512 7.341316
v 135.510004 -12.766253 7.341316
v 135.018254 -11.846252 7.341316
v 134.356469 -11.039865 7.341316
v 133.550081 -10.378080 7.341316
v 132.630080 -9.886329 7.341316
v 131.631821 -9.583510 7.341316
v 130.593667 -9.481261 7.341316
v 129.555512 -9.583510 7.341316
v 128.557253 -9.886329 7.341316
v 127.637252 -10.378080 7.341316
v 126.830865 -11.039865 7.341316
v 126.169080 -11.846252 7.341316
v 125.677329 -12.766253 7.341316
v 125.374510 -13.764512 7.341316
v 125.272261 -14.802667 7.341316
v 125.374510 -15.840821 7.341316
v 125.677329 -16.839080 7.341316
v 126.169080 -17.759081 7.341316
v 126.830865 -18.565469 7.341316
v 127.637252 -19.227254 7.341316
v 128.557253 -19.719004 7.341316
v 129.555512 -20.021823 7.341316
v 130.593667 -20.124072 7.341316
v 131.631821 -20.021823 7.341316
v 132.630080 -19.719004 7.341316
v 133.550081 -19.227254 7.341316
v 134.356469 -18.565469 7.341316
v 135.018254 -17.759081 7.341316
v 135.510004 -16.839080 7.341316
v 135.812823 -15.840821 7.341316
v 136.506496 -14.802667 6.234841
v 136.392882 -13.649131 6.234841
v 136.056408 -12.539925 6.234841
v 135.510004 -11.517675 6.234841
v 134.774668 -10.621665 6.234841
v 133.878658 -9.886329 6.234841
v 132.856408 -9.339925 6.234841
v 131.747202 -9.003451 6.234841
v 130.593667 -8.889838 6.234841
v 129.440131 -9.003451 6.234841
v 128.330925 -9.339925 6.234841
v 127.308675 -9.886329 6.234841
v 126.412665 -10.621665 6.234841
v 125.677329 -11.517675 6.234841
v 125.130925 -12.539925 6.234841
v 124.794451 -13.649131 6.234841
v 124.680838 -14.802667 6.234841
v 124.794451 -15.956202 6.234841
v 125.130925 -17.065408 6.234841
v 125.677329 -18.087658 6.234841
v 126.412665 -18.983668 6.234841
v 127.308675 -19.719004 6.234841
v 128.330925 -20.265408 6.234841
v 129.440131 -20.601882 6.234841
v 130.593667 -20.715496 6.234841
v 131.747202 -20.601882 6.234841
v 132.856408 -20.265408 6.234841
v 133.878658 -19.719004 6.234841
v 134.774668 -18.983668 6.234841
v 135.510004 -18.087658 6.234841
v 136.056408 -17.065408 6.234841
v 136.392882 -15.956202 6.234841
v 136.870692 -14.802667 5.034245
v 136.750081 -13.578080 5.034245
v 136.392882 -12.400553 5.034245
v 135.812823 -11.315338 5.034245
v 135.032194 -10.364139 5.034245
v 134.080995 -9.583510 5.034245
v 132.995780 -9.003451 5.034245
v 131.818254 -8.646252 5.034245
v 130.593667 -8.525641 5.034245
v 129.369080 -8.646252 5.034245
v 128.191553 -9.003451 5.034245
v 127.106338 -9.583510 5.034245
v 126.155139 -10.364139 5.034245
v 125.374510 -11.315338 5.034245
v 124.794451 -12.400553 5.034245
v 124.437252 -13.578080 5.034245
v 124.316641 -14.802667 5.034245
v 124.437252 -16.027254 5.034245
v 124.794451 -17.204780 5.034245
v 125.374510 -18.289995 5.034245
v 126.155139 -19.241194 5.034245
v 127.106338 -20.021823 5.034245
v 128.191553 -20.601882 5.034245
v 129.369080 -20.959081 5.034245
v 130.593667 -21.079692 5.034245
v 131.818254 -20.959081 5.034245
v 132.995780 -20.601882 5.034245
v 134.080995 -20.021823 5.034245
v 135.032194 -19.241194 5.034245
v 135.812823 -18.289995 5.034245
v 136.392882 -17.204780 5.034245
v 136.750081 -16.027254 5.034245
v 136.993667 -14.802667 3.785667
v 136.870692 -13.554089 3.785667
v 136.506496 -12.353493 3.785667
v 135.915072 -11.247017 3.785667
v 135.119150 -10.277183 3.785667
v 134.149316 -9.481261 3.785667
v 133.042841 -8.889838 3.785667
v 131.842245 -8.525641 3.785667
v 130.593667 -8.402667 3.785667
v 129.345089 -8.525641 3.785667
v 128.144493 -8.889838 3.785667
v 127.038017 -9.481261 3.785667
v 126.068183 -10.277183 3.785667
v 125.272261 -11.247017 3.785667
v 124.680838 -12.353493 3.785667
v 124.316641 -13.554089 3.785667
v 124.193667 -14.802667 3.785667
v 124.316641 -16.051245 3.785667
v 124.680838 -17.251841 3.785667
v 125.272261 -18.358316 3.785667
v 126.068183 -19.328150 3.785667
v 127.038017 -20.124072 3.785667
v 128.144493 -20.715496 3.785667
v 129.345089 -21.079692 3.785667
v 130.593667 -21.202667 3.785667
v 131.842245 -21.079692 3.785667
v 133.042841 -20.715496 3.785667
v 134.149316 -20.124072 3.785667
v 135.119150 -19.328150 3.785667
v 135.915072 -18.358316 3.785667
v 136.506496 -17.251841 3.785667
v 136.870692 -16.051245 3.785667
v 136.870692 -14.802667 2.537089
v 136.750081 -13.578080 2.537089
v 136.392882 -12.400553 2.537089
v 135.812823 -11.315338 2.537089
v 135.032194 -10.364139 2.537089
v 134.080995 -9.583510 2.537089
v 132.995780 -9.003451 2.537089
v 131.818254 -8.646252 2.537089
v 130.593667 -8.525641 2.537089
v 129.369080 -8.646252 2.537089
v 128.191553 -9.003451 2.537089
v 127.106338 -9.583510 2.537089
v 126.155139 -10.364139 2.537089
v 125.374510 -11.315338 2.537089
v 124.794451 -12.400553 2.537089
v 124.437252 -13.578080 2.537089
v 124.316641 -14.802667 2.537089
v 124.437252 -16.027254 2.537089
v 124.794451 -17.204780 2.537089
v 125.374510 -18.289995 2.537089
v 126.155139 -19.241194 2.537089
v 127.106338 -20.021823 2.537089
v 128.191553 -20.601882 2.537089
v 129.369080 -20.959081 2.537089
v 130.593667 -21.079692 2.537089
v 131.818254 -20.959081 2.537089
v 132.995780 -20.601882 2.537089
v 134.080995 -20.021823 2.537089
v 135.032194 -19.241194 2.537089
v 135.812823 -18.289995 2.537089
v 136.392882 -17.204780 2.537089
v 136.750081 -16.027254 2.537089
v 136.506496 -14.802667 1.336493
v 136.392882 -13.649131 1.336493
v 136.056408 -12.539925 1.336493
v 135.510004 -11.517675 1.336493
v 134.774668 -10.621665 1.336493
v 133.878658 -9.886329 1.336493
v 132.856408 -9.339925 1.336493
v 131.747202 -9.003451 1.336493
v 130.593667 -8.889838 1.336493
v 129.440131 -9.003451 1.336493
v 128.330925 -9.339925 1.336493
v 127.308675 -9.886329 1.336493
v 126.412665 -10.621665 1.336493
v 125.677329 -11.517675 1.336493
v 125.130925 -12.539925 1.336493
v 124.794451 -13.649131 1.336493
v 124.680838 -14.802667 1.336493
v 124.794451 -15.956202 1.336493
v 125.130925 -17.065408 1.336493
v 125.677329 -18.087658 1.336493
v 126.412665 -18.983668 1.336493
v 127.308675 -19.719004 1.336493
v 128.330925 -20.265408 1.336493
v 129.440131 -20.601882 1.336493
v 130.593667 -20.715496 1.336493
v 131.747202 -20.601882 1.336493
v 132.856408 -20.265408 1.336493
v 133.878658 -19.719004 1.336493
v 134.774668 -18.983668 1.336493
v 135.510004 -18.087658 1.336493
v 136.056408 -17.065408 1.336493
v 136.392882 -15.956202 1.336493
v 135.915072 -14.802667 0.230017
v 135.812823 -13.764512 0.230017
v 135.510004 -12.766253 0.230017
v 135.018254 -11.846252 0.230017
v 134.356469 -11.039865 0.230017
v 133.550081 -10.378080 0.230017
v 132.630080 -9.886329 0.230017
v 131.631821 -9.583510 0.230017
v 130.593667 -9.481261 0.230017
v 129.555512 -9.583510 0.230017
v 128.557253 -9.886329 0.230017
v 127.637252 -10.378080 0.230017
v 126.830865 -11.039865 0.230017
v 126.169080 -11.846252 0.230017
v 125.677329 -12.766253 0.230017
v 125.374510 -13.764512 0.230017
v 125.272261 -14.802667 0.230017
v 125.374510 -15.840821 0.230017
v 125.677329 -16.839080 0.230017
v 126.169080 -17.759081 0.230017
v 126.830865 -18.565469 0.230017
v 127.637252 -19.227254 0.230017
v 128.557253 -19.719004 0.230017
v 129.555512 -20.021823 0.230017
v 130.593667 -20.124072 0.230017
v 131.631821 -20.021823 0.230017
v 132.630080 -19.719004 0.230017
v 133.550081 -19.227254 0.230017
v 134.356469 -18.565469 0.230017
v 135.018254 -17.759081 0.230017
v 135.510004 -16.839080 0.230017
v 135.812823 -15.840821 0.230017
v 135.119150 -14.802667 -0.739817
v 135.032194 -13.919789 -0.739817
v 134.774668 -13.070839 -0.739817
v 134.356469 -12.288443 -0.739817
v 133.793667 -11.602667 -0.739817
v 133.107891 -11.039865 -0.739817
v 132.325494 -10.621665 -0.739817
v 131.476545 -10.364139 -0.739817
v 130.593667 -10.277183 -0.739817
v 129.710789 -10.364139 -0.739817
v 128.861839 -10.621665 -0.739817
v 128.079443 -11.039865 -0.739817
v 127.393667 -11.602667 -0.739817
v 126.830865 -12.288443 -0.739817
v 126.412665 -13.070839 -0.739817
v 126.155139 -13.919789 -0.739817
v 126.068183 -14.802667 -0.739817
v 126.155139 -15.685545 -0.739817
v 126.412665 -16.534494 -0.739817
v 126.830865 -17.316891 -0.739817
v 127.393667 -18.002667 -0.739817
v 128.079443 -18.565469 -0.739817
v 128.861839 -18.983668 -0.739817
v 129.710789 -19.241194 -0.739817
v 130.593667 -19.328150 -0.739817
v 131.476545 -19.241194 -0.739817
v 132.325494 -18.983668 -0.739817
v 133.107891 -18.565469 -0.739817
v 133.793667 -18.002667 -0.739817
v 134.356469 -17.316891 -0.739817
v 134.774668 -16.534494 -0.739817
v 135.032194 -15.685545 -0.739817
v 134.149316 -14.802667 -1.535739
v 134.080995 -14.108994 -1.535739
v 133.878658 -13.441979 -1.535739
v 133.550081 -12.827254 -1.535739
v 133.107891 -12.288443 -1.535739
v 132.569080 -11.846252 -1.535739
v 131.954355 -11.517675 -1.535739
v 131.287339 -11.315338 -1.535739
v 130.593667 -11.247017 -1.535739
v 129.899994 -11.315338 -1.535739
v 129.232979 -11.517675 -1.535739
v 128.618254 -11.846252 -1.535739
v 128.079443 -12.288443 -1.535739
v 127.637252 -12.827254 -1.535739
v 127.308675 -13.441979 -1.535739
v 127.106338 -14.108994 -1.535739
v 127.038017 -14.802667 -1.535739
v 127.106338 -15.496339 -1.535739
v 127.308675 -16.163355 -1.535739
v 127.637252 -16.778080 -1.535739
v 128.079443 -17.316891 -1.535739
v 128.618254 -17.759081 -1.535739
v 129.232979 -18.087658 -1.535739
v 129.899994 -18.289995 -1.535739
v 130.593667 -18.358316 -1.535739
v 131.287339 -18.289995 -1.535739
v 131.954355 -18.087658 -1.535739
v 132.569080 -17.759081 -1.535739
v 133.107891 -17.316891 -1.535739
v 133.550081 -16.778080 -1.535739
v 133.878658 -16.163355 -1.535739
v 134.080995 -15.496339 -1.535739
v 133.042841 -14.802667 -2.127162
v 132.995780 -14.324857 -2.127162
v 132.856408 -13.865408 -2.127162
v 132.630080 -13.441979 -2.127162
v 132.325494 -13.070839 -2.127162
v 131.954355 -12.766253 -2.127162
v 131.530925 -12.539925 -2.127162
v 131.071477 -12.400553 -2.127162
v 130.593667 -12.353493 -2.127162
v 130.115857 -12.400553 -2.127162
v 129.656408 -12.539925 -2.127162
v 129.232979 -12.766253 -2.127162
v 128.861839 -13.070839 -2.127162
v 128.557253 -13.441979 -2.127162
v 128.330925 -13.865408 -2.127162
v 128.191553 -14.324857 -2.127162
v 128.144493 -14.802667 -2.127162
v 128.191553 -15.280477 -2.127162
v 128.330925 -15.739925 -2.127162
v 128.557253 -16.163355 -2.127162
v 128.861839 -16.534494 -2.127162
v 129.232979 -16.839080 -2.127162
v 129.656408 -17.065408 -2.127162
v 130.115857 -17.204780 -2.127162
v 130.593667 -17.251841 -2.127162
v 131.071477 -17.204780 -2.127162
v 131.530925 -17.065408 -2.127162
v 131.954355 -16.839080 -2.127162
v 132.325494 -16.534494 -2.127162
v 132.630080 -16.163355 -2.127162
v 132.856408 -15.739925 -2.127162
v 132.995780 -15.280477 -2.127162
v 131.842245 -14.802667 -2.491359
v 131.818254 -14.559081 -2.491359
v 131.747202 -14.324857 -2.491359
v 131.631821 -14.108994 -2.491359
v 131.476545 -13.919789 -2.491359
v 131.287339 -13.764512 -2.491359
v 131.071477 -13.649131 -2.491359
v 130.837252 -13.578080 -2.491359
v 130.593667 -13.554089 -2.491359
v 130.350081 -13.578080 -2.491359
v 130.115857 -13.649131 -2.491359
v 129.899994 -13.764512 -2.491359
v 129.710789 -13.919789 -2.491359
v 129.555512 -14.108994 -2.491359
v 129.440131 -14.324857 -2.491359
v 129.369080 -14.559081 -2.491359
v 129.345089 -14.802667 -2.491359
v 129.369080 -15.046252 -2.491359
v 129.440131 -15.280477 -2.491359
v 129.555512 -15.496339 -2.491359
v 129.710789 -15.685545 -2.491359
v 129.899994 -15.840821 -2.491359
v 130.115857 -15.956202 -2.491359
v 130.350081 -16.027254 -2.491359
v 130.593667 -16.051245 -2.491359
v 130.837252 -16.027254 -2.491359
v 131.071477 -15.956202 -2.491359
v 131.287339 -15.840821 -2.491359
v 131.476545 -15.685545 -2.491359
v 131.631821 -15.496339 -2.491359
v 131.747202 -15.280477 -2.491359
v 131.818254 -15.046252 -2.491359
v 130.593667 -14.802667 -2.614333
usemtl Bond_light_gray
f 1 2 4 3
f 3 4 6 5
f 5 6 8 7
f 7 8 10 9
f 9 10 12 11
f 11 12 14 13
f 13 14 16 15
f 15 16 18 17
f 17 18 20 19
f 19 20 22 21
f 21 22 24 23
f 23 24 26 25
f 25 26 28 27
f 27 28 30 29
f 29 30 32 31
f 31 32 34 33
f 33 34 36 35
f 35 36 38 37
f 37 38 40 39
f 39 40 42 41
f 41 42 44 43
f 43 44 46 45
f 45 46 48 47
f 47 48 2 1
f 49 3 1
f 50 2 4
f 49 5 3
f 50 4 6
f 49 7 5
f 50 6 8
f 49 9 7
f 50 8 10
f 49 11 9
f 50 10 12
f 49 13 11
f 50 12 14
f 49 15 13
f 50 14 16
f 49 17 15
f 50 16 18
f 49 19 17
f 50 18 20
f 49 21 19
f 50 20 22
f 49 23 21
f 50 22 24
f 49 25 23
f 50 24 26
f 49 27 25
f 50 26 28
f 49 29 27
f 50 28 30
f 49 31 29
f 50 30 32
f 49 33 31
f 50 32 34
f 49 35 33
f 50 34 36
f 49 37 35
f 50 36 38
f 49 39 37
f 50 38 40
f 49 41 39
f 50 40 42
f 49 43 41
f 50 42 44
f 49 45 43
f 50 44 46
f 49 47 45
f 50 46 48
f 49 1 47
f 50 48 2
f 51 52 54 53
f 53 54 56 55
f 55 56 58 57
f 57 58 60 59
f 59 60 62 61
f 61 62 64 63
f 63 64 66 65
f 65 66 68 67
f 67 68 70 69
f 69 70 72 71
f 71 72 74 73
f 73 74 76 75
f 75 76 78 77
f 77 78 80 79
f 79 80 82 81
f 81 82 84 83
f 83 84 86 85
f 85 86 88 87
f 87 88 90 89
f 89 90 92 91
f 91 92 94 93
f 93 94 96 95
f 95 96 98 97
f 97 98 52 51
f 99 53 51
f 100 52 54
f 99 55 53
f 100 54 56
f 99 57 55
f 100 56 58
f 99 59 57
f 100 58 60
f 99 61 59
f 100 60 62
f 99 63 61
f 100 62 64
f 99 65 63
f 100 64 66
f 99 67 65
f 100 66 68
f 99 69 67
f 100 68 70
f 99 71 69
f 100 70 72
f 99 73 71
f 100 72 74
f 99 75 73
f 100 74 76
f 99 77 75
f 100 76 78
f 99 79 77
f 100 78 80
f 99 81 79
f 100 80 82
f 99 83 81
f 100 82 84
f 99 85 83
f 100 84 86
f 99 87 85
f 100 86 88
f 99 89 87
f 100 88 90
f 99 91 89
f 100 90 92
f 99 93 91
f 100 92 94
f 99 95 93
f 100 94 96
f 99 97 95
f 100 96 98
f 99 51 97
f 100 98 52
f 101 102 104 103
f 103 104 106 105
f 105 106 108 107
f 107 108 110 109
f 109 110 112 111
f 111 112 114 113
f 113 114 116 115
f 115 116 118 117
f 117 118 120 119
f 119 120 122 121
f 121 122 124 123
f 123 124 126 125
f 125 126 128 127
f 127 128 130 129
f 129 130 132 131
f 131 132 134 133
f 133 134 136 135
f 135 136 138 137
f 137 138 140 139
f 139 140 142 141
f 141 142 144 143
f 143 144 146 145
f 145 146 148 147
f 147 148 102 101
f 149 103 101
f 150 102 104
f 149 105 103
f 150 104 106
f 149 107 105
f 150 106 108
f 149 109 107
f 150 108 110
f 149 111 109
f 150 110 112
f 149 113 111
f 150 112 114
f 149 115 113
f 150 114 116
f 149 117 115
f 150 116 118
f 149 119 117
f 150 118 120
f 149 121 119
f 150 120 122
f 149 123 121
f 150 122 124
f 149 125 123
f 150 124 126
f 149 127 125
f 150 126 128
f 149 129 127
f 150 128 130
f 149 131 129
f 150 130 132
f 149 133 131
f 150 132 134
f 149 135 133
f 150 134 136
f 149 137 135
f 150 136 138
f 149 139 137
f 150 138 140
f 149 141 139
f 150 140 142
f 149 143 141
f 150 142 144
f 149 145 143
f 150 144 146
f 149 147 145
f 150 146 148
f 149 101 147
f 150 148 102
f 151 152 154 153
f 153 154 156 155
f 155 156 158 157
f 157 158 160 159
f 159 160 162 161
f 161 162 164 163
f 163 164 166 165
f 165 166 168 167
f 167 168 170 169
f 169 170 172 171
f 171 172 174 173
f 173 174 176 175
f 175 176 178 177
f 177 178 180 179
f 179 180 182 181
f 181 182 184 183
f 183 184 186 185
f 185 186 188 187
f 187 188 190 189
f 189 190 192 191
f 191 192 194 193
f 193 194 196 195
f 195 196 198 197
f 197 198 152 151
f 199 153 151
f 200 152 154
f 199 155 153
f 200 154 156
f 199 157 155
f 200 156 158
f 199 159 157
f 200 158 160
f 199 161 159
f 200 160 162
f 199 163 161
f 200 162 164
f 199 165 163
f 200 164 166
f 199 167 165
f 200 166 168
f 199 169 167
f 200 168 170
f 199 171 169
f 200 170 172
f 199 173 171
f 200 172 174
f 199 175 173
f 200 174 176
f 199 177 175
f 200 176 178
f 199 179 177
f 200 178 180
f 199 181 179
f 200 180 182
f 199 183 181
f 200 182 184
f 199 185 183
f 200 184 186
f 199 187 185
f 200 186 188
f 199 189 187
f 200 188 190
f 199 191 189
f 200 190 192
f 199 193 191
f 200 192 194
f 199 195 193
f 200 194 196
f 199 197 195
f 200 196 198
f 199 151 197
f 200 198 152
f 201 202 204 203
f 203 204 206 205
f 205 206 208 207
f 207 208 210 209
f 209 210 212 211
f 211 212 214 213
f 213 214 216 215
f 215 216 218 217
f 217 218 220 219
f 219 220 222 221
f 221 222 224 223
f 223 224 226 225
f 225 226 228 227
f 227 228 230 229
f 229 230 232 231
f 231 232 234 233
f 233 234 236 235
f 235 236 238 237
f 237 238 240 239
f 239 240 242 241
f 241 242 244 243
f 243 244 246 245
f 245 246 248 247
f 247 248 202 201
f 249 203 201
f 250 202 204
f 249 205 203
f 250 204 206
f 249 207 205
f 250 206 208
f 249 209 207
f 250 208 210
f 249 211 209
f 250 210 212
f 249 213 211
f 250 212 214
f 249 215 213
f 250 214 216
f 249 217 215
f 250 216 218
f 249 219 217
f 250 218 220
f 249 221 219
f 250 220 222
f 249 223 221
f 250 222 224
f 249 225 223
f 250 224 226
f 249 227 225
f 250 226 228
f 249 229 227
f 250 228 230
f 249 231 229
f 250 230 232
f 249 233 231
f 250 232 234
f 249 235 233
f 250 234 236
f 249 237 235
f 250 236 238
f 249 239 237
f 250 238 240
f 249 241 239
f 250 240 242
f 249 243 241
f 250 242 244
f 249 245 243
f 250 244 246
f 249 247 245
f 250 246 248
f 249 201 247
f 250 248 202
f 251 252 254 253
f 253 254 256 255
f 255 256 258 257
f 257 258 260 259
f 259 260 262 261
f 261 262 264 263
f 263 264 266 265
f 265 266 268 267
f 267 268 270 269
f 269 270 272 271
f 271 272 274 273
f 273 274 276 275
f 275 276 278 277
f 277 278 280 279
f 279 280 282 281
f 281 282 284 283
f 283 284 286 285
f 285 286 288 287
f 287 288 290 289
f 289 290 292 291
f 291 292 294 293
f 293 294 296 295
f 295 296 298 297
f 297 298 252 251
f 299 253 251
f 300 252 254
f 299 255 253
f 300 254 256
f 299 257 255
f 300 256 258
f 299 259 257
f 300 258 260
f 299 261 259
f 300 260 262
f 299 263 261
f 300 262 264
f 299 265 263
f 300 264 266
f 299 267 265
f 300 266 268
f 299 269 267
f 300 268 270
f 299 271 269
f 300 270 272
f 299 273 271
f 300 272 274
f 299 275 273
f 300 274 276
f 299 277 275
f 300 276 278
f 299 279 277
f 300 278 280
f 299 281 279
f 300 280 282
f 299 283 281
f 300 282 284
f 299 285 283
f 300 284 286
f 299 287 285
f 300 286 288
f 299 289 287
f 300 288 290
f 299 291 289
f 300 290 292
f 299 293 291
f 300 292 294
f 299 295 293
f 300 294 296
f 299 297 295
f 300 296 298
f 299 251 297
f 300 298 252
f 301 302 304 303
f 303 304 306 305
f 305 306 308 307
f 307 308 310 309
f 309 310 312 311
f 311 312 314 313
f 313 314 316 315
f 315 316 318 317
f 317 318 320 319
f 319 320 322 321
f 321 322 324 323
f 323 324 326 325
f 325 326 328 327
f 327 328 330 329
f 329 330 332 331
f 331 332 334 333
f 333 334 336 335
f 335 336 338 337
f 337 338 340 339
f 339 340 342 341
f 341 342 344 343
f 343 344 346 345
f 345 346 348 347
f 347 348 302 301
f 349 303 301
f 350 302 304
f 349 305 303
f 350 304 306
f 349 307 305
f 350 306 308
f 349 309 307
f 350 308 310
f 349 311 309
f 350 310 312
f 349 313 311
f 350 312 314
f 349 315 313
f 350 314 316
f 349 317 315
f 350 316 318
f 349 319 317
f 350 318 320
f 349 321 319
f 350 320 322
f 349 323 321
f 350 322 324
f 349 325 323
f 350 324 326
f 349 327 325
f 350 326 328
f 349 329 327
f 350 328 330
f 349 331 329
f 350 330 332
f 349 333 331
f 350 332 334
f 349 335 333
f 350 334 336
f 349 337 335
f 350 336 338
f 349 339 337
f 350 338 340
f 349 341 339
f 350 340 342
f 349 343 341
f 350 342 344
f 349 345 343
f 350 344 346
f 349 347 345
f 350 346 348
f 349 301 347
f 350 348 302
f 351 352 354 353
f 353 354 356 355
f 355 356 358 357
f 357 358 360 359
f 359 360 362 361
f 361 362 364 363
f 363 364 366 365
f 365 366 368 367
f 367 368 370 369
f 369 370 372 371
f 371 372 374 373
f 373 374 376 375
f 375 376 378 377
f 377 378 380 379
f 379 380 382 381
f 381 382 384 383
f 383 384 386 385
f 385 386 388 387
f 387 388 390 389
f 389 390 392 391
f 391 392 394 393
f 393 394 396 395
f 395 396 398 397
f 397 398 352 351
f 399 353 351
f 400 352 354
f 399 355 353
f 400 354 356
f 399 357 355
f 400 356 358
f 399 359 357
f 400 358 360
f 399 361 359
f 400 360 362
f 399 363 361
f 400 362 364
f 399 365 363
f 400 364 366
f 399 367 365
f 400 366 368
f 399 369 367
f 400 368 370
f 399 371 369
f 400 370 372
f 399 373 371
f 400 372 374
f 399 375 373
f 400 374 376
f 399 377 375
f 400 376 378
f 399 379 377
f 400 378 380
f 399 381 379
f 400 380 382
f 399 383 381
f 400 382 384
f 399 385 383
f 400 384 386
f 399 387 385
f 400 386 388
f 399 389 387
f 400 388 390
f 399 391 389
f 400 390 392
f 399 393 391
f 400 392 394
f 399 395 393
f 400 394 396
f 399 397 395
f 400 396 398
f 399 351 397
f 400 398 352
f 401 402 404 403
f 403 404 406 405
f 405 406 408 407
f 407 408 410 409
f 409 410 412 411
f 411 412 414 413
f 413 414 416 415
f 415 416 418 417
f 417 418 420 419
f 419 420 422 421
f 421 422 424 423
f 423 424 426 425
f 425 426 428 427
f 427 428 430 429
f 429 430 432 431
f 431 432 434 433
f 433 434 436 435
f 435 436 438 437
f 437 438 440 439
f 439 440 442 441
f 441 442 444 443
f 443 444 446 445
f 445 446 448 447
f 447 448 402 401
f 449 403 401
f 450 402 404
f 449 405 403
f 450 404 406
f 449 407 405
f 450 406 408
f 449 409 407
f 450 408 410
f 449 411 409
f 450 410 412
f 449 413 411
f 450 412 414
f 449 415 413
f 450 414 416
f 449 417 415
f 450 416 418
f 449 419 417
f 450 418 420
f 449 421 419
f 450 420 422
f 449 423 421
f 450 422 424
f 449 425 423
f 450 424 426
f 449 427 425
f 450 426 428
f 449 429 427
f 450 428 430
f 449 431 429
f 450 430 432
f 449 433 431
f 450 432 434
f 449 435 433
f 450 434 436
f 449 437 435
f 450 436 438
f 449 439 437
f 450 438 440
f 449 441 439
f 450 440 442
f 449 443 441
f 450 442 444
f 449 445 443
f 450 444 446
f 449 447 445
f 450 446 448
f 449 401 447
f 450 448 402
f 451 452 454 453
f 453 454 456 455
f 455 456 458 457
f 457 458 460 459
f 459 460 462 461
f 461 462 464 463
f 463 464 466 465
f 465 466 468 467
f 467 468 470 469
f 469 470 472 471
f 471 472 474 473
f 473 474 476 475
f 475 476 478 477
f 477 478 480 479
f 479 480 482 481
f 481 482 484 483
f 483 484 486 485
f 485 486 488 487
f 487 488 490 489
f 489 490 492 491
f 491 492 494 493
f 493 494 496 495
f 495 496 498 497
f 497 498 452 451
f 499 453 451
f 500 452 454
f 499 455 453
f 500 454 456
f 499 457 455
f 500 456 458
f 499 459 457
f 500 458 460
f 499 461 459
f 500 460 462
f 499 463 461
f 500 462 464
f 499 465 463
f 500 464 466
f 499 467 465
f 500 466 468
f 499 469 467
f 500 468 470
f 499 471 469
f 500 470 472
f 499 473 471
f 500 472 474
f 499 475 473
f 500 474 476
f 499 477 475
f 500 476 478
f 499 479 477
f 500 478 480
f 499 481 479
f 500 480 482
f 499 483 481
f 500 482 484
f 499 485 483
f 500 484 486
f 499 487 485
f 500 486 488
f 499 489 487
f 500 488 490
f 499 491 489
f 500 490 492
f 499 493 491
f 500 492 494
f 499 495 493
f 500 494 496
f 499 497 495
f 500 496 498
f 499 451 497
f 500 498 452
f 501 502 504 503
f 503 504 506 505
f 505 506 508 507
f 507 508 510 509
f 509 510 512 511
f 511 512 514 513
f 513 514 516 515
f 515 516 518 517
f 517 518 520 519
f 519 520 522 521
f 521 522 524 523
f 523 524 526 525
f 525 526 528 527
f 527 528 530 529
f 529 530 532 531
f 531 532 534 533
f 533 534 536 535
f 535 536 538 537
f 537 538 540 539
f 539 540 542 541
f 541 542 544 543
f 543 544 546 545
f 545 546 548 547
f 547 548 502 501
f 549 503 501
f 550 502 504
f 549 505 503
f 550 504 506
f 549 507 505
f 550 506 508
f 549 509 507
f 550 508 510
f 549 511 509
f 550 510 512
f 549 513 511
f 550 512 514
f 549 515 513
f 550 514 516
f 549 517 515
f 550 516 518
f 549 519 517
f 550 518 520
f 549 521 519
f 550 520 522
f 549 523 521
f 550 522 524
f 549 525 523
f 550 524 526
f 549 527 525
f 550 526 528
f 549 529 527
f 550 528 530
f 549 531 529
f 550 530 532
f 549 533 531
f 550 532 534
f 549 535 533
f 550 534 536
f 549 537 535
f 550 536 538
f 549 539 537
f 550 538 540
f 549 541 539
f 550 540 542
f 549 543 541
f 550 542 544
f 549 545 543
f 550 544 546
f 549 547 545
f 550 546 548
f 549 501 547
f 550 548 502
f 551 552 554 553
f 553 554 556 555
f 555 556 558 557
f 557 558 560 559
f 559 560 562 561
f 561 562 564 563
f 563 564 566 565
f 565 566 568 567
f 567 568 570 569
f 569 570 572 571
f 571 572 574 573
f 573 574 576 575
f 575 576 578 577
f 577 578 580 579
f 579 580 582 581
f 581 582 584 583
f 583 584 586 585
f 585 586 588 587
f 587 588 590 589
f 589 590 592 591
f 591 592 594 593
f 593 594 596 595
f 595 596 598 597
f 597 598 552 551
f 599 553 551
f 600 552 554
f 599 555 553
f 600 554 556
f 599 557 555
f 600 556 558
f 599 559 557
f 600 558 560
f 599 561 559
f 600 560 562
f 599 563 561
f 600 562 564
f 599 565 563
f 600 564 566
f 599 567 565
f 600 566 568
f 599 569 567
f 600 568 570
f 599 571 569
f 600 570 572
f 599 573 571
f 600 572 574
f 599 575 573
f 600 574 576
f 599 577 575
f 600 576 578
f 599 579 577
f 600 578 580
f 599 581 579
f 600 580 582
f 599 583 581
f 600 582 584
f 599 585 583
f 600 584 586
f 599 587 585
f 600 586 588
f 599 589 587
f 600 588 590
f 599 591 589
f 600 590 592
f 599 593 591
f 600 592 594
f 599 595 593
f 600 594 596
f 599 597 595
f 600 596 598
f 599 551 597
f 600 598 552
usemtl Sulfur_yellow
f 601 602 603
f 601 603 604
f 601 604 605
f 601 605 606
f 601 606 607
f 601 607 608
f 601 608 609
f 601 609 610
f 601 610 611
f 601 611 612
f 601 612 613
f 601 613 614
f 601 614 615
f 601 615 616
f 601 616 617
f 601 617 618
f 601 618 619
f 601 619 620
f 601 620 621
f 601 621 622
f 601 622 623
f 601 623 624
f 601 624 625
f 601 625 626
f 601 626 627
f 601 627 628
f 601 628 629
f 601 629 630
f 601 630 631
f 601 631 632
f 601 632 633
f 601 633 602
f 602 634 635 603
f 603 635 636 604
f 604 636 637 605
f 605 637 638 606
f 606 638 639 607
f 607 639 640 608
f 608 640 641 609
f 609 641 642 610
f 610 642 643 611
f 611 643 644 612
f 612 644 645 613
f 613 645 646 614
f 614 646 647 615
f 615 647 648 616
f 616 648 649 617
f 617 649 650 618
f 618 650 651 619
f 619 651 652 620
f 620 652 653 621
f 621 653 654 622
f 622 654 655 623
f 623 655 656 624
f 624 656 657 625
f 625 657 658 626
f 626 658 659 627
f 627 659 660 628
f 628 660 661 629
f 629 661 662 630
f 630 662 663 631
f 631 663 664 632
f 632 664 665 633
f 633 665 634 602
f 634 666 667 635
f 635 667 668 636
f 636 668 669 637
f 637 669 670 638
f 638 670 671 639
f 639 671 672 640
f 640 672 673 641
f 641 673 674 642
f 642 674 675 643
f 643 675 676 644
f 644 676 677 645
f 645 677 678 646
f 646 678 679 647
f 647 679 680 648
f 648 680 681 649
f 649 681 682 650
f 650 682 683 651
f 651 683 684 652
f 652 684 685 653
f 653 685 686 654
f 654 686 687 655
f 655 687 688 656
f 656 688 689 657
f 657 689 690 658
f 658 690 691 659
f 659 691 692 660
f 660 692 693 661
f 661 693 694 662
f 662 694 695 663
f 663 695 696 664
f 664 696 697 665
f 665 697 666 634
f 666 698 699 667
f 667 699 700 668
f 668 700 701 669
f 669 701 702 670
f 670 702 703 671
f 671 703 704 672
f 672 704 705 673
f 673 705 706 674
f 674 706 707 675
f 675 707 708 676
f 676 708 709 677
f 677 709 710 678
f 678 710 711 679
f 679 711 712 680
f 680 712 713 681
f 681 713 714 682
f 682 714 715 683
f 683 715 716 684
f 684 716 717 685
f 685 717 718 686
f 686 718 719 687
f 687 719 720 688
f 688 720 721 689
f 689 721 722 690
f 690 722 723 691
f 691 723 724 692
f 692 724 725 693
f 693 725 726 694
f 694 726 727 695
f 695 727 728 696
f 696 728 729 697
f 697 729 698 666
f 698 730 731 699
f 699 731 732 700
f 700 732 733 701
f 701 733 734 702
f 702 734 735 703
f 703 735 736 704
f 704 736 737 705
f 705 737 738 706
f 706 738 739 707
f 707 739 740 708
f 708 740 741 709
f 709 741 742 710
f 710 742 743 711
f 711 743 744 712
f 712 744 745 713
f 713 745 746 714
f 714 746 747 715
f 715 747 748 716
f 716 748 749 717
f 717 749 750 718
f 718 750 751 719
f 719 751 752 720
f 720 752 753 721
f 721 753 754 722
f 722 754 755 723
f 723 755 756 724
f 724 756 757 725
f 725 757 758 726
f 726 758 759 727
f 727 759 760 728
f 728 760 761 729
f 729 761 730 698
f 730 762 763 731
f 731 763 764 732
f 732 764 765 733
f 733 765 766 734
f 734 766 767 735
f 735 767 768 736
f 736 768 769 737
f 737 769 770 738
f 738 770 771 739
f 739 771 772 740
f 740 772 773 741
f 741 773 774 742
f 742 774 775 743
f 743 775 776 744
f 744 776 777 745
f 745 777 778 746
f 746 778 779 747
f 747 779 780 748
f 748 780 781 749
f 749 781 782 750
f 750 782 783 751
f 751 783 784 752
f 752 784 785 753
f 753 785 786 754
f 754 786 787 755
f 755 787 788 756
f 756 788 789 757
f 757 789 790 758
f 758 790 791 759
f 759 791 792 760
f 760 792 793 761
f 761 793 762 730
f 762 794 795 763
f 763 795 796 764
f 764 796 797 765
f 765 797 798 766
f 766 798 799 767
f 767 799 800 768
f 768 800 801 769
f 769 801 802 770
f 770 802 803 771
f 771 803 804 772
f 772 804 805 773
f 773 805 806 774
f 774 806 807 775
f 775 807 808 776
f 776 808 809 777
f 777 809 810 778
f 778 810 811 779
f 779 811 812 780
f 780 812 813 781
f 781 813 814 782
f 782 814 815 783
f 783 815 816 784
f 784 816 817 785
f 785 817 818 786
f 786 818 819 787
f 787 819 820 788
f 788 820 821 789
f 789 821 822 790
f 790 822 823 791
f 791 823 824 792
f 792 824 825 793
f 793 825 794 762
f 794 826 827 795
f 795 827 828 796
f 796 828 829 797
f 797 829 830 798
f 798 830 831 799
f 799 831 832 800
f 800 832 833 801
f 801 833 834 802
f 802 834 835 803
f 803 835 836 804
f 804 836 837 805
f 805 837 838 806
f 806 838 839 807
f 807 839 840 808
f 808 840 841 809
f 809 841 842 810
f 810 842 843 811
f 811 843 844 812
f 812 844 845 813
f 813 845 846 814
f 814 846 847 815
f 815 847 848 816
f 816 848 849 817
f 817 849 850 818
f 818 850 851 819
f 819 851 852 820
f 820 852 853 821
f 821 853 854 822
f 822 854 855 823
f 823 855 856 824
f 824 856 857 825
f 825 857 826 794
f 826 858 859 827
f 827 859 860 828
f 828 860 861 829
f 829 861 862 830
f 830 862 863 831
f 831 863 864 832
f 832 864 865 833
f 833 865 866 834
f 834 866 867 835
f 835 867 868 836
f 836 868 869 837
f 837 869 870 838
f 838 870 871 839
f 839 871 872 840
f 840 872 873 841
f 841 873 874 842
f 842 874 875 843
f 843 875 876 844
f 844 876 877 845
f 845 877 878 846
f 846 878 879 847
f 847 879 880 848
f 848 880 881 849
f 849 881 882 850
f 850 882 883 851
f 851 883 884 852
f 852 884 885 853
f 853 885 886 854
f 854 886 887 855
f 855 887 888 856
f 856 888 889 857
f 857 889 858 826
f 858 890 891 859
f 859 891 892 860
f 860 892 893 861
f 861 893 894 862
f 862 894 895 863
f 863 895 896 864
f 864 896 897 865
f 865 897 898 866
f 866 898 899 867
f 867 899 900 868
f 868 900 901 869
f 869 901 902 870
f 870 902 903 871
f 871 903 904 872
f 872 904 905 873
f 873 905 906 874
f 874 906 907 875
f 875 907 908 876
f 876 908 909 877
f 877 909 910 878
f 878 910 911 879
f 879 911 912 880
f 880 912 913 881
f 881 913 914 882
f 882 914 915 883
f 883 915 916 884
f 884 916 917 885
f 885 917 918 886
f 886 918 919 887
f 887 919 920 888
f 888 920 921 889
f 889 921 890 858
f 890 922 923 891
f 891 923 924 892
f 892 924 925 893
f 893 925 926 894
f 894 926 927 895
f 895 927 928 896
f 896 928 929 897
f 897 929 930 898
f 898 930 931 899
f 899 931 932 900
f 900 932 933 901
f 901 933 934 902
f 902 934 935 903
f 903 935 936 904
f 904 936 937 905
f 905 937 938 906
f 906 938 939 907
f 907 939 940 908
f 908 940 941 909
f 909 941 942 910
f 910 942 943 911
f 911 943 944 912
f 912 944 945 913
f 913 945 946 914
f 914 946 947 915
f 915 947 948 916
f 916 948 949 917
f 917 949 950 918
f 918 950 951 919
f 919 951 952 920
f 920 952 953 921
f 921 953 922 890
f 922 954 955 923
f 923 955 956 924
f 924 956 957 925
f 925 957 958 926
f 926 958 959 927
f 927 959 960 928
f 928 960 961 929
f 929 961 962 930
f 930 962 963 931
f 931 963 964 932
f 932 964 965 933
f 933 965 966 934
f 934 966 967 935
f 935 967 968 936
f 936 968 969 937
f 937 969 970 938
f 938 970 971 939
f 939 971 972 940
f 940 972 973 941
f 941 973 974 942
f 942 974 975 943
f 943 975 976 944
f 944 976 977 945
f 945 977 978 946
f 946 978 979 947
f 947 979 980 948
f 948 980 981 949
f 949 981 982 950
f 950 982 983 951
f 951 983 984 952
f 952 984 985 953
f 953 985 954 922
f 954 986 987 955
f 955 987 988 956
f 956 988 989 957
f 957 989 990 958
f 958 990 991 959
f 959 991 992 960
f 960 992 993 961
f 961 993 994 962
f 962 994 995 963
f 963 995 996 964
f 964 996 997 965
f 965 997 998 966
f 966 998 999 967
f 967 999 1000 968
f 968 1000 1001 969
f 969 1001 1002 970
f 970 1002 1003 971
f 971 1003 1004 972
f 972 1004 1005 973
f 973 1005 1006 974
f 974 1006 1007 975
f 975 1007 1008 976
f 976 1008 1009 977
f 977 1009 1010 978
f 978 1010 1011 979
f 979 1011 1012 980
f 980 1012 1013 981
f 981 1013 1014 982
f 982 1014 1015 983
f 983 1015 1016 984
f 984 1016 1017 985
f 985 1017 986 954
f 986 1018 1019 987
f 987 1019 1020 988
f 988 1020 1021 989
f 989 1021 1022 990
f 990 1022 1023 991
f 991 1023 1024 992
f 992 1024 1025 993
f 993 1025 1026 994
f 994 1026 1027 995
f 995 1027 1028 996
f 996 1028 1029 997
f 997 1029 1030 998
f 998 1030 1031 999
f 999 1031 1032 1000
f 1000 1032 1033 1001
f 1001 1033 1034 1002
f 1002 1034 1035 1003
f 1003 1035 1036 1004
f 1004 1036 1037 1005
f 1005 1037 1038 1006
f 1006 1038 1039 1007
f 1007 1039 1040 1008
f 1008 1040 1041 1009
f 1009 1041 1042 1010
f 1010 1042 1043 1011
f 1011 1043 1044 1012
f 1012 1044 1045 1013
f 1013 1045 1046 1014
f 1014 1046 1047 1015
f 1015 1047 1048 1016
f 1016 1048 1049 1017
f 1017 1049 1018 986
f 1018 1050 1051 1019
f 1019 1051 1052 1020
f 1020 1052 1053 1021
f 1021 1053 1054 1022
f 1022 1054 1055 1023
f 1023 1055 1056 1024
f 1024 1056 1057 1025
f 1025 1057 1058 1026
f 1026 1058 1059 1027
f 1027 1059 1060 1028
f 1028 1060 1061 1029
f 1029 1061 1062 1030
f 1030 1062 1063 1031
f 1031 1063 1064 1032
f 1032 1064 1065 1033
f 1033 1065 1066 1034
f 1034 1066 1067 1035
f 1035 1067 1068 1036
f 1036 1068 1069 1037
f 1037 1069 1070 1038
f 1038 1070 1071 1039
f 1039 1071 1072 1040
f 1040 1072 1073 1041
f 1041 1073 1074 1042
f 1042 1074 1075 1043
f 1043 1075 1076 1044
f 1044 1076 1077 1045
f 1045 1077 1078 1046
f 1046 1078 1079 1047
f 1047 1079 1080 1048
f 1048 1080 1081 1049
f 1049 1081 1050 1018
f 1050 1082 1051
f 1051 1082 1052
f 1052 1082 1053
f 1053 1082 1054
f 1054 1082 1055
f 1055 1082 1056
f 1056 1082 1057
f 1057 1082 1058
f 1058 1082 1059
f 1059 1082 1060
f 1060 1082 1061
f 1061 1082 1062
f 1062 1082 1063
f 1063 1082 1064
f 1064 1082 1065
f 1065 1082 1066
f 1066 1082 1067
f 1067 1082 1068
f 1068 1082 1069
f 1069 1082 1070
f 1070 1082 1071
f 1071 1082 1072
f 1072 1082 1073
f 1073 1082 1074
f 1074 1082 1075
f 1075 1082 1076
f 1076 1082 1077
f 1077 1082 1078
f 1078 1082 1079
f 1079 1082 1080
f 1080 1082 1081
f 1081 1082 1050
usemtl Oxygen_red
f 1083 1084 1085
f 1083 1085 1086
f 1083 1086 1087
f 1083 1087 1088
f 1083 1088 1089
f 1083 1089 1090
f 1083 1090 1091
f 1083 1091 1092
f 1083 1092 1093
f 1083 1093 1094
f 1083 1094 1095
f 1083 1095 1096
f 1083 1096 1097
f 1083 1097 1098
f 1083 1098 1099
f 1083 1099 1100
f 1083 1100 1101
f 1083 1101 1102
f 1083 1102 1103
f 1083 1103 1104
f 1083 1104 1105
f 1083 1105 1106
f 1083 1106 1107
f 1083 1107 1108
f 1083 1108 1109
f 1083 1109 1110
f 1083 1110 1111
f 1083 1111 1112
f 1083 1112 1113
f 1083 1113 1114
f 1083 1114 1115
f 1083 1115 1084
f 1084 1116 1117 1085
f 1085 1117 1118 1086
f 1086 1118 1119 1087
f 1087 1119 1120 1088
f 1088 1120 1121 1089
f 1089 1121 1122 1090
f 1090 1122 1123 1091
f 1091 1123 1124 1092
f 1092 1124 1125 1093
f 1093 1125 1126 1094
f 1094 1126 1127 1095
f 1095 1127 1128 1096
f 1096 1128 1129 1097
f 1097 1129 1130 1098
f 1098 1130 1131 1099
f 1099 1131 1132 1100
f 1100 1132 1133 1101
f 1101 1133 1134 1102
f 1102 1134 1135 1103
f 1103 1135 1136 1104
f 1104 1136 1137 1105
f 1105 1137 1138 1106
f 1106 1138 1139 1107
f 1107 1139 1140 1108
f 1108 1140 1141 1109
f 1109 1141 1142 1110
f 1110 1142 1143 1111
f 1111 1143 1144 1112
f 1112 1144 1145 1113
f 1113 1145 1146 1114
f 1114 1146 1147 1115
f 1115 1147 1116 1084
f 1116 1148 1149 1117
f 1117 1149 1150 1118
f 1118 1150 1151 1119
f 1119 1151 1152 1120
f 1120 1152 1153 1121
f 1121 1153 1154 1122
f 1122 1154 1155 1123
f 1123 1155 1156 1124
f 1124 1156 1157 1125
f 1125 1157 1158 1126
f 1126 1158 1159 1127
f 1127 1159 1160 1128
f 1128 1160 1161 1129
f 1129 1161 1162 1130
f 1130 1162 1163 1131
f 1131 1163 1164 1132
f 1132 1164 1165 1133
f 1133 1165 1166 1134
f 1134 1166 1167 1135
f 1135 1167 1168 1136
f 1136 1168 1169 1137
f 1137 1169 1170 1138
f 1138 1170 1171 1139
f 1139 1171 1172 1140
f 1140 1172 1173 1141
f 1141 1173 1174 1142
f 1142 1174 1175 1143
f 1143 1175 1176 1144
f 1144 1176 1177 1145
f 1145 1177 1178 1146
f 1146 1178 1179 1147
f 1147 1179 1148 1116
f 1148 1180 1181 1149
f 1149 1181 1182 1150
f 1150 1182 1183 1151
f 1151 1183 1184 1152
f 1152 1184 1185 1153
f 1153 1185 1186 1154
f 1154 1186 1187 1155
f 1155 1187 1188 1156
f 1156 1188 1189 1157
f 1157 1189 1190 1158
f 1158 1190 1191 1159
f 1159 1191 1192 1160
f 1160 1192 1193 1161
f 1161 1193 1194 1162
f 1162 1194 1195 1163
f 1163 1195 1196 1164
f 1164 1196 1197 1165
f 1165 1197 1198 1166
f 1166 1198 1199 1167
f 1167 1199 1200 1168
f 1168 1200 1201 1169
f 1169 1201 1202 1170
f 1170 1202 1203 1171
f 1171 1203 1204 1172
f 1172 1204 1205 1173
f 1173 1205 1206 1174
f 1174 1206 1207 1175
f 1175 1207 1208 1176
f 1176 1208 1209 1177
f 1177 1209 1210 1178
f 1178 1210 1211 1179
f 1179 1211 1180 1148
f 1180 1212 1213 1181
f 1181 1213 1214 1182
f 1182 1214 1215 1183
f 1183 1215 1216 1184
f 1184 1216 1217 1185
f 1185 1217 1218 1186
f 1186 1218 1219 1187
f 1187 1219 1220 1188
f 1188 1220 1221 1189
f 1189 1221 1222 1190
f 1190 1222 1223 1191
f 1191 1223 1224 1192
f 1192 1224 1225 1193
f 1193 1225 1226 1194
f 1194 1226 1227 1195
f 1195 1227 1228 1196
f 1196 1228 1229 1197
f 1197 1229 1230 1198
f 1198 1230 1231 1199
f 1199 1231 1232 1200
f 1200 1232 1233 1201
f 1201 1233 1234 1202
f 1202 1234 1235 1203
f 1203 1235 1236 1204
f 1204 1236 1237 1205
f 1205 1237 1238 1206
f 1206 1238 1239 1207
f 1207 1239 1240 1208
f 1208 1240 1241 1209
f 1209 1241 1242 1210
f 1210 1242 1243 1211
f 1211 1243 1212 1180
f 1212 1244 1245 1213
f 1213 1245 1246 1214
f 1214 1246 1247 1215
f 1215 1247 1248 1216
f 1216 1248 1249 1217
f 1217 1249 1250 1218
f 1218 1250 1251 1219
f 1219 1251 1252 1220
f 1220 1252 1253 1221
f 1221 1253 1254 1222
f 1222 1254 1255 1223
f 1223 1255 1256 1224
f 1224 1256 1257 1225
f 1225 1257 1258 1226
f 1226 1258 1259 1227
f 1227 1259 1260 1228
f 1228 1260 1261 1229
f 1229 1261 1262 1230
f 1230 1262 1263 1231
f 1231 1263 1264 1232
f 1232 1264 1265 1233
f 1233 1265 1266 1234
f 1234 1266 1267 1235
f 1235 1267 1268 1236
f 1236 1268 1269 1237
f 1237 1269 1270 1238
f 1238 1270 1271 1239
f 1239 1271 1272 1240
f 1240 1272 1273 1241
f 1241 1273 1274 1242
f 1242 1274 1275 1243
f 1243 1275 1244 1212
f 1244 1276 1277 1245
f 1245 1277 1278 1246
f 1246 1278 1279 1247
f 1247 1279 1280 1248
f 1248 1280 1281 1249
f 1249 1281 1282 1250
f 1250 1282 1283 1251
f 1251 1283 1284 1252
f 1252 1284 1285 1253
f 1253 1285 1286 1254
f 1254 1286 1287 1255
f 1255 1287 1288 1256
f 1256 1288 1289 1257
f 1257 1289 1290 1258
f 1258 1290 1291 1259
f 1259 1291 1292 1260
f 1260 1292 1293 1261
f 1261 1293 1294 1262
f 1262 1294 1295 1263
f 1263 1295 1296 1264
f 1264 1296 1297 1265
f 1265 1297 1298 1266
f 1266 1298 1299 1267
f 1267 1299 1300 1268
f 1268 1300 1301 1269
f 1269 1301 1302 1270
f 1270 1302 1303 1271
f 1271 1303 1304 1272
f 1272 1304 1305 1273
f 1273 1305 1306 1274
f 1274 1306 1307 1275
f 1275 1307 1276 1244
f 1276 1308 1309 1277
f 1277 1309 1310 1278
f 1278 1310 1311 1279
f 1279 1311 1312 1280
f 1280 1312 1313 1281
f 1281 1313 1314 1282
f 1282 1314 1315 1283
f 1283 1315 1316 1284
f 1284 1316 1317 1285
f 1285 1317 1318 1286
f 1286 1318 1319 1287
f 1287 1319 1320 1288
f 1288 1320 1321 1289
f 1289 1321 1322 1290
f 1290 1322 1323 1291
f 1291 1323 1324 1292
f 1292 1324 1325 1293
f 1293 1325 1326 1294
f 1294 1326 1327 1295
f 1295 1327 1328 1296
f 1296 1328 1329 1297
f 1297 1329 1330 1298
f 1298 1330 1331 1299
f 1299 1331 1332 1300
f 1300 1332 1333 1301
f 1301 1333 1334 1302
f 1302 1334 1335 1303
f 1303 1335 1336 1304
f 1304 1336 1337 1305
f 1305 1337 1338 1306
f 1306 1338 1339 1307
f 1307 1339 1308 1276
f 1308 1340 1341 1309
f 1309 1341 1342 1310
f 1310 1342 1343 1311
f 1311 1343 1344 1312
f 1312 1344 1345 1313
f 1313 1345 1346 1314
f 1314 1346 1347 1315
f 1315 1347 1348 1316
f 1316 1348 1349 1317
f 1317 1349 1350 1318
f 1318 1350 1351 1319
f 1319 1351 1352 1320
f 1320 1352 1353 1321
f 1321 1353 1354 1322
f 1322 1354 1355 1323
f 1323 1355 1356 1324
f 1324 1356 1357 1325
f 1325 1357 1358 1326
f 1326 1358 1359 1327
f 1327 1359 1360 1328
f 1328 1360 1361 1329
f 1329 1361 1362 1330
f 1330 1362 1363 1331
f 1331 1363 1364 1332
f 1332 1364 1365 1333
f 1333 1365 1366 1334
f 1334 1366 1367 1335
f 1335 1367 1368 1336
f 1336 1368 1369 1337
f 1337 1369 1370 1338
f 1338 1370 1371 1339
f 1339 1371 1340 1308
f 1340 1372 1373 1341
f 1341 1373 1374 1342
f 1342 1374 1375 1343
f 1343 1375 1376 1344
f 1344 1376 1377 1345
f 1345 1377 1378 1346
f 1346 1378 1379 1347
f 1347 1379 1380 1348
f 1348 1380 1381 1349
f 1349 1381 1382 1350
f 1350 1382 1383 1351
f 1351 1383 1384 1352
f 1352 1384 1385 1353
f 1353 1385 1386 1354
f 1354 1386 1387 1355
f 1355 1387 1388 1356
f 1356 1388 1389 1357
f 1357 1389 1390 1358
f 1358 1390 1391 1359
f 1359 1391 1392 1360
f 1360 1392 1393 1361
f 1361 1393 1394 1362
f 1362 1394 1395 1363
f 1363 1395 1396 1364
f 1364 1396 1397 1365
f 1365 1397 1398 1366
f 1366 1398 1399 1367
f 1367 1399 1400 1368
f 1368 1400 1401 1369
f 1369 1401 1402 1370
f 1370 1402 1403 1371
f 1371 1403 1372 1340
f 1372 1404 1405 1373
f 1373 1405 1406 1374
f 1374 1406 1407 1375
f 1375 1407 1408 1376
f 1376 1408 1409 1377
f 1377 1409 1410 1378
f 1378 1410 1411 1379
f 1379 1411 1412 1380
f 1380 1412 1413 1381
f 1381 1413 1414 1382
f 1382 1414 1415 1383
f 1383 1415 1416 1384
f 1384 1416 1417 1385
f 1385 1417 1418 1386
f 1386 1418 1419 1387
f 1387 1419 1420 1388
f 1388 1420 1421 1389
f 1389 1421 1422 1390
f 1390 1422 1423 1391
f 1391 1423 1424 1392
f 1392 1424 1425 1393
f 1393 1425 1426 1394
f 1394 1426 1427 1395
f 1395 1427 1428 1396
f 1396 1428 1429 1397
f 1397 1429 1430 1398
f 1398 1430 1431 1399
f 1399 1431 1432 1400
f 1400 1432 1433 1401
f 1401 1433 1434 1402
f 1402 1434 1435 1403
f 1403 1435 1404 1372
f 1404 1436 1437 1405
f 1405 1437 1438 1406
f 1406 1438 1439 1407
f 1407 1439 1440 1408
f 1408 1440 1441 1409
f 1409 1441 1442 1410
f 1410 1442 1443 1411
f 1411 1443 1444 1412
f 1412 1444 1445 1413
f 1413 1445 1446 1414
f 1414 1446 1447 1415
f 1415 1447 1448 1416
f 1416 1448 1449 1417
f 1417 1449 1450 1418
f 1418 1450 1451 1419
f 1419 1451 1452 1420
f 1420 1452 1453 1421
f 1421 1453 1454 1422
f 1422 1454 1455 1423
f 1423 1455 1456 1424
f 1424 1456 1457 1425
f 1425 1457 1458 1426
f 1426 1458 1459 1427
f 1427 1459 1460 1428
f 1428 1460 1461 1429
f 1429 1461 1462 1430
f 1430 1462 1463 1431
f 1431 1463 1464 1432
f 1432 1464 1465 1433
f 1433 1465 1466 1434
f 1434 1466 1467 1435
f 1435 1467 1436 1404
f 1436 1468 1469 1437
f 1437 1469 1470 1438
f 1438 1470 1471 1439
f 1439 1471 1472 1440
f 1440 1472 1473 1441
f 1441 1473 1474 1442
f 1442 1474 1475 1443
f 1443 1475 1476 1444
f 1444 1476 1477 1445
f 1445 1477 1478 1446
f 1446 1478 1479 1447
f 1447 1479 1480 1448
f 1448 1480 1481 1449
f 1449 1481 1482 1450
f 1450 1482 1483 1451
f 1451 1483 1484 1452
f 1452 1484 1485 1453
f 1453 1485 1486 1454
f 1454 1486 1487 1455
f 1455 1487 1488 1456
f 1456 1488 1489 1457
f 1457 1489 1490 1458
f 1458 1490 1491 1459
f 1459 1491 1492 1460
f 1460 1492 1493 1461
f 1461 1493 1494 1462
f 1462 1494 1495 1463
f 1463 1495 1496 1464
f 1464 1496 1497 1465
f 1465 1497 1498 1466
f 1466 1498 1499 1467
f 1467 1499 1468 1436
f 1468 1500 1501 1469
f 1469 1501 1502 1470
f 1470 1502 1503 1471
f 1471 1503 1504 1472
f 1472 1504 1505 1473
f 1473 1505 1506 1474
f 1474 1506 1507 1475
f 1475 1507 1508 1476
f 1476 1508 1509 1477
f 1477 1509 1510 1478
f 1478 1510 1511 1479
f 1479 1511 1512 1480
f 1480 1512 1513 1481
f 1481 1513 1514 1482
f 1482 1514 1515 1483
f 1483 1515 1516 1484
f 1484 1516 1517 1485
f 1485 1517 1518 1486
f 1486 1518 1519 1487
f 1487 1519 1520 1488
f 1488 1520 1521 1489
f 1489 1521 1522 1490
f 1490 1522 1523 1491
f 1491 1523 1524 1492
f 1492 1524 1525 1493
f 1493 1525 1526 1494
f 1494 1526 1527 1495
f 1495 1527 1528 1496
f 1496 1528 1529 1497
f 1497 1529 1530 1498
f 1498 1530 1531 1499
f 1499 1531 1500 1468
f 1500 1532 1533 1501
f 1501 1533 1534 1502
f 1502 1534 1535 1503
f 1503 1535 1536 1504
f 1504 1536 1537 1505
f 1505 1537 1538 1506
f 1506 1538 1539 1507
f 1507 1539 1540 1508
f 1508 1540 1541 1509
f 1509 1541 1542 1510
f 1510 1542 1543 1511
f 1511 1543 1544 1512
f 1512 1544 1545 1513
f 1513 1545 1546 1514
f 1514 1546 1547 1515
f 1515 1547 1548 1516
f 1516 1548 1549 1517
f 1517 1549 1550 1518
f 1518 1550 1551 1519
f 1519 1551 1552 1520
f 1520 1552 1553 1521
f 1521 1553 1554 1522
f 1522 1554 1555 1523
f 1523 1555 1556 1524
f 1524 1556 1557 1525
f 1525 1557 1558 1526
f 1526 1558 1559 1527
f 1527 1559 1560 1528
f 1528 1560 1561 1529
f 1529 1561 1562 1530
f 1530 1562 1563 1531
f 1531 1563 1532 1500
f 1532 1564 1533
f 1533 1564 1534
f 1534 1564 1535
f 1535 1564 1536
f 1536 1564 1537
f 1537 1564 1538
f 1538 1564 1539
f 1539 1564 1540
f 1540 1564 1541
f 1541 1564 1542
f 1542 1564 1543
f 1543 1564 1544
f 1544 1564 1545
f 1545 1564 1546
f 1546 1564 1547
f 1547 1564 1548
f 1548 1564 1549
f 1549 1564 1550
f 1550 1564 1551
f 1551 1564 1552
f 1552 1564 1553
f 1553 1564 1554
f 1554 1564 1555
f 1555 1564 1556
f 1556 1564 1557
f 1557 1564 1558
f 1558 1564 1559
f 1559 1564 1560
f 1560 1564 1561
f 1561 1564 1562
f 1562 1564 1563
f 1563 1564 1532
f 1565 1566 1567
f 1565 1567 1568
f 1565 1568 1569
f 1565 1569 1570
f 1565 1570 1571
f 1565 1571 1572
f 1565 1572 1573
f 1565 1573 1574
f 1565 1574 1575
f 1565 1575 1576
f 1565 1576 1577
f 1565 1577 1578
f 1565 1578 1579
f 1565 1579 1580
f 1565 1580 1581
f 1565 1581 1582
f 1565 1582 1583
f 1565 1583 1584
f 1565 1584 1585
f 1565 1585 1586
f 1565 1586 1587
f 1565 1587 1588
f 1565 1588 1589
f 1565 1589 1590
f 1565 1590 1591
f 1565 1591 1592
f 1565 1592 1593
f 1565 1593 1594
f 1565 1594 1595
f 1565 1595 1596
f 1565 1596 1597
f 1565 1597 1566
f 1566 1598 1599 1567
f 1567 1599 1600 1568
f 1568 1600 1601 1569
f 1569 1601 1602 1570
f 1570 1602 1603 1571
f 1571 1603 1604 1572
f 1572 1604 1605 1573
f 1573 1605 1606 1574
f 1574 1606 1607 1575
f 1575 1607 1608 1576
f 1576 1608 1609 1577
f 1577 1609 1610 1578
f 1578 1610 1611 1579
f 1579 1611 1612 1580
f 1580 1612 1613 1581
f 1581 1613 1614 1582
f 1582 1614 1615 1583
f 1583 1615 1616 1584
f 1584 1616 1617 1585
f 1585 1617 1618 1586
f 1586 1618 1619 1587
f 1587 1619 1620 1588
f 1588 1620 1621 1589
f 1589 1621 1622 1590
f 1590 1622 1623 1591
f 1591 1623 1624 1592
f 1592 1624 1625 1593
f 1593 1625 1626 1594
f 1594 1626 1627 1595
f 1595 1627 1628 1596
f 1596 1628 1629 1597
f 1597 1629 1598 1566
f 1598 1630 1631 1599
f 1599 1631 1632 1600
f 1600 1632 1633 1601
f 1601 1633 1634 1602
f 1602 1634 1635 1603
f 1603 1635 1636 1604
f 1604 1636 1637 1605
f 1605 1637 1638 1606
f 1606 1638 1639 1607
f 1607 1639 1640 1608
f 1608 1640 1641 1609
f 1609 1641 1642 1610
f 1610 1642 1643 1611
f 1611 1643 1644 1612
f 1612 1644 1645 1613
f 1613 1645 1646 1614
f 1614 1646 1647 1615
f 1615 1647 1648 1616
f 1616 1648 1649 1617
f 1617 1649 1650 1618
f 1618 1650 1651 1619
f 1619 1651 1652 1620
f 1620 1652 1653 1621
f 1621 1653 1654 1622
f 1622 1654 1655 1623
f 1623 1655 1656 1624
f 1624 1656 1657 1625
f 1625 1657 1658 1626
f 1626 1658 1659 1627
f 1627 1659 1660 1628
f 1628 1660 1661 1629
f 1629 1661 1630 1598
f 1630 1662 1663 1631
f 1631 1663 1664 1632
f 1632 1664 1665 1633
f 1633 1665 1666 1634
f 1634 1666 1667 1635
f 1635 1667 1668 1636
f 1636 1668 1669 1637
f 1637 1669 1670 1638
f 1638 1670 1671 1639
f 1639 1671 1672 1640
f 1640 1672 1673 1641
f 1641 1673 1674 1642
f 1642 1674 1675 1643
f 1643 1675 1676 1644
f 1644 1676 1677 1645
f 1645 1677 1678 1646
f 1646 1678 1679 1647
f 1647 1679 1680 1648
f 1648 1680 1681 1649
f 1649 1681 1682 1650
f 1650 1682 1683 1651
f 1651 1683 1684 1652
f 1652 1684 1685 1653
f 1653 1685 1686 1654
f 1654 1686 1687 1655
f 1655 1687 1688 1656
f 1656 1688 1689 1657
f 1657 1689 1690 1658
f 1658 1690 1691 1659
f 1659 1691 1692 1660
f 1660 1692 1693 1661
f 1661 1693 1662 1630
f 1662 1694 1695 1663
f 1663 1695 1696 1664
f 1664 1696 1697 1665
f 1665 1697 1698 1666
f 1666 1698 1699 1667
f 1667 1699 1700 1668
f 1668 1700 1701 1669
f 1669 1701 1702 1670
f 1670 1702 1703 1671
f 1671 1703 1704 1672
f 1672 1704 1705 1673
f 1673 1705 1706 1674
f 1674 1706 1707 1675
f 1675 1707 1708 1676
f 1676 1708 1709 1677
f 1677 1709 1710 1678
f 1678 1710 1711 1679
f 1679 1711 1712 1680
f 1680 1712 1713 1681
f 1681 1713 1714 1682
f 1682 1714 1715 1683
f 1683 1715 1716 1684
f 1684 1716 1717 1685
f 1685 1717 1718 1686
f 1686 1718 1719 1687
f 1687 1719 1720 1688
f 1688 1720 1721 1689
f 1689 1721 1722 1690
f 1690 1722 1723 1691
f 1691 1723 1724 1692
f 1692 1724 1725 1693
f 1693 1725 1694 1662
f 1694 1726 1727 1695
f 1695 1727 1728 1696
f 1696 1728 1729 1697
f 1697 1729 1730 1698
f 1698 1730 1731 1699
f 1699 1731 1732 1700
f 1700 1732 1733 1701
f 1701 1733 1734 1702
f 1702 1734 1735 1703
f 1703 1735 1736 1704
f 1704 1736 1737 1705
f 1705 1737 1738 1706
f 1706 1738 1739 1707
f 1707 1739 1740 1708
f 1708 1740 1741 1709
f 1709 1741 1742 1710
f 1710 1742 1743 1711
f 1711 1743 1744 1712
f 1712 1744 1745 1713
f 1713 1745 1746 1714
f 1714 1746 1747 1715
f 1715 1747 1748 1716
f 1716 1748 1749 1717
f 1717 1749 1750 1718
f 1718 1750 1751 1719
f 1719 1751 1752 1720
f 1720 1752 1753 1721
f 1721 1753 1754 1722
f 1722 1754 1755 1723
f 1723 1755 1756 1724
f 1724 1756 1757 1725
f 1725 1757 1726 1694
f 1726 1758 1759 1727
f 1727 1759 1760 1728
f 1728 1760 1761 1729
f 1729 1761 1762 1730
f 1730 1762 1763 1731
f 1731 1763 1764 1732
f 1732 1764 1765 1733
f 1733 1765 1766 1734
f 1734 1766 1767 1735
f 1735 1767 1768 1736
f 1736 1768 1769 1737
f 1737 1769 1770 1738
f 1738 1770 1771 1739
f 1739 1771 1772 1740
f 1740 1772 1773 1741
f 1741 1773 1774 1742
f 1742 1774 1775 1743
f 1743 1775 1776 1744
f 1744 1776 1777 1745
f 1745 1777 1778 1746
f 1746 1778 1779 1747
f 1747 1779 1780 1748
f 1748 1780 1781 1749
f 1749 1781 1782 1750
f 1750 1782 1783 1751
f 1751 1783 1784 1752
f 1752 1784 1785 1753
f 1753 1785 1786 1754
f 1754 1786 1787 1755
f 1755 1787 1788 1756
f 1756 1788 1789 1757
f 1757 1789 1758 1726
f 1758 1790 1791 1759
f 1759 1791 1792 1760
f 1760 1792 1793 1761
f 1761 1793 1794 1762
f 1762 1794 1795 1763
f 1763 1795 1796 1764
f 1764 1796 1797 1765
f 1765 1797 1798 1766
f 1766 1798 1799 1767
f 1767 1799 1800 1768
f 1768 1800 1801 1769
f 1769 1801 1802 1770
f 1770 1802 1803 1771
f 1771 1803 1804 1772
f 1772 1804 1805 1773
f 1773 1805 1806 1774
f 1774 1806 1807 1775
f 1775 1807 1808 1776
f 1776 1808 1809 1777
f 1777 1809 1810 1778
f 1778 1810 1811 1779
f 1779 1811 1812 1780
f 1780 1812 1813 1781
f 1781 1813 1814 1782
f 1782 1814 1815 1783
f 1783 1815 1816 1784
f 1784 1816 1817 1785
f 1785 1817 1818 1786
f 1786 1818 1819 1787
f 1787 1819 1820 1788
f 1788 1820 1821 1789
f 1789 1821 1790 1758
f 1790 1822 1823 1791
f 1791 1823 1824 1792
f 1792 1824 1825 1793
f 1793 1825 1826 1794
f 1794 1826 1827 1795
f 1795 1827 1828 1796
f 1796 1828 1829 1797
f 1797 1829 1830 1798
f 1798 1830 1831 1799
f 1799 1831 1832 1800
f 1800 1832 1833 1801
f 1801 1833 1834 1802
f 1802 1834 1835 1803
f 1803 1835 1836 1804
f 1804 1836 1837 1805
f 1805 1837 1838 1806
f 1806 1838 1839 1807
f 1807 1839 1840 1808
f 1808 1840 1841 1809
f 1809 1841 1842 1810
f 1810 1842 1843 1811
f 1811 1843 1844 1812
f 1812 1844 1845 1813
f 1813 1845 1846 1814
f 1814 1846 1847 1815
f 1815 1847 1848 1816
f 1816 1848 1849 1817
f 1817 1849 1850 1818
f 1818 1850 1851 1819
f 1819 1851 1852 1820
f 1820 1852 1853 1821
f 1821 1853 1822 1790
f 1822 1854 1855 1823
f 1823 1855 1856 1824
f 1824 1856 1857 1825
f 1825 1857 1858 1826
f 1826 1858 1859 1827
f 1827 1859 1860 1828
f 1828 1860 1861 1829
f 1829 1861 1862 1830
f 1830 1862 1863 1831
f 1831 1863 1864 1832
f 1832 1864 1865 1833
f 1833 1865 1866 1834
f 1834 1866 1867 1835
f 1835 1867 1868 1836
f 1836 1868 1869 1837
f 1837 1869 1870 1838
f 1838 1870 1871 1839
f 1839 1871 1872 1840
f 1840 1872 1873 1841
f 1841 1873 1874 1842
f 1842 1874 1875 1843
f 1843 1875 1876 1844
f 1844 1876 1877 1845
f 1845 1877 1878 1846
f 1846 1878 1879 1847
f 1847 1879 1880 1848
f 1848 1880 1881 1849
f 1849 1881 1882 1850
f 1850 1882 1883 1851
f 1851 1883 1884 1852
f 1852 1884 1885 1853
f 1853 1885 1854 1822
f 1854 1886 1887 1855
f 1855 1887 1888 1856
f 1856 1888 1889 1857
f 1857 1889 1890 1858
f 1858 1890 1891 1859
f 1859 1891 1892 1860
f 1860 1892 1893 1861
f 1861 1893 1894 1862
f 1862 1894 1895 1863
f 1863 1895 1896 1864
f 1864 1896 1897 1865
f 1865 1897 1898 1866
f 1866 1898 1899 1867
f 1867 1899 1900 1868
f 1868 1900 1901 1869
f 1869 1901 1902 1870
f 1870 1902 1903 1871
f 1871 1903 1904 1872
f 1872 1904 1905 1873
f 1873 1905 1906 1874
f 1874 1906 1907 1875
f 1875 1907 1908 1876
f 1876 1908 1909 1877
f 1877 1909 1910 1878
f 1878 1910 1911 1879
f 1879 1911 1912 1880
f 1880 1912 1913 1881
f 1881 1913 1914 1882
f 1882 1914 1915 1883
f 1883 1915 1916 1884
f 1884 1916 1917 1885
f 1885 1917 1886 1854
f 1886 1918 1919 1887
f 1887 1919 1920 1888
f 1888 1920 1921 1889
f 1889 1921 1922 1890
f 1890 1922 1923 1891
f 1891 1923 1924 1892
f 1892 1924 1925 1893
f 1893 1925 1926 1894
f 1894 1926 1927 1895
f 1895 1927 1928 1896
f 1896 1928 1929 1897
f 1897 1929 1930 1898
f 1898 1930 1931 1899
f 1899 1931 1932 1900
f 1900 1932 1933 1901
f 1901 1933 1934 1902
f 1902 1934 1935 1903
f 1903 1935 1936 1904
f 1904 1936 1937 1905
f 1905 1937 1938 1906
f 1906 1938 1939 1907
f 1907 1939 1940 1908
f 1908 1940 1941 1909
f 1909 1941 1942 1910
f 1910 1942 1943 1911
f 1911 1943 1944 1912
f 1912 1944 1945 1913
f 1913 1945 1946 1914
f 1914 1946 1947 1915
f 1915 1947 1948 1916
f 1916 1948 1949 1917
f 1917 1949 1918 1886
f 1918 1950 1951 1919
f 1919 1951 1952 1920
f 1920 1952 1953 1921
f 1921 1953 1954 1922
f 1922 1954 1955 1923
f 1923 1955 1956 1924
f 1924 1956 1957 1925
f 1925 1957 1958 1926
f 1926 1958 1959 1927
f 1927 1959 1960 1928
f 1928 1960 1961 1929
f 1929 1961 1962 1930
f 1930 1962 1963 1931
f 1931 1963 1964 1932
f 1932 1964 1965 1933
f 1933 1965 1966 1934
f 1934 1966 1967 1935
f 1935 1967 1968 1936
f 1936 1968 1969 1937
f 1937 1969 1970 1938
f 1938 1970 1971 1939
f 1939 1971 1972 1940
f 1940 1972 1973 1941
f 1941 1973 1974 1942
f 1942 1974 1975 1943
f 1943 1975 1976 1944
f 1944 1976 1977 1945
f 1945 1977 1978 1946
f 1946 1978 1979 1947
f 1947 1979 1980 1948
f 1948 1980 1981 1949
f 1949 1981 1950 1918
f 1950 1982 1983 1951
f 1951 1983 1984 1952
f 1952 1984 1985 1953
f 1953 1985 1986 1954
f 1954 1986 1987 1955
f 1955 1987 1988 1956
f 1956 1988 1989 1957
f 1957 1989 1990 1958
f 1958 1990 1991 1959
f 1959 1991 1992 1960
f 1960 1992 1993 1961
f 1961 1993 1994 1962
f 1962 1994 1995 1963
f 1963 1995 1996 1964
f 1964 1996 1997 1965
f 1965 1997 1998 1966
f 1966 1998 1999 1967
f 1967 1999 2000 1968
f 1968 2000 2001 1969
f 1969 2001 2002 1970
f 1970 2002 2003 1971
f 1971 2003 2004 1972
f 1972 2004 2005 1973
f 1973 2005 2006 1974
f 1974 2006 2007 1975
f 1975 2007 2008 1976
f 1976 2008 2009 1977
f 1977 2009 2010 1978
f 1978 2010 2011 1979
f 1979 2011 2012 1980
f 1980 2012 2013 1981
f 1981 2013 1982 1950
f 1982 2014 2015 1983
f 1983 2015 2016 1984
f 1984 2016 2017 1985
f 1985 2017 2018 1986
f 1986 2018 2019 1987
f 1987 2019 2020 1988
f 1988 2020 2021 1989
f 1989 2021 2022 1990
f 1990 2022 2023 1991
f 1991 2023 2024 1992
f 1992 2024 2025 1993
f 1993 2025 2026 1994
f 1994 2026 2027 1995
f 1995 2027 2028 1996
f 1996 2028 2029 1997
f 1997 2029 2030 1998
f 1998 2030 2031 1999
f 1999 2031 2032 2000
f 2000 2032 2033 2001
f 2001 2033 2034 2002
f 2002 2034 2035 2003
f 2003 2035 2036 2004
f 2004 2036 2037 2005
f 2005 2037 2038 2006
f 2006 2038 2039 2007
f 2007 2039 2040 2008
f 2008 2040 2041 2009
f 2009 2041 2042 2010
f 2010 2042 2043 2011
f 2011 2043 2044 2012
f 2012 2044 2045 2013
f 2013 2045 2014 1982
f 2014 2046 2015
f 2015 2046 2016
f 2016 2046 2017
f 2017 2046 2018
f 2018 2046 2019
f 2019 2046 2020
f 2020 2046 2021
f 2021 2046 2022
f 2022 2046 2023
f 2023 2046 2024
f 2024 2046 2025
f 2025 2046 2026
f 2026 2046 2027
f 2027 2046 2028
f 2028 2046 2029
f 2029 2046 2030
f 2030 2046 2031
f 2031 2046 2032
f 2032 2046 2033
f 2033 2046 2034
f 2034 2046 2035
f 2035 2046 2036
f 2036 2046 2037
f 2037 2046 2038
f 2038 2046 2039
f 2039 2046 2040
f 2040 2046 2041
f 2041 2046 2042
f 2042 2046 2043
f 2043 2046 2044
f 2044 2046 2045
f 2045 2046 2014
usemtl Carbon_dark_gray
f 2047 2048 2049
f 2047 2049 2050
f 2047 2050 2051
f 2047 2051 2052
f 2047 2052 2053
f 2047 2053 2054
f 2047 2054 2055
f 2047 2055 2056
f 2047 2056 2057
f 2047 2057 2058
f 2047 2058 2059
f 2047 2059 2060
f 2047 2060 2061
f 2047 2061 2062
f 2047 2062 2063
f 2047 2063 2064
f 2047 2064 2065
f 2047 2065 2066
f 2047 2066 2067
f 2047 2067 2068
f 2047 2068 2069
f 2047 2069 2070
f 2047 2070 2071
f 2047 2071 2072
f 2047 2072 2073
f 2047 2073 2074
f 2047 2074 2075
f 2047 2075 2076
f 2047 2076 2077
f 2047 2077 2078
f 2047 2078 2079
f 2047 2079 2048
f 2048 2080 2081 2049
f 2049 2081 2082 2050
f 2050 2082 2083 2051
f 2051 2083 2084 2052
f 2052 2084 2085 2053
f 2053 2085 2086 2054
f 2054 2086 2087 2055
f 2055 2087 2088 2056
f 2056 2088 2089 2057
f 2057 2089 2090 2058
f 2058 2090 2091 2059
f 2059 2091 2092 2060
f 2060 2092 2093 2061
f 2061 2093 2094 2062
f 2062 2094 2095 2063
f 2063 2095 2096 2064
f 2064 2096 2097 2065
f 2065 2097 2098 2066
f 2066 2098 2099 2067
f 2067 2099 2100 2068
f 2068 2100 2101 2069
f 2069 2101 2102 2070
f 2070 2102 2103 2071
f 2071 2103 2104 2072
f 2072 2104 2105 2073
f 2073 2105 2106 2074
f 2074 2106 2107 2075
f 2075 2107 2108 2076
f 2076 2108 2109 2077
f 2077 2109 2110 2078
f 2078 2110 2111 2079
f 2079 2111 2080 2048
f 2080 2112 2113 2081
f 2081 2113 2114 2082
f 2082 2114 2115 2083
f 2083 2115 2116 2084
f 2084 2116 2117 2085
f 2085 2117 2118 2086
f 2086 2118 2119 2087
f 2087 2119 2120 2088
f 2088 2120 2121 2089
f 2089 2121 2122 2090
f 2090 2122 2123 2091
f 2091 2123 2124 2092
f 2092 2124 2125 2093
f 2093 2125 2126 2094
f 2094 2126 2127 2095
f 2095 2127 2128 2096
f 2096 2128 2129 2097
f 2097 2129 2130 2098
f 2098 2130 2131 2099
f 2099 2131 2132 2100
f 2100 2132 2133 2101
f 2101 2133 2134 2102
f 2102 2134 2135 2103
f 2103 2135 2136 2104
f 2104 2136 2137 2105
f 2105 2137 2138 2106
f 2106 2138 2139 2107
f 2107 2139 2140 2108
f 2108 2140 2141 2109
f 2109 2141 2142 2110
f 2110 2142 2143 2111
f 2111 2143 2112 2080
f 2112 2144 2145 2113
f 2113 2145 2146 2114
f 2114 2146 2147 2115
f 2115 2147 2148 2116
f 2116 2148 2149 2117
f 2117 2149 2150 2118
f 2118 2150 2151 2119
f 2119 2151 2152 2120
f 2120 2152 2153 2121
f 2121 2153 2154 2122
f 2122 2154 2155 2123
f 2123 2155 2156 2124
f 2124 2156 2157 2125
f 2125 2157 2158 2126
f 2126 2158 2159 2127
f 2127 2159 2160 2128
f 2128 2160 2161 2129
f 2129 2161 2162 2130
f 2130 2162 2163 2131
f 2131 2163 2164 2132
f 2132 2164 2165 2133
f 2133 2165 2166 2134
f 2134 2166 2167 2135
f 2135 2167 2168 2136
f 2136 2168 2169 2137
f 2137 2169 2170 2138
f 2138 2170 2171 2139
f 2139 2171 2172 2140
f 2140 2172 2173 2141
f 2141 2173 2174 2142
f 2142 2174 2175 2143
f 2143 2175 2144 2112
f 2144 2176 2177 2145
f 2145 2177 2178 2146
f 2146 2178 2179 2147
f 2147 2179 2180 2148
f 2148 2180 2181 2149
f 2149 2181 2182 2150
f 2150 2182 2183 2151
f 2151 2183 2184 2152
f 2152 2184 2185 2153
f 2153 2185 2186 2154
f 2154 2186 2187 2155
f 2155 2187 2188 2156
f 2156 2188 2189 2157
f 2157 2189 2190 2158
f 2158 2190 2191 2159
f 2159 2191 2192 2160
f 2160 2192 2193 2161
f 2161 2193 2194 2162
f 2162 2194 2195 2163
f 2163 2195 2196 2164
f 2164 2196 2197 2165
f 2165 2197 2198 2166
f 2166 2198 2199 2167
f 2167 2199 2200 2168
f 2168 2200 2201 2169
f 2169 2201 2202 2170
f 2170 2202 2203 2171
f 2171 2203 2204 2172
f 2172 2204 2205 2173
f 2173 2205 2206 2174
f 2174 2206 2207 2175
f 2175 2207 2176 2144
f 2176 2208 2209 2177
f 2177 2209 2210 2178
f 2178 2210 2211 2179
f 2179 2211 2212 2180
f 2180 2212 2213 2181
f 2181 2213 2214 2182
f 2182 2214 2215 2183
f 2183 2215 2216 2184
f 2184 2216 2217 2185
f 2185 2217 2218 2186
f 2186 2218 2219 2187
f 2187 2219 2220 2188
f 2188 2220 2221 2189
f 2189 2221 2222 2190
f 2190 2222 2223 2191
f 2191 2223 2224 2192
f 2192 2224 2225 2193
f 2193 2225 2226 2194
f 2194 2226 2227 2195
f 2195 2227 2228 2196
f 2196 2228 2229 2197
f 2197 2229 2230 2198
f 2198 2230 2231 2199
f 2199 2231 2232 2200
f 2200 2232 2233 2201
f 2201 2233 2234 2202
f 2202 2234 2235 2203
f 2203 2235 2236 2204
f 2204 2236 2237 2205
f 2205 2237 2238 2206
f 2206 2238 2239 2207
f 2207 2239 2208 2176
f 2208 2240 2241 2209
f 2209 2241 2242 2210
f 2210 2242 2243 2211
f 2211 2243 2244 2212
f 2212 2244 2245 2213
f 2213 2245 2246 2214
f 2214 2246 2247 2215
f 2215 2247 2248 2216
f 2216 2248 2249 2217
f 2217 2249 2250 2218
f 2218 2250 2251 2219
f 2219 2251 2252 2220
f 2220 2252 2253 2221
f 2221 2253 2254 2222
f 2222 2254 2255 2223
f 2223 2255 2256 2224
f 2224 2256 2257 2225
f 2225 2257 2258 2226
f 2226 2258 2259 2227
f 2227 2259 2260 2228
f 2228 2260 2261 2229
f 2229 2261 2262 2230
f 2230 2262 2263 2231
f 2231 2263 2264 2232
f 2232 2264 2265 2233
f 2233 2265 2266 2234
f 2234 2266 2267 2235
f 2235 2267 2268 2236
f 2236 2268 2269 2237
f 2237 2269 2270 2238
f 2238 2270 2271 2239
f 2239 2271 2240 2208
f 2240 2272 2273 2241
f 2241 2273 2274 2242
f 2242 2274 2275 2243
f 2243 2275 2276 2244
f 2244 2276 2277 2245
f 2245 2277 2278 2246
f 2246 2278 2279 2247
f 2247 2279 2280 2248
f 2248 2280 2281 2249
f 2249 2281 2282 2250
f 2250 2282 2283 2251
f 2251 2283 2284 2252
f 2252 2284 2285 2253
f 2253 2285 2286 2254
f 2254 2286 2287 2255
f 2255 2287 2288 2256
f 2256 2288 2289 2257
f 2257 2289 2290 2258
f 2258 2290 2291 2259
f 2259 2291 2292 2260
f 2260 2292 2293 2261
f 2261 2293 2294 2262
f 2262 2294 2295 2263
f 2263 2295 2296 2264
f 2264 2296 2297 2265
f 2265 2297 2298 2266
f 2266 2298 2299 2267
f 2267 2299 2300 2268
f 2268 2300 2301 2269
f 2269 2301 2302 2270
f 2270 2302 2303 2271
f 2271 2303 2272 2240
f 2272 2304 2305 2273
f 2273 2305 2306 2274
f 2274 2306 2307 2275
f 2275 2307 2308 2276
f 2276 2308 2309 2277
f 2277 2309 2310 2278
f 2278 2310 2311 2279
f 2279 2311 2312 2280
f 2280 2312 2313 2281
f 2281 2313 2314 2282
f 2282 2314 2315 2283
f 2283 2315 2316 2284
f 2284 2316 2317 2285
f 2285 2317 2318 2286
f 2286 2318 2319 2287
f 2287 2319 2320 2288
f 2288 2320 2321 2289
f 2289 2321 2322 2290
f 2290 2322 2323 2291
f 2291 2323 2324 2292
f 2292 2324 2325 2293
f 2293 2325 2326 2294
f 2294 2326 2327 2295
f 2295 2327 2328 2296
f 2296 2328 2329 2297
f 2297 2329 2330 2298
f 2298 2330 2331 2299
f 2299 2331 2332 2300
f 2300 2332 2333 2301
f 2301 2333 2334 2302
f 2302 2334 2335 2303
f 2303 2335 2304 2272
f 2304 2336 2337 2305
f 2305 2337 2338 2306
f 2306 2338 2339 2307
f 2307 2339 2340 2308
f 2308 2340 2341 2309
f 2309 2341 2342 2310
f 2310 2342 2343 2311
f 2311 2343 2344 2312
f 2312 2344 2345 2313
f 2313 2345 2346 2314
f 2314 2346 2347 2315
f 2315 2347 2348 2316
f 2316 2348 2349 2317
f 2317 2349 2350 2318
f 2318 2350 2351 2319
f 2319 2351 2352 2320
f 2320 2352 2353 2321
f 2321 2353 2354 2322
f 2322 2354 2355 2323
f 2323 2355 2356 2324
f 2324 2356 2357 2325
f 2325 2357 2358 2326
f 2326 2358 2359 2327
f 2327 2359 2360 2328
f 2328 2360 2361 2329
f 2329 2361 2362 2330
f 2330 2362 2363 2331
f 2331 2363 2364 2332
f 2332 2364 2365 2333
f 2333 2365 2366 2334
f 2334 2366 2367 2335
f 2335 2367 2336 2304
f 2336 2368 2369 2337
f 2337 2369 2370 2338
f 2338 2370 2371 2339
f 2339 2371 2372 2340
f 2340 2372 2373 2341
f 2341 2373 2374 2342
f 2342 2374 2375 2343
f 2343 2375 2376 2344
f 2344 2376 2377 2345
f 2345 2377 2378 2346
f 2346 2378 2379 2347
f 2347 2379 2380 2348
f 2348 2380 2381 2349
f 2349 2381 2382 2350
f 2350 2382 2383 2351
f 2351 2383 2384 2352
f 2352 2384 2385 2353
f 2353 2385 2386 2354
f 2354 2386 2387 2355
f 2355 2387 2388 2356
f 2356 2388 2389 2357
f 2357 2389 2390 2358
f 2358 2390 2391 2359
f 2359 2391 2392 2360
f 2360 2392 2393 2361
f 2361 2393 2394 2362
f 2362 2394 2395 2363
f 2363 2395 2396 2364
f 2364 2396 2397 2365
f 2365 2397 2398 2366
f 2366 2398 2399 2367
f 2367 2399 2368 2336
f 2368 2400 2401 2369
f 2369 2401 2402 2370
f 2370 2402 2403 2371
f 2371 2403 2404 2372
f 2372 2404 2405 2373
f 2373 2405 2406 2374
f 2374 2406 2407 2375
f 2375 2407 2408 2376
f 2376 2408 2409 2377
f 2377 2409 2410 2378
f 2378 2410 2411 2379
f 2379 2411 2412 2380
f 2380 2412 2413 2381
f 2381 2413 2414 2382
f 2382 2414 2415 2383
f 2383 2415 2416 2384
f 2384 2416 2417 2385
f 2385 2417 2418 2386
f 2386 2418 2419 2387
f 2387 2419 2420 2388
f 2388 2420 2421 2389
f 2389 2421 2422 2390
f 2390 2422 2423 2391
f 2391 2423 2424 2392
f 2392 2424 2425 2393
f 2393 2425 2426 2394
f 2394 2426 2427 2395
f 2395 2427 2428 2396
f 2396 2428 2429 2397
f 2397 2429 2430 2398
f 2398 2430 2431 2399
f 2399 2431 2400 2368
f 2400 2432 2433 2401
f 2401 2433 2434 2402
f 2402 2434 2435 2403
f 2403 2435 2436 2404
f 2404 2436 2437 2405
f 2405 2437 2438 2406
f 2406 2438 2439 2407
f 2407 2439 2440 2408
f 2408 2440 2441 2409
f 2409 2441 2442 2410
f 2410 2442 2443 2411
f 2411 2443 2444 2412
f 2412 2444 2445 2413
f 2413 2445 2446 2414
f 2414 2446 2447 2415
f 2415 2447 2448 2416
f 2416 2448 2449 2417
f 2417 2449 2450 2418
f 2418 2450 2451 2419
f 2419 2451 2452 2420
f 2420 2452 2453 2421
f 2421 2453 2454 2422
f 2422 2454 2455 2423
f 2423 2455 2456 2424
f 2424 2456 2457 2425
f 2425 2457 2458 2426
f 2426 2458 2459 2427
f 2427 2459 2460 2428
f 2428 2460 2461 2429
f 2429 2461 2462 2430
f 2430 2462 2463 2431
f 2431 2463 2432 2400
f 2432 2464 2465 2433
f 2433 2465 2466 2434
f 2434 2466 2467 2435
f 2435 2467 2468 2436
f 2436 2468 2469 2437
f 2437 2469 2470 2438
f 2438 2470 2471 2439
f 2439 2471 2472 2440
f 2440 2472 2473 2441
f 2441 2473 2474 2442
f 2442 2474 2475 2443
f 2443 2475 2476 2444
f 2444 2476 2477 2445
f 2445 2477 2478 2446
f 2446 2478 2479 2447
f 2447 2479 2480 2448
f 2448 2480 2481 2449
f 2449 2481 2482 2450
f 2450 2482 2483 2451
f 2451 2483 2484 2452
f 2452 2484 2485 2453
f 2453 2485 2486 2454
f 2454 2486 2487 2455
f 2455 2487 2488 2456
f 2456 2488 2489 2457
f 2457 2489 2490 2458
f 2458 2490 2491 2459
f 2459 2491 2492 2460
f 2460 2492 2493 2461
f 2461 2493 2494 2462
f 2462 2494 2495 2463
f 2463 2495 2464 2432
f 2464 2496 2497 2465
f 2465 2497 2498 2466
f 2466 2498 2499 2467
f 2467 2499 2500 2468
f 2468 2500 2501 2469
f 2469 2501 2502 2470
f 2470 2502 2503 2471
f 2471 2503 2504 2472
f 2472 2504 2505 2473
f 2473 2505 2506 2474
f 2474 2506 2507 2475
f 2475 2507 2508 2476
f 2476 2508 2509 2477
f 2477 2509 2510 2478
f 2478 2510 2511 2479
f 2479 2511 2512 2480
f 2480 2512 2513 2481
f 2481 2513 2514 2482
f 2482 2514 2515 2483
f 2483 2515 2516 2484
f 2484 2516 2517 2485
f 2485 2517 2518 2486
f 2486 2518 2519 2487
f 2487 2519 2520 2488
f 2488 2520 2521 2489
f 2489 2521 2522 2490
f 2490 2522 2523 2491
f 2491 2523 2524 2492
f 2492 2524 2525 2493
f 2493 2525 2526 2494
f 2494 2526 2527 2495
f 2495 2527 2496 2464
f 2496 2528 2497
f 2497 2528 2498
f 2498 2528 2499
f 2499 2528 2500
f 2500 2528 2501
f 2501 2528 2502
f 2502 2528 2503
f 2503 2528 2504
f 2504 2528 2505
f 2505 2528 2506
f 2506 2528 2507
f 2507 2528 2508
f 2508 2528 2509
f 2509 2528 2510
f 2510 2528 2511
f 2511 2528 2512
f 2512 2528 2513
f 2513 2528 2514
f 2514 2528 2515
f 2515 2528 2516
f 2516 2528 2517
f 2517 2528 2518
f 2518 2528 2519
f 2519 2528 2520
f 2520 2528 2521
f 2521 2528 2522
f 2522 2528 2523
f 2523 2528 2524
f 2524 2528 2525
f 2525 2528 2526
f 2526 2528 2527
f 2527 2528 2496
f 2529 2530 2531
f 2529 2531 2532
f 2529 2532 2533
f 2529 2533 2534
f 2529 2534 2535
f 2529 2535 2536
f 2529 2536 2537
f 2529 2537 2538
f 2529 2538 2539
f 2529 2539 2540
f 2529 2540 2541
f 2529 2541 2542
f 2529 2542 2543
f 2529 2543 2544
f 2529 2544 2545
f 2529 2545 2546
f 2529 2546 2547
f 2529 2547 2548
f 2529 2548 2549
f 2529 2549 2550
f 2529 2550 2551
f 2529 2551 2552
f 2529 2552 2553
f 2529 2553 2554
f 2529 2554 2555
f 2529 2555 2556
f 2529 2556 2557
f 2529 2557 2558
f 2529 2558 2559
f 2529 2559 2560
f 2529 2560 2561
f 2529 2561 2530
f 2530 2562 2563 2531
f 2531 2563 2564 2532
f 2532 2564 2565 2533
f 2533 2565 2566 2534
f 2534 2566 2567 2535
f 2535 2567 2568 2536
f 2536 2568 2569 2537
f 2537 2569 2570 2538
f 2538 2570 2571 2539
f 2539 2571 2572 2540
f 2540 2572 2573 2541
f 2541 2573 2574 2542
f 2542 2574 2575 2543
f 2543 2575 2576 2544
f 2544 2576 2577 2545
f 2545 2577 2578 2546
f 2546 2578 2579 2547
f 2547 2579 2580 2548
f 2548 2580 2581 2549
f 2549 2581 2582 2550
f 2550 2582 2583 2551
f 2551 2583 2584 2552
f 2552 2584 2585 2553
f 2553 2585 2586 2554
f 2554 2586 2587 2555
f 2555 2587 2588 2556
f 2556 2588 2589 2557
f 2557 2589 2590 2558
f 2558 2590 2591 2559
f 2559 2591 2592 2560
f 2560 2592 2593 2561
f 2561 2593 2562 2530
f 2562 2594 2595 2563
f 2563 2595 2596 2564
f 2564 2596 2597 2565
f 2565 2597 2598 2566
f 2566 2598 2599 2567
f 2567 2599 2600 2568
f 2568 2600 2601 2569
f 2569 2601 2602 2570
f 2570 2602 2603 2571
f 2571 2603 2604 2572
f 2572 2604 2605 2573
f 2573 2605 2606 2574
f 2574 2606 2607 2575
f 2575 2607 2608 2576
f 2576 2608 2609 2577
f 2577 2609 2610 2578
f 2578 2610 2611 2579
f 2579 2611 2612 2580
f 2580 2612 2613 2581
f 2581 2613 2614 2582
f 2582 2614 2615 2583
f 2583 2615 2616 2584
f 2584 2616 2617 2585
f 2585 2617 2618 2586
f 2586 2618 2619 2587
f 2587 2619 2620 2588
f 2588 2620 2621 2589
f 2589 2621 2622 2590
f 2590 2622 2623 2591
f 2591 2623 2624 2592
f 2592 2624 2625 2593
f 2593 2625 2594 2562
f 2594 2626 2627 2595
f 2595 2627 2628 2596
f 2596 2628 2629 2597
f 2597 2629 2630 2598
f 2598 2630 2631 2599
f 2599 2631 2632 2600
f 2600 2632 2633 2601
f 2601 2633 2634 2602
f 2602 2634 2635 2603
f 2603 2635 2636 2604
f 2604 2636 2637 2605
f 2605 2637 2638 2606
f 2606 2638 2639 2607
f 2607 2639 2640 2608
f 2608 2640 2641 2609
f 2609 2641 2642 2610
f 2610 2642 2643 2611
f 2611 2643 2644 2612
f 2612 2644 2645 2613
f 2613 2645 2646 2614
f 2614 2646 2647 2615
f 2615 2647 2648 2616
f 2616 2648 2649 2617
f 2617 2649 2650 2618
f 2618 2650 2651 2619
f 2619 2651 2652 2620
f 2620 2652 2653 2621
f 2621 2653 2654 2622
f 2622 2654 2655 2623
f 2623 2655 2656 2624
f 2624 2656 2657 2625
f 2625 2657 2626 2594
f 2626 2658 2659 2627
f 2627 2659 2660 2628
f 2628 2660 2661 2629
f 2629 2661 2662 2630
f 2630 2662 2663 2631
f 2631 2663 2664 2632
f 2632 2664 2665 2633
f 2633 2665 2666 2634
f 2634 2666 2667 2635
f 2635 2667 2668 2636
f 2636 2668 2669 2637
f 2637 2669 2670 2638
f 2638 2670 2671 2639
f 2639 2671 2672 2640
f 2640 2672 2673 2641
f 2641 2673 2674 2642
f 2642 2674 2675 2643
f 2643 2675 2676 2644
f 2644 2676 2677 2645
f 2645 2677 2678 2646
f 2646 2678 2679 2647
f 2647 2679 2680 2648
f 2648 2680 2681 2649
f 2649 2681 2682 2650
f 2650 2682 2683 2651
f 2651 2683 2684 2652
f 2652 2684 2685 2653
f 2653 2685 2686 2654
f 2654 2686 2687 2655
f 2655 2687 2688 2656
f 2656 2688 2689 2657
f 2657 2689 2658 2626
f 2658 2690 2691 2659
f 2659 2691 2692 2660
f 2660 2692 2693 2661
f 2661 2693 2694 2662
f 2662 2694 2695 2663
f 2663 2695 2696 2664
f 2664 2696 2697 2665
f 2665 2697 2698 2666
f 2666 2698 2699 2667
f 2667 2699 2700 2668
f 2668 2700 2701 2669
f 2669 2701 2702 2670
f 2670 2702 2703 2671
f 2671 2703 2704 2672
f 2672 2704 2705 2673
f 2673 2705 2706 2674
f 2674 2706 2707 2675
f 2675 2707 2708 2676
f 2676 2708 2709 2677
f 2677 2709 2710 2678
f 2678 2710 2711 2679
f 2679 2711 2712 2680
f 2680 2712 2713 2681
f 2681 2713 2714 2682
f 2682 2714 2715 2683
f 2683 2715 2716 2684
f 2684 2716 2717 2685
f 2685 2717 2718 2686
f 2686 2718 2719 2687
f 2687 2719 2720 2688
f 2688 2720 2721 2689
f 2689 2721 2690 2658
f 2690 2722 2723 2691
f 2691 2723 2724 2692
f 2692 2724 2725 2693
f 2693 2725 2726 2694
f 2694 2726 2727 2695
f 2695 2727 2728 2696
f 2696 2728 2729 2697
f 2697 2729 2730 2698
f 2698 2730 2731 2699
f 2699 2731 2732 2700
f 2700 2732 2733 2701
f 2701 2733 2734 2702
f 2702 2734 2735 2703
f 2703 2735 2736 2704
f 2704 2736 2737 2705
f 2705 2737 2738 2706
f 2706 2738 2739 2707
f 2707 2739 2740 2708
f 2708 2740 2741 2709
f 2709 2741 2742 2710
f 2710 2742 2743 2711
f 2711 2743 2744 2712
f 2712 2744 2745 2713
f 2713 2745 2746 2714
f 2714 2746 2747 2715
f 2715 2747 2748 2716
f 2716 2748 2749 2717
f 2717 2749 2750 2718
f 2718 2750 2751 2719
f 2719 2751 2752 2720
f 2720 2752 2753 2721
f 2721 2753 2722 2690
f 2722 2754 2755 2723
f 2723 2755 2756 2724
f 2724 2756 2757 2725
f 2725 2757 2758 2726
f 2726 2758 2759 2727
f 2727 2759 2760 2728
f 2728 2760 2761 2729
f 2729 2761 2762 2730
f 2730 2762 2763 2731
f 2731 2763 2764 2732
f 2732 2764 2765 2733
f 2733 2765 2766 2734
f 2734 2766 2767 2735
f 2735 2767 2768 2736
f 2736 2768 2769 2737
f 2737 2769 2770 2738
f 2738 2770 2771 2739
f 2739 2771 2772 2740
f 2740 2772 2773 2741
f 2741 2773 2774 2742
f 2742 2774 2775 2743
f 2743 2775 2776 2744
f 2744 2776 2777 2745
f 2745 2777 2778 2746
f 2746 2778 2779 2747
f 2747 2779 2780 2748
f 2748 2780 2781 2749
f 2749 2781 2782 2750
f 2750 2782 2783 2751
f 2751 2783 2784 2752
f 2752 2784 2785 2753
f 2753 2785 2754 2722
f 2754 2786 2787 2755
f 2755 2787 2788 2756
f 2756 2788 2789 2757
f 2757 2789 2790 2758
f 2758 2790 2791 2759
f 2759 2791 2792 2760
f 2760 2792 2793 2761
f 2761 2793 2794 2762
f 2762 2794 2795 2763
f 2763 2795 2796 2764
f 2764 2796 2797 2765
f 2765 2797 2798 2766
f 2766 2798 2799 2767
f 2767 2799 2800 2768
f 2768 2800 2801 2769
f 2769 2801 2802 2770
f 2770 2802 2803 2771
f 2771 2803 2804 2772
f 2772 2804 2805 2773
f 2773 2805 2806 2774
f 2774 2806 2807 2775
f 2775 2807 2808 2776
f 2776 2808 2809 2777
f 2777 2809 2810 2778
f 2778 2810 2811 2779
f 2779 2811 2812 2780
f 2780 2812 2813 2781
f 2781 2813 2814 2782
f 2782 2814 2815 2783
f 2783 2815 2816 2784
f 2784 2816 2817 2785
f 2785 2817 2786 2754
f 2786 2818 2819 2787
f 2787 2819 2820 2788
f 2788 2820 2821 2789
f 2789 2821 2822 2790
f 2790 2822 2823 2791
f 2791 2823 2824 2792
f 2792 2824 2825 2793
f 2793 2825 2826 2794
f 2794 2826 2827 2795
f 2795 2827 2828 2796
f 2796 2828 2829 2797
f 2797 2829 2830 2798
f 2798 2830 2831 2799
f 2799 2831 2832 2800
f 2800 2832 2833 2801
f 2801 2833 2834 2802
f 2802 2834 2835 2803
f 2803 2835 2836 2804
f 2804 2836 2837 2805
f 2805 2837 2838 2806
f 2806 2838 2839 2807
f 2807 2839 2840 2808
f 2808 2840 2841 2809
f 2809 2841 2842 2810
f 2810 2842 2843 2811
f 2811 2843 2844 2812
f 2812 2844 2845 2813
f 2813 2845 2846 2814
f 2814 2846 2847 2815
f 2815 2847 2848 2816
f 2816 2848 2849 2817
f 2817 2849 2818 2786
f 2818 2850 2851 2819
f 2819 2851 2852 2820
f 2820 2852 2853 2821
f 2821 2853 2854 2822
f 2822 2854 2855 2823
f 2823 2855 2856 2824
f 2824 2856 2857 2825
f 2825 2857 2858 2826
f 2826 2858 2859 2827
f 2827 2859 2860 2828
f 2828 2860 2861 2829
f 2829 2861 2862 2830
f 2830 2862 2863 2831
f 2831 2863 2864 2832
f 2832 2864 2865 2833
f 2833 2865 2866 2834
f 2834 2866 2867 2835
f 2835 2867 2868 2836
f 2836 2868 2869 2837
f 2837 2869 2870 2838
f 2838 2870 2871 2839
f 2839 2871 2872 2840
f 2840 2872 2873 2841
f 2841 2873 2874 2842
f 2842 2874 2875 2843
f 2843 2875 2876 2844
f 2844 2876 2877 2845
f 2845 2877 2878 2846
f 2846 2878 2879 2847
f 2847 2879 2880 2848
f 2848 2880 2881 2849
f 2849 2881 2850 2818
f 2850 2882 2883 2851
f 2851 2883 2884 2852
f 2852 2884 2885 2853
f 2853 2885 2886 2854
f 2854 2886 2887 2855
f 2855 2887 2888 2856
f 2856 2888 2889 2857
f 2857 2889 2890 2858
f 2858 2890 2891 2859
f 2859 2891 2892 2860
f 2860 2892 2893 2861
f 2861 2893 2894 2862
f 2862 2894 2895 2863
f 2863 2895 2896 2864
f 2864 2896 2897 2865
f 2865 2897 2898 2866
f 2866 2898 2899 2867
f 2867 2899 2900 2868
f 2868 2900 2901 2869
f 2869 2901 2902 2870
f 2870 2902 2903 2871
f 2871 2903 2904 2872
f 2872 2904 2905 2873
f 2873 2905 2906 2874
f 2874 2906 2907 2875
f 2875 2907 2908 2876
f 2876 2908 2909 2877
f 2877 2909 2910 2878
f 2878 2910 2911 2879
f 2879 2911 2912 2880
f 2880 2912 2913 2881
f 2881 2913 2882 2850
f 2882 2914 2915 2883
f 2883 2915 2916 2884
f 2884 2916 2917 2885
f 2885 2917 2918 2886
f 2886 2918 2919 2887
f 2887 2919 2920 2888
f 2888 2920 2921 2889
f 2889 2921 2922 2890
f 2890 2922 2923 2891
f 2891 2923 2924 2892
f 2892 2924 2925 2893
f 2893 2925 2926 2894
f 2894 2926 2927 2895
f 2895 2927 2928 2896
f 2896 2928 2929 2897
f 2897 2929 2930 2898
f 2898 2930 2931 2899
f 2899 2931 2932 2900
f 2900 2932 2933 2901
f 2901 2933 2934 2902
f 2902 2934 2935 2903
f 2903 2935 2936 2904
f 2904 2936 2937 2905
f 2905 2937 2938 2906
f 2906 2938 2939 2907
f 2907 2939 2940 2908
f 2908 2940 2941 2909
f 2909 2941 2942 2910
f 2910 2942 2943 2911
f 2911 2943 2944 2912
f 2912 2944 2945 2913
f 2913 2945 2914 2882
f 2914 2946 2947 2915
f 2915 2947 2948 2916
f 2916 2948 2949 2917
f 2917 2949 2950 2918
f 2918 2950 2951 2919
f 2919 2951 2952 2920
f 2920 2952 2953 2921
f 2921 2953 2954 2922
f 2922 2954 2955 2923
f 2923 2955 2956 2924
f 2924 2956 2957 2925
f 2925 2957 2958 2926
f 2926 2958 2959 2927
f 2927 2959 2960 2928
f 2928 2960 2961 2929
f 2929 2961 2962 2930
f 2930 2962 2963 2931
f 2931 2963 2964 2932
f 2932 2964 2965 2933
f 2933 2965 2966 2934
f 2934 2966 2967 2935
f 2935 2967 2968 2936
f 2936 2968 2969 2937
f 2937 2969 2970 2938
f 2938 2970 2971 2939
f 2939 2971 2972 2940
f 2940 2972 2973 2941
f 2941 2973 2974 2942
f 2942 2974 2975 2943
f 2943 2975 2976 2944
f 2944 2976 2977 2945
f 2945 2977 2946 2914
f 2946 2978 2979 2947
f 2947 2979 2980 2948
f 2948 2980 2981 2949
f 2949 2981 2982 2950
f 2950 2982 2983 2951
f 2951 2983 2984 2952
f 2952 2984 2985 2953
f 2953 2985 2986 2954
f 2954 2986 2987 2955
f 2955 2987 2988 2956
f 2956 2988 2989 2957
f 2957 2989 2990 2958
f 2958 2990 2991 2959
f 2959 2991 2992 2960
f 2960 2992 2993 2961
f 2961 2993 2994 2962
f 2962 2994 2995 2963
f 2963 2995 2996 2964
f 2964 2996 2997 2965
f 2965 2997 2998 2966
f 2966 2998 2999 2967
f 2967 2999 3000 2968
f 2968 3000 3001 2969
f 2969 3001 3002 2970
f 2970 3002 3003 2971
f 2971 3003 3004 2972
f 2972 3004 3005 2973
f 2973 3005 3006 2974
f 2974 3006 3007 2975
f 2975 3007 3008 2976
f 2976 3008 3009 2977
f 2977 3009 2978 2946
f 2978 3010 2979
f 2979 3010 2980
f 2980 3010 2981
f 2981 3010 2982
f 2982 3010 2983
f 2983 3010 2984
f 2984 3010 2985
f 2985 3010 2986
f 2986 3010 2987
f 2987 3010 2988
f 2988 3010 2989
f 2989 3010 2990
f 2990 3010 2991
f 2991 3010 2992
f 2992 3010 2993
f 2993 3010 2994
f 2994 3010 2995
f 2995 3010 2996
f 2996 3010 2997
f 2997 3010 2998
f 2998 3010 2999
f 2999 3010 3000
f 3000 3010 3001
f 3001 3010 3002
f 3002 3010 3003
f 3003 3010 3004
f 3004 3010 3005
f 3005 3010 3006
f 3006 3010 3007
f 3007 3010 3008
f 3008 3010 3009
f 3009 3010 2978
f 3011 3012 3013
f 3011 3013 3014
f 3011 3014 3015
f 3011 3015 3016
f 3011 3016 3017
f 3011 3017 3018
f 3011 3018 3019
f 3011 3019 3020
f 3011 3020 3021
f 3011 3021 3022
f 3011 3022 3023
f 3011 3023 3024
f 3011 3024 3025
f 3011 3025 3026
f 3011 3026 3027
f 3011 3027 3028
f 3011 3028 3029
f 3011 3029 3030
f 3011 3030 3031
f 3011 3031 3032
f 3011 3032 3033
f 3011 3033 3034
f 3011 3034 3035
f 3011 3035 3036
f 3011 3036 3037
f 3011 3037 3038
f 3011 3038 3039
f 3011 3039 3040
f 3011 3040 3041
f 3011 3041 3042
f 3011 3042 3043
f 3011 3043 3012
f 3012 3044 3045 3013
f 3013 3045 3046 3014
f 3014 3046 3047 3015
f 3015 3047 3048 3016
f 3016 3048 3049 3017
f 3017 3049 3050 3018
f 3018 3050 3051 3019
f 3019 3051 3052 3020
f 3020 3052 3053 3021
f 3021 3053 3054 3022
f 3022 3054 3055 3023
f 3023 3055 3056 3024
f 3024 3056 3057 3025
f 3025 3057 3058 3026
f 3026 3058 3059 3027
f 3027 3059 3060 3028
f 3028 3060 3061 3029
f 3029 3061 3062 3030
f 3030 3062 3063 3031
f 3031 3063 3064 3032
f 3032 3064 3065 3033
f 3033 3065 3066 3034
f 3034 3066 3067 3035
f 3035 3067 3068 3036
f 3036 3068 3069 3037
f 3037 3069 3070 3038
f 3038 3070 3071 3039
f 3039 3071 3072 3040
f 3040 3072 3073 3041
f 3041 3073 3074 3042
f 3042 3074 3075 3043
f 3043 3075 3044 3012
f 3044 3076 3077 3045
f 3045 3077 3078 3046
f 3046 3078 3079 3047
f 3047 3079 3080 3048
f 3048 3080 3081 3049
f 3049 3081 3082 3050
f 3050 3082 3083 3051
f 3051 3083 3084 3052
f 3052 3084 3085 3053
f 3053 3085 3086 3054
f 3054 3086 3087 3055
f 3055 3087 3088 3056
f 3056 3088 3089 3057
f 3057 3089 3090 3058
f 3058 3090 3091 3059
f 3059 3091 3092 3060
f 3060 3092 3093 3061
f 3061 3093 3094 3062
f 3062 3094 3095 3063
f 3063 3095 3096 3064
f 3064 3096 3097 3065
f 3065 3097 3098 3066
f 3066 3098 3099 3067
f 3067 3099 3100 3068
f 3068 3100 3101 3069
f 3069 3101 3102 3070
f 3070 3102 3103 3071
f 3071 3103 3104 3072
f 3072 3104 3105 3073
f 3073 3105 3106 3074
f 3074 3106 3107 3075
f 3075 3107 3076 3044
f 3076 3108 3109 3077
f 3077 3109 3110 3078
f 3078 3110 3111 3079
f 3079 3111 3112 3080
f 3080 3112 3113 3081
f 3081 3113 3114 3082
f 3082 3114 3115 3083
f 3083 3115 3116 3084
f 3084 3116 3117 3085
f 3085 3117 3118 3086
f 3086 3118 3119 3087
f 3087 3119 3120 3088
f 3088 3120 3121 3089
f 3089 3121 3122 3090
f 3090 3122 3123 3091
f 3091 3123 3124 3092
f 3092 3124 3125 3093
f 3093 3125 3126 3094
f 3094 3126 3127 3095
f 3095 3127 3128 3096
f 3096 3128 3129 3097
f 3097 3129 3130 3098
f 3098 3130 3131 3099
f 3099 3131 3132 3100
f 3100 3132 3133 3101
f 3101 3133 3134 3102
f 3102 3134 3135 3103
f 3103 3135 3136 3104
f 3104 3136 3137 3105
f 3105 3137 3138 3106
f 3106 3138 3139 3107
f 3107 3139 3108 3076
f 3108 3140 3141 3109
f 3109 3141 3142 3110
f 3110 3142 3143 3111
f 3111 3143 3144 3112
f 3112 3144 3145 3113
f 3113 3145 3146 3114
f 3114 3146 3147 3115
f 3115 3147 3148 3116
f 3116 3148 3149 3117
f 3117 3149 3150 3118
f 3118 3150 3151 3119
f 3119 3151 3152 3120
f 3120 3152 3153 3121
f 3121 3153 3154 3122
f 3122 3154 3155 3123
f 3123 3155 3156 3124
f 3124 3156 3157 3125
f 3125 3157 3158 3126
f 3126 3158 3159 3127
f 3127 3159 3160 3128
f 3128 3160 3161 3129
f 3129 3161 3162 3130
f 3130 3162 3163 3131
f 3131 3163 3164 3132
f 3132 3164 3165 3133
f 3133 3165 3166 3134
f 3134 3166 3167 3135
f 3135 3167 3168 3136
f 3136 3168 3169 3137
f 3137 3169 3170 3138
f 3138 3170 3171 3139
f 3139 3171 3140 3108
f 3140 3172 3173 3141
f 3141 3173 3174 3142
f 3142 3174 3175 3143
f 3143 3175 3176 3144
f 3144 3176 3177 3145
f 3145 3177 3178 3146
f 3146 3178 3179 3147
f 3147 3179 3180 3148
f 3148 3180 3181 3149
f 3149 3181 3182 3150
f 3150 3182 3183 3151
f 3151 3183 3184 3152
f 3152 3184 3185 3153
f 3153 3185 3186 3154
f 3154 3186 3187 3155
f 3155 3187 3188 3156
f 3156 3188 3189 3157
f 3157 3189 3190 3158
f 3158 3190 3191 3159
f 3159 3191 3192 3160
f 3160 3192 3193 3161
f 3161 3193 3194 3162
f 3162 3194 3195 3163
f 3163 3195 3196 3164
f 3164 3196 3197 3165
f 3165 3197 3198 3166
f 3166 3198 3199 3167
f 3167 3199 3200 3168
f 3168 3200 3201 3169
f 3169 3201 3202 3170
f 3170 3202 3203 3171
f 3171 3203 3172 3140
f 3172 3204 3205 3173
f 3173 3205 3206 3174
f 3174 3206 3207 3175
f 3175 3207 3208 3176
f 3176 3208 3209 3177
f 3177 3209 3210 3178
f 3178 3210 3211 3179
f 3179 3211 3212 3180
f 3180 3212 3213 3181
f 3181 3213 3214 3182
f 3182 3214 3215 3183
f 3183 3215 3216 3184
f 3184 3216 3217 3185
f 3185 3217 3218 3186
f 3186 3218 3219 3187
f 3187 3219 3220 3188
f 3188 3220 3221 3189
f 3189 3221 3222 3190
f 3190 3222 3223 3191
f 3191 3223 3224 3192
f 3192 3224 3225 3193
f 3193 3225 3226 3194
f 3194 3226 3227 3195
f 3195 3227 3228 3196
f 3196 3228 3229 3197
f 3197 3229 3230 3198
f 3198 3230 3231 3199
f 3199 3231 3232 3200
f 3200 3232 3233 3201
f 3201 3233 3234 3202
f 3202 3234 3235 3203
f 3203 3235 3204 3172
f 3204 3236 3237 3205
f 3205 3237 3238 3206
f 3206 3238 3239 3207
f 3207 3239 3240 3208
f 3208 3240 3241 3209
f 3209 3241 3242 3210
f 3210 3242 3243 3211
f 3211 3243 3244 3212
f 3212 3244 3245 3213
f 3213 3245 3246 3214
f 3214 3246 3247 3215
f 3215 3247 3248 3216
f 3216 3248 3249 3217
f 3217 3249 3250 3218
f 3218 3250 3251 3219
f 3219 3251 3252 3220
f 3220 3252 3253 3221
f 3221 3253 3254 3222
f 3222 3254 3255 3223
f 3223 3255 3256 3224
f 3224 3256 3257 3225
f 3225 3257 3258 3226
f 3226 3258 3259 3227
f 3227 3259 3260 3228
f 3228 3260 3261 3229
f 3229 3261 3262 3230
f 3230 3262 3263 3231
f 3231 3263 3264 3232
f 3232 3264 3265 3233
f 3233 3265 3266 3234
f 3234 3266 3267 3235
f 3235 3267 3236 3204
f 3236 3268 3269 3237
f 3237 3269 3270 3238
f 3238 3270 3271 3239
f 3239 3271 3272 3240
f 3240 3272 3273 3241
f 3241 3273 3274 3242
f 3242 3274 3275 3243
f 3243 3275 3276 3244
f 3244 3276 3277 3245
f 3245 3277 3278 3246
f 3246 3278 3279 3247
f 3247 3279 3280 3248
f 3248 3280 3281 3249
f 3249 3281 3282 3250
f 3250 3282 3283 3251
f 3251 3283 3284 3252
f 3252 3284 3285 3253
f 3253 3285 3286 3254
f 3254 3286 3287 3255
f 3255 3287 3288 3256
f 3256 3288 3289 3257
f 3257 3289 3290 3258
f 3258 3290 3291 3259
f 3259 3291 3292 3260
f 3260 3292 3293 3261
f 3261 3293 3294 3262
f 3262 3294 3295 3263
f 3263 3295 3296 3264
f 3264 3296 3297 3265
f 3265 3297 3298 3266
f 3266 3298 3299 3267
f 3267 3299 3268 3236
f 3268 3300 3301 3269
f 3269 3301 3302 3270
f 3270 3302 3303 3271
f 3271 3303 3304 3272
f 3272 3304 3305 3273
f 3273 3305 3306 3274
f 3274 3306 3307 3275
f 3275 3307 3308 3276
f 3276 3308 3309 3277
f 3277 3309 3310 3278
f 3278 3310 3311 3279
f 3279 3311 3312 3280
f 3280 3312 3313 3281
f 3281 3313 3314 3282
f 3282 3314 3315 3283
f 3283 3315 3316 3284
f 3284 3316 3317 3285
f 3285 3317 3318 3286
f 3286 3318 3319 3287
f 3287 3319 3320 3288
f 3288 3320 3321 3289
f 3289 3321 3322 3290
f 3290 3322 3323 3291
f 3291 3323 3324 3292
f 3292 3324 3325 3293
f 3293 3325 3326 3294
f 3294 3326 3327 3295
f 3295 3327 3328 3296
f 3296 3328 3329 3297
f 3297 3329 3330 3298
f 3298 3330 3331 3299
f 3299 3331 3300 3268
f 3300 3332 3333 3301
f 3301 3333 3334 3302
f 3302 3334 3335 3303
f 3303 3335 3336 3304
f 3304 3336 3337 3305
f 3305 3337 3338 3306
f 3306 3338 3339 3307
f 3307 3339 3340 3308
f 3308 3340 3341 3309
f 3309 3341 3342 3310
f 3310 3342 3343 3311
f 3311 3343 3344 3312
f 3312 3344 3345 3313
f 3313 3345 3346 3314
f 3314 3346 3347 3315
f 3315 3347 3348 3316
f 3316 3348 3349 3317
f 3317 3349 3350 3318
f 3318 3350 3351 3319
f 3319 3351 3352 3320
f 3320 3352 3353 3321
f 3321 3353 3354 3322
f 3322 3354 3355 3323
f 3323 3355 3356 3324
f 3324 3356 3357 3325
f 3325 3357 3358 3326
f 3326 3358 3359 3327
f 3327 3359 3360 3328
f 3328 3360 3361 3329
f 3329 3361 3362 3330
f 3330 3362 3363 3331
f 3331 3363 3332 3300
f 3332 3364 3365 3333
f 3333 3365 3366 3334
f 3334 3366 3367 3335
f 3335 3367 3368 3336
f 3336 3368 3369 3337
f 3337 3369 3370 3338
f 3338 3370 3371 3339
f 3339 3371 3372 3340
f 3340 3372 3373 3341
f 3341 3373 3374 3342
f 3342 3374 3375 3343
f 3343 3375 3376 3344
f 3344 3376 3377 3345
f 3345 3377 3378 3346
f 3346 3378 3379 3347
f 3347 3379 3380 3348
f 3348 3380 3381 3349
f 3349 3381 3382 3350
f 3350 3382 3383 3351
f 3351 3383 3384 3352
f 3352 3384 3385 3353
f 3353 3385 3386 3354
f 3354 3386 3387 3355
f 3355 3387 3388 3356
f 3356 3388 3389 3357
f 3357 3389 3390 3358
f 3358 3390 3391 3359
f 3359 3391 3392 3360
f 3360 3392 3393 3361
f 3361 3393 3394 3362
f 3362 3394 3395 3363
f 3363 3395 3364 3332
f 3364 3396 3397 3365
f 3365 3397 3398 3366
f 3366 3398 3399 3367
f 3367 3399 3400 3368
f 3368 3400 3401 3369
f 3369 3401 3402 3370
f 3370 3402 3403 3371
f 3371 3403 3404 3372
f 3372 3404 3405 3373
f 3373 3405 3406 3374
f 3374 3406 3407 3375
f 3375 3407 3408 3376
f 3376 3408 3409 3377
f 3377 3409 3410 3378
f 3378 3410 3411 3379
f 3379 3411 3412 3380
f 3380 3412 3413 3381
f 3381 3413 3414 3382
f 3382 3414 3415 3383
f 3383 3415 3416 3384
f 3384 3416 3417 3385
f 3385 3417 3418 3386
f 3386 3418 3419 3387
f 3387 3419 3420 3388
f 3388 3420 3421 3389
f 3389 3421 3422 3390
f 3390 3422 3423 3391
f 3391 3423 3424 3392
f 3392 3424 3425 3393
f 3393 3425 3426 3394
f 3394 3426 3427 3395
f 3395 3427 3396 3364
f 3396 3428 3429 3397
f 3397 3429 3430 3398
f 3398 3430 3431 3399
f 3399 3431 3432 3400
f 3400 3432 3433 3401
f 3401 3433 3434 3402
f 3402 3434 3435 3403
f 3403 3435 3436 3404
f 3404 3436 3437 3405
f 3405 3437 3438 3406
f 3406 3438 3439 3407
f 3407 3439 3440 3408
f 3408 3440 3441 3409
f 3409 3441 3442 3410
f 3410 3442 3443 3411
f 3411 3443 3444 3412
f 3412 3444 3445 3413
f 3413 3445 3446 3414
f 3414 3446 3447 3415
f 3415 3447 3448 3416
f 3416 3448 3449 3417
f 3417 3449 3450 3418
f 3418 3450 3451 3419
f 3419 3451 3452 3420
f 3420 3452 3453 3421
f 3421 3453 3454 3422
f 3422 3454 3455 3423
f 3423 3455 3456 3424
f 3424 3456 3457 3425
f 3425 3457 3458 3426
f 3426 3458 3459 3427
f 3427 3459 3428 3396
f 3428 3460 3461 3429
f 3429 3461 3462 3430
f 3430 3462 3463 3431
f 3431 3463 3464 3432
f 3432 3464 3465 3433
f 3433 3465 3466 3434
f 3434 3466 3467 3435
f 3435 3467 3468 3436
f 3436 3468 3469 3437
f 3437 3469 3470 3438
f 3438 3470 3471 3439
f 3439 3471 3472 3440
f 3440 3472 3473 3441
f 3441 3473 3474 3442
f 3442 3474 3475 3443
f 3443 3475 3476 3444
f 3444 3476 3477 3445
f 3445 3477 3478 3446
f 3446 3478 3479 3447
f 3447 3479 3480 3448
f 3448 3480 3481 3449
f 3449 3481 3482 3450
f 3450 3482 3483 3451
f 3451 3483 3484 3452
f 3452 3484 3485 3453
f 3453 3485 3486 3454
f 3454 3486 3487 3455
f 3455 3487 3488 3456
f 3456 3488 3489 3457
f 3457 3489 3490 3458
f 3458 3490 3491 3459
f 3459 3491 3460 3428
f 3460 3492 3461
f 3461 3492 3462
f 3462 3492 3463
f 3463 3492 3464
f 3464 3492 3465
f 3465 3492 3466
f 3466 3492 3467
f 3467 3492 3468
f 3468 3492 3469
f 3469 3492 3470
f 3470 3492 3471
f 3471 3492 3472
f 3472 3492 3473
f 3473 3492 3474
f 3474 3492 3475
f 3475 3492 3476
f 3476 3492 3477
f 3477 3492 3478
f 3478 3492 3479
f 3479 3492 3480
f 3480 3492 3481
f 3481 3492 3482
f 3482 3492 3483
f 3483 3492 3484
f 3484 3492 3485
f 3485 3492 3486
f 3486 3492 3487
f 3487 3492 3488
f 3488 3492 3489
f 3489 3492 3490
f 3490 3492 3491
f 3491 3492 3460
usemtl Hydrogen_white
f 3493 3494 3495
f 3493 3495 3496
f 3493 3496 3497
f 3493 3497 3498
f 3493 3498 3499
f 3493 3499 3500
f 3493 3500 3501
f 3493 3501 3502
f 3493 3502 3503
f 3493 3503 3504
f 3493 3504 3505
f 3493 3505 3506
f 3493 3506 3507
f 3493 3507 3508
f 3493 3508 3509
f 3493 3509 3510
f 3493 3510 3511
f 3493 3511 3512
f 3493 3512 3513
f 3493 3513 3514
f 3493 3514 3515
f 3493 3515 3516
f 3493 3516 3517
f 3493 3517 3518
f 3493 3518 3519
f 3493 3519 3520
f 3493 3520 3521
f 3493 3521 3522
f 3493 3522 3523
f 3493 3523 3524
f 3493 3524 3525
f 3493 3525 3494
f 3494 3526 3527 3495
f 3495 3527 3528 3496
f 3496 3528 3529 3497
f 3497 3529 3530 3498
f 3498 3530 3531 3499
f 3499 3531 3532 3500
f 3500 3532 3533 3501
f 3501 3533 3534 3502
f 3502 3534 3535 3503
f 3503 3535 3536 3504
f 3504 3536 3537 3505
f 3505 3537 3538 3506
f 3506 3538 3539 3507
f 3507 3539 3540 3508
f 3508 3540 3541 3509
f 3509 3541 3542 3510
f 3510 3542 3543 3511
f 3511 3543 3544 3512
f 3512 3544 3545 3513
f 3513 3545 3546 3514
f 3514 3546 3547 3515
f 3515 3547 3548 3516
f 3516 3548 3549 3517
f 3517 3549 3550 3518
f 3518 3550 3551 3519
f 3519 3551 3552 3520
f 3520 3552 3553 3521
f 3521 3553 3554 3522
f 3522 3554 3555 3523
f 3523 3555 3556 3524
f 3524 3556 3557 3525
f 3525 3557 3526 3494
f 3526 3558 3559 3527
f 3527 3559 3560 3528
f 3528 3560 3561 3529
f 3529 3561 3562 3530
f 3530 3562 3563 3531
f 3531 3563 3564 3532
f 3532 3564 3565 3533
f 3533 3565 3566 3534
f 3534 3566 3567 3535
f 3535 3567 3568 3536
f 3536 3568 3569 3537
f 3537 3569 3570 3538
f 3538 3570 3571 3539
f 3539 3571 3572 3540
f 3540 3572 3573 3541
f 3541 3573 3574 3542
f 3542 3574 3575 3543
f 3543 3575 3576 3544
f 3544 3576 3577 3545
f 3545 3577 3578 3546
f 3546 3578 3579 3547
f 3547 3579 3580 3548
f 3548 3580 3581 3549
f 3549 3581 3582 3550
f 3550 3582 3583 3551
f 3551 3583 3584 3552
f 3552 3584 3585 3553
f 3553 3585 3586 3554
f 3554 3586 3587 3555
f 3555 3587 3588 3556
f 3556 3588 3589 3557
f 3557 3589 3558 3526
f 3558 3590 3591 3559
f 3559 3591 3592 3560
f 3560 3592 3593 3561
f 3561 3593 3594 3562
f 3562 3594 3595 3563
f 3563 3595 3596 3564
f 3564 3596 3597 3565
f 3565 3597 3598 3566
f 3566 3598 3599 3567
f 3567 3599 3600 3568
f 3568 3600 3601 3569
f 3569 3601 3602 3570
f 3570 3602 3603 3571
f 3571 3603 3604 3572
f 3572 3604 3605 3573
f 3573 3605 3606 3574
f 3574 3606 3607 3575
f 3575 3607 3608 3576
f 3576 3608 3609 3577
f 3577 3609 3610 3578
f 3578 3610 3611 3579
f 3579 3611 3612 3580
f 3580 3612 3613 3581
f 3581 3613 3614 3582
f 3582 3614 3615 3583
f 3583 3615 3616 3584
f 3584 3616 3617 3585
f 3585 3617 3618 3586
f 3586 3618 3619 3587
f 3587 3619 3620 3588
f 3588 3620 3621 3589
f 3589 3621 3590 3558
f 3590 3622 3623 3591
f 3591 3623 3624 3592
f 3592 3624 3625 3593
f 3593 3625 3626 3594
f 3594 3626 3627 3595
f 3595 3627 3628 3596
f 3596 3628 3629 3597
f 3597 3629 3630 3598
f 3598 3630 3631 3599
f 3599 3631 3632 3600
f 3600 3632 3633 3601
f 3601 3633 3634 3602
f 3602 3634 3635 3603
f 3603 3635 3636 3604
f 3604 3636 3637 3605
f 3605 3637 3638 3606
f 3606 3638 3639 3607
f 3607 3639 3640 3608
f 3608 3640 3641 3609
f 3609 3641 3642 3610
f 3610 3642 3643 3611
f 3611 3643 3644 3612
f 3612 3644 3645 3613
f 3613 3645 3646 3614
f 3614 3646 3647 3615
f 3615 3647 3648 3616
f 3616 3648 3649 3617
f 3617 3649 3650 3618
f 3618 3650 3651 3619
f 3619 3651 3652 3620
f 3620 3652 3653 3621
f 3621 3653 3622 3590
f 3622 3654 3655 3623
f 3623 3655 3656 3624
f 3624 3656 3657 3625
f 3625 3657 3658 3626
f 3626 3658 3659 3627
f 3627 3659 3660 3628
f 3628 3660 3661 3629
f 3629 3661 3662 3630
f 3630 3662 3663 3631
f 3631 3663 3664 3632
f 3632 3664 3665 3633
f 3633 3665 3666 3634
f 3634 3666 3667 3635
f 3635 3667 3668 3636
f 3636 3668 3669 3637
f 3637 3669 3670 3638
f 3638 3670 3671 3639
f 3639 3671 3672 3640
f 3640 3672 3673 3641
f 3641 3673 3674 3642
f 3642 3674 3675 3643
f 3643 3675 3676 3644
f 3644 3676 3677 3645
f 3645 3677 3678 3646
f 3646 3678 3679 3647
f 3647 3679 3680 3648
f 3648 3680 3681 3649
f 3649 3681 3682 3650
f 3650 3682 3683 3651
f 3651 3683 3684 3652
f 3652 3684 3685 3653
f 3653 3685 3654 3622
f 3654 3686 3687 3655
f 3655 3687 3688 3656
f 3656 3688 3689 3657
f 3657 3689 3690 3658
f 3658 3690 3691 3659
f 3659 3691 3692 3660
f 3660 3692 3693 3661
f 3661 3693 3694 3662
f 3662 3694 3695 3663
f 3663 3695 3696 3664
f 3664 3696 3697 3665
f 3665 3697 3698 3666
f 3666 3698 3699 3667
f 3667 3699 3700 3668
f 3668 3700 3701 3669
f 3669 3701 3702 3670
f 3670 3702 3703 3671
f 3671 3703 3704 3672
f 3672 3704 3705 3673
f 3673 3705 3706 3674
f 3674 3706 3707 3675
f 3675 3707 3708 3676
f 3676 3708 3709 3677
f 3677 3709 3710 3678
f 3678 3710 3711 3679
f 3679 3711 3712 3680
f 3680 3712 3713 3681
f 3681 3713 3714 3682
f 3682 3714 3715 3683
f 3683 3715 3716 3684
f 3684 3716 3717 3685
f 3685 3717 3686 3654
f 3686 3718 3719 3687
f 3687 3719 3720 3688
f 3688 3720 3721 3689
f 3689 3721 3722 3690
f 3690 3722 3723 3691
f 3691 3723 3724 3692
f 3692 3724 3725 3693
f 3693 3725 3726 3694
f 3694 3726 3727 3695
f 3695 3727 3728 3696
f 3696 3728 3729 3697
f 3697 3729 3730 3698
f 3698 3730 3731 3699
f 3699 3731 3732 3700
f 3700 3732 3733 3701
f 3701 3733 3734 3702
f 3702 3734 3735 3703
f 3703 3735 3736 3704
f 3704 3736 3737 3705
f 3705 3737 3738 3706
f 3706 3738 3739 3707
f 3707 3739 3740 3708
f 3708 3740 3741 3709
f 3709 3741 3742 3710
f 3710 3742 3743 3711
f 3711 3743 3744 3712
f 3712 3744 3745 3713
f 3713 3745 3746 3714
f 3714 3746 3747 3715
f 3715 3747 3748 3716
f 3716 3748 3749 3717
f 3717 3749 3718 3686
f 3718 3750 3751 3719
f 3719 3751 3752 3720
f 3720 3752 3753 3721
f 3721 3753 3754 3722
f 3722 3754 3755 3723
f 3723 3755 3756 3724
f 3724 3756 3757 3725
f 3725 3757 3758 3726
f 3726 3758 3759 3727
f 3727 3759 3760 3728
f 3728 3760 3761 3729
f 3729 3761 3762 3730
f 3730 3762 3763 3731
f 3731 3763 3764 3732
f 3732 3764 3765 3733
f 3733 3765 3766 3734
f 3734 3766 3767 3735
f 3735 3767 3768 3736
f 3736 3768 3769 3737
f 3737 3769 3770 3738
f 3738 3770 3771 3739
f 3739 3771 3772 3740
f 3740 3772 3773 3741
f 3741 3773 3774 3742
f 3742 3774 3775 3743
f 3743 3775 3776 3744
f 3744 3776 3777 3745
f 3745 3777 3778 3746
f 3746 3778 3779 3747
f 3747 3779 3780 3748
f 3748 3780 3781 3749
f 3749 3781 3750 3718
f 3750 3782 3783 3751
f 3751 3783 3784 3752
f 3752 3784 3785 3753
f 3753 3785 3786 3754
f 3754 3786 3787 3755
f 3755 3787 3788 3756
f 3756 3788 3789 3757
f 3757 3789 3790 3758
f 3758 3790 3791 3759
f 3759 3791 3792 3760
f 3760 3792 3793 3761
f 3761 3793 3794 3762
f 3762 3794 3795 3763
f 3763 3795 3796 3764
f 3764 3796 3797 3765
f 3765 3797 3798 3766
f 3766 3798 3799 3767
f 3767 3799 3800 3768
f 3768 3800 3801 3769
f 3769 3801 3802 3770
f 3770 3802 3803 3771
f 3771 3803 3804 3772
f 3772 3804 3805 3773
f 3773 3805 3806 3774
f 3774 3806 3807 3775
f 3775 3807 3808 3776
f 3776 3808 3809 3777
f 3777 3809 3810 3778
f 3778 3810 3811 3779
f 3779 3811 3812 3780
f 3780 3812 3813 3781
f 3781 3813 3782 3750
f 3782 3814 3815 3783
f 3783 3815 3816 3784
f 3784 3816 3817 3785
f 3785 3817 3818 3786
f 3786 3818 3819 3787
f 3787 3819 3820 3788
f 3788 3820 3821 3789
f 3789 3821 3822 3790
f 3790 3822 3823 3791
f 3791 3823 3824 3792
f 3792 3824 3825 3793
f 3793 3825 3826 3794
f 3794 3826 3827 3795
f 3795 3827 3828 3796
f 3796 3828 3829 3797
f 3797 3829 3830 3798
f 3798 3830 3831 3799
f 3799 3831 3832 3800
f 3800 3832 3833 3801
f 3801 3833 3834 3802
f 3802 3834 3835 3803
f 3803 3835 3836 3804
f 3804 3836 3837 3805
f 3805 3837 3838 3806
f 3806 3838 3839 3807
f 3807 3839 3840 3808
f 3808 3840 3841 3809
f 3809 3841 3842 3810
f 3810 3842 3843 3811
f 3811 3843 3844 3812
f 3812 3844 3845 3813
f 3813 3845 3814 3782
f 3814 3846 3847 3815
f 3815 3847 3848 3816
f 3816 3848 3849 3817
f 3817 3849 3850 3818
f 3818 3850 3851 3819
f 3819 3851 3852 3820
f 3820 3852 3853 3821
f 3821 3853 3854 3822
f 3822 3854 3855 3823
f 3823 3855 3856 3824
f 3824 3856 3857 3825
f 3825 3857 3858 3826
f 3826 3858 3859 3827
f 3827 3859 3860 3828
f 3828 3860 3861 3829
f 3829 3861 3862 3830
f 3830 3862 3863 3831
f 3831 3863 3864 3832
f 3832 3864 3865 3833
f 3833 3865 3866 3834
f 3834 3866 3867 3835
f 3835 3867 3868 3836
f 3836 3868 3869 3837
f 3837 3869 3870 3838
f 3838 3870 3871 3839
f 3839 3871 3872 3840
f 3840 3872 3873 3841
f 3841 3873 3874 3842
f 3842 3874 3875 3843
f 3843 3875 3876 3844
f 3844 3876 3877 3845
f 3845 3877 3846 3814
f 3846 3878 3879 3847
f 3847 3879 3880 3848
f 3848 3880 3881 3849
f 3849 3881 3882 3850
f 3850 3882 3883 3851
f 3851 3883 3884 3852
f 3852 3884 3885 3853
f 3853 3885 3886 3854
f 3854 3886 3887 3855
f 3855 3887 3888 3856
f 3856 3888 3889 3857
f 3857 3889 3890 3858
f 3858 3890 3891 3859
f 3859 3891 3892 3860
f 3860 3892 3893 3861
f 3861 3893 3894 3862
f 3862 3894 3895 3863
f 3863 3895 3896 3864
f 3864 3896 3897 3865
f 3865 3897 3898 3866
f 3866 3898 3899 3867
f 3867 3899 3900 3868
f 3868 3900 3901 3869
f 3869 3901 3902 3870
f 3870 3902 3903 3871
f 3871 3903 3904 3872
f 3872 3904 3905 3873
f 3873 3905 3906 3874
f 3874 3906 3907 3875
f 3875 3907 3908 3876
f 3876 3908 3909 3877
f 3877 3909 3878 3846
f 3878 3910 3911 3879
f 3879 3911 3912 3880
f 3880 3912 3913 3881
f 3881 3913 3914 3882
f 3882 3914 3915 3883
f 3883 3915 3916 3884
f 3884 3916 3917 3885
f 3885 3917 3918 3886
f 3886 3918 3919 3887
f 3887 3919 3920 3888
f 3888 3920 3921 3889
f 3889 3921 3922 3890
f 3890 3922 3923 3891
f 3891 3923 3924 3892
f 3892 3924 3925 3893
f 3893 3925 3926 3894
f 3894 3926 3927 3895
f 3895 3927 3928 3896
f 3896 3928 3929 3897
f 3897 3929 3930 3898
f 3898 3930 3931 3899
f 3899 3931 3932 3900
f 3900 3932 3933 3901
f 3901 3933 3934 3902
f 3902 3934 3935 3903
f 3903 3935 3936 3904
f 3904 3936 3937 3905
f 3905 3937 3938 3906
f 3906 3938 3939 3907
f 3907 3939 3940 3908
f 3908 3940 3941 3909
f 3909 3941 3910 3878
f 3910 3942 3943 3911
f 3911 3943 3944 3912
f 3912 3944 3945 3913
f 3913 3945 3946 3914
f 3914 3946 3947 3915
f 3915 3947 3948 3916
f 3916 3948 3949 3917
f 3917 3949 3950 3918
f 3918 3950 3951 3919
f 3919 3951 3952 3920
f 3920 3952 3953 3921
f 3921 3953 3954 3922
f 3922 3954 3955 3923
f 3923 3955 3956 3924
f 3924 3956 3957 3925
f 3925 3957 3958 3926
f 3926 3958 3959 3927
f 3927 3959 3960 3928
f 3928 3960 3961 3929
f 3929 3961 3962 3930
f 3930 3962 3963 3931
f 3931 3963 3964 3932
f 3932 3964 3965 3933
f 3933 3965 3966 3934
f 3934 3966 3967 3935
f 3935 3967 3968 3936
f 3936 3968 3969 3937
f 3937 3969 3970 3938
f 3938 3970 3971 3939
f 3939 3971 3972 3940
f 3940 3972 3973 3941
f 3941 3973 3942 3910
f 3942 3974 3943
f 3943 3974 3944
f 3944 3974 3945
f 3945 3974 3946
f 3946 3974 3947
f 3947 3974 3948
f 3948 3974 3949
f 3949 3974 3950
f 3950 3974 3951
f 3951 3974 3952
f 3952 3974 3953
f 3953 3974 3954
f 3954 3974 3955
f 3955 3974 3956
f 3956 3974 3957
f 3957 3974 3958
f 3958 3974 3959
f 3959 3974 3960
f 3960 3974 3961
f 3961 3974 3962
f 3962 3974 3963
f 3963 3974 3964
f 3964 3974 3965
f 3965 3974 3966
f 3966 3974 3967
f 3967 3974 3968
f 3968 3974 3969
f 3969 3974 3970
f 3970 3974 3971
f 3971 3974 3972
f 3972 3974 3973
f 3973 3974 3942
f 3975 3976 3977
f 3975 3977 3978
f 3975 3978 3979
f 3975 3979 3980
f 3975 3980 3981
f 3975 3981 3982
f 3975 3982 3983
f 3975 3983 3984
f 3975 3984 3985
f 3975 3985 3986
f 3975 3986 3987
f 3975 3987 3988
f 3975 3988 3989
f 3975 3989 3990
f 3975 3990 3991
f 3975 3991 3992
f 3975 3992 3993
f 3975 3993 3994
f 3975 3994 3995
f 3975 3995 3996
f 3975 3996 3997
f 3975 3997 3998
f 3975 3998 3999
f 3975 3999 4000
f 3975 4000 4001
f 3975 4001 4002
f 3975 4002 4003
f 3975 4003 4004
f 3975 4004 4005
f 3975 4005 4006
f 3975 4006 4007
f 3975 4007 3976
f 3976 4008 4009 3977
f 3977 4009 4010 3978
f 3978 4010 4011 3979
f 3979 4011 4012 3980
f 3980 4012 4013 3981
f 3981 4013 4014 3982
f 3982 4014 4015 3983
f 3983 4015 4016 3984
f 3984 4016 4017 3985
f 3985 4017 4018 3986
f 3986 4018 4019 3987
f 3987 4019 4020 3988
f 3988 4020 4021 3989
f 3989 4021 4022 3990
f 3990 4022 4023 3991
f 3991 4023 4024 3992
f 3992 4024 4025 3993
f 3993 4025 4026 3994
f 3994 4026 4027 3995
f 3995 4027 4028 3996
f 3996 4028 4029 3997
f 3997 4029 4030 3998
f 3998 4030 4031 3999
f 3999 4031 4032 4000
f 4000 4032 4033 4001
f 4001 4033 4034 4002
f 4002 4034 4035 4003
f 4003 4035 4036 4004
f 4004 4036 4037 4005
f 4005 4037 4038 4006
f 4006 4038 4039 4007
f 4007 4039 4008 3976
f 4008 4040 4041 4009
f 4009 4041 4042 4010
f 4010 4042 4043 4011
f 4011 4043 4044 4012
f 4012 4044 4045 4013
f 4013 4045 4046 4014
f 4014 4046 4047 4015
f 4015 4047 4048 4016
f 4016 4048 4049 4017
f 4017 4049 4050 4018
f 4018 4050 4051 4019
f 4019 4051 4052 4020
f 4020 4052 4053 4021
f 4021 4053 4054 4022
f 4022 4054 4055 4023
f 4023 4055 4056 4024
f 4024 4056 4057 4025
f 4025 4057 4058 4026
f 4026 4058 4059 4027
f 4027 4059 4060 4028
f 4028 4060 4061 4029
f 4029 4061 4062 4030
f 4030 4062 4063 4031
f 4031 4063 4064 4032
f 4032 4064 4065 4033
f 4033 4065 4066 4034
f 4034 4066 4067 4035
f 4035 4067 4068 4036
f 4036 4068 4069 4037
f 4037 4069 4070 4038
f 4038 4070 4071 4039
f 4039 4071 4040 4008
f 4040 4072 4073 4041
f 4041 4073 4074 4042
f 4042 4074 4075 4043
f 4043 4075 4076 4044
f 4044 4076 4077 4045
f 4045 4077 4078 4046
f 4046 4078 4079 4047
f 4047 4079 4080 4048
f 4048 4080 4081 4049
f 4049 4081 4082 4050
f 4050 4082 4083 4051
f 4051 4083 4084 4052
f 4052 4084 4085 4053
f 4053 4085 4086 4054
f 4054 4086 4087 4055
f 4055 4087 4088 4056
f 4056 4088 4089 4057
f 4057 4089 4090 4058
f 4058 4090 4091 4059
f 4059 4091 4092 4060
f 4060 4092 4093 4061
f 4061 4093 4094 4062
f 4062 4094 4095 4063
f 4063 4095 4096 4064
f 4064 4096 4097 4065
f 4065 4097 4098 4066
f 4066 4098 4099 4067
f 4067 4099 4100 4068
f 4068 4100 4101 4069
f 4069 4101 4102 4070
f 4070 4102 4103 4071
f 4071 4103 4072 4040
f 4072 4104 4105 4073
f 4073 4105 4106 4074
f 4074 4106 4107 4075
f 4075 4107 4108 4076
f 4076 4108 4109 4077
f 4077 4109 4110 4078
f 4078 4110 4111 4079
f 4079 4111 4112 4080
f 4080 4112 4113 4081
f 4081 4113 4114 4082
f 4082 4114 4115 4083
f 4083 4115 4116 4084
f 4084 4116 4117 4085
f 4085 4117 4118 4086
f 4086 4118 4119 4087
f 4087 4119 4120 4088
f 4088 4120 4121 4089
f 4089 4121 4122 4090
f 4090 4122 4123 4091
f 4091 4123 4124 4092
f 4092 4124 4125 4093
f 4093 4125 4126 4094
f 4094 4126 4127 4095
f 4095 4127 4128 4096
f 4096 4128 4129 4097
f 4097 4129 4130 4098
f 4098 4130 4131 4099
f 4099 4131 4132 4100
f 4100 4132 4133 4101
f 4101 4133 4134 4102
f 4102 4134 4135 4103
f 4103 4135 4104 4072
f 4104 4136 4137 4105
f 4105 4137 4138 4106
f 4106 4138 4139 4107
f 4107 4139 4140 4108
f 4108 4140 4141 4109
f 4109 4141 4142 4110
f 4110 4142 4143 4111
f 4111 4143 4144 4112
f 4112 4144 4145 4113
f 4113 4145 4146 4114
f 4114 4146 4147 4115
f 4115 4147 4148 4116
f 4116 4148 4149 4117
f 4117 4149 4150 4118
f 4118 4150 4151 4119
f 4119 4151 4152 4120
f 4120 4152 4153 4121
f 4121 4153 4154 4122
f 4122 4154 4155 4123
f 4123 4155 4156 4124
f 4124 4156 4157 4125
f 4125 4157 4158 4126
f 4126 4158 4159 4127
f 4127 4159 4160 4128
f 4128 4160 4161 4129
f 4129 4161 4162 4130
f 4130 4162 4163 4131
f 4131 4163 4164 4132
f 4132 4164 4165 4133
f 4133 4165 4166 4134
f 4134 4166 4167 4135
f 4135 4167 4136 4104
f 4136 4168 4169 4137
f 4137 4169 4170 4138
f 4138 4170 4171 4139
f 4139 4171 4172 4140
f 4140 4172 4173 4141
f 4141 4173 4174 4142
f 4142 4174 4175 4143
f 4143 4175 4176 4144
f 4144 4176 4177 4145
f 4145 4177 4178 4146
f 4146 4178 4179 4147
f 4147 4179 4180 4148
f 4148 4180 4181 4149
f 4149 4181 4182 4150
f 4150 4182 4183 4151
f 4151 4183 4184 4152
f 4152 4184 4185 4153
f 4153 4185 4186 4154
f 4154 4186 4187 4155
f 4155 4187 4188 4156
f 4156 4188 4189 4157
f 4157 4189 4190 4158
f 4158 4190 4191 4159
f 4159 4191 4192 4160
f 4160 4192 4193 4161
f 4161 4193 4194 4162
f 4162 4194 4195 4163
f 4163 4195 4196 4164
f 4164 4196 4197 4165
f 4165 4197 4198 4166
f 4166 4198 4199 4167
f 4167 4199 4168 4136
f 4168 4200 4201 4169
f 4169 4201 4202 4170
f 4170 4202 4203 4171
f 4171 4203 4204 4172
f 4172 4204 4205 4173
f 4173 4205 4206 4174
f 4174 4206 4207 4175
f 4175 4207 4208 4176
f 4176 4208 4209 4177
f 4177 4209 4210 4178
f 4178 4210 4211 4179
f 4179 4211 4212 4180
f 4180 4212 4213 4181
f 4181 4213 4214 4182
f 4182 4214 4215 4183
f 4183 4215 4216 4184
f 4184 4216 4217 4185
f 4185 4217 4218 4186
f 4186 4218 4219 4187
f 4187 4219 4220 4188
f 4188 4220 4221 4189
f 4189 4221 4222 4190
f 4190 4222 4223 4191
f 4191 4223 4224 4192
f 4192 4224 4225 4193
f 4193 4225 4226 4194
f 4194 4226 4227 4195
f 4195 4227 4228 4196
f 4196 4228 4229 4197
f 4197 4229 4230 4198
f 4198 4230 4231 4199
f 4199 4231 4200 4168
f 4200 4232 4233 4201
f 4201 4233 4234 4202
f 4202 4234 4235 4203
f 4203 4235 4236 4204
f 4204 4236 4237 4205
f 4205 4237 4238 4206
f 4206 4238 4239 4207
f 4207 4239 4240 4208
f 4208 4240 4241 4209
f 4209 4241 4242 4210
f 4210 4242 4243 4211
f 4211 4243 4244 4212
f 4212 4244 4245 4213
f 4213 4245 4246 4214
f 4214 4246 4247 4215
f 4215 4247 4248 4216
f 4216 4248 4249 4217
f 4217 4249 4250 4218
f 4218 4250 4251 4219
f 4219 4251 4252 4220
f 4220 4252 4253 4221
f 4221 4253 4254 4222
f 4222 4254 4255 4223
f 4223 4255 4256 4224
f 4224 4256 4257 4225
f 4225 4257 4258 4226
f 4226 4258 4259 4227
f 4227 4259 4260 4228
f 4228 4260 4261 4229
f 4229 4261 4262 4230
f 4230 4262 4263 4231
f 4231 4263 4232 4200
f 4232 4264 4265 4233
f 4233 4265 4266 4234
f 4234 4266 4267 4235
f 4235 4267 4268 4236
f 4236 4268 4269 4237
f 4237 4269 4270 4238
f 4238 4270 4271 4239
f 4239 4271 4272 4240
f 4240 4272 4273 4241
f 4241 4273 4274 4242
f 4242 4274 4275 4243
f 4243 4275 4276 4244
f 4244 4276 4277 4245
f 4245 4277 4278 4246
f 4246 4278 4279 4247
f 4247 4279 4280 4248
f 4248 4280 4281 4249
f 4249 4281 4282 4250
f 4250 4282 4283 4251
f 4251 4283 4284 4252
f 4252 4284 4285 4253
f 4253 4285 4286 4254
f 4254 4286 4287 4255
f 4255 4287 4288 4256
f 4256 4288 4289 4257
f 4257 4289 4290 4258
f 4258 4290 4291 4259
f 4259 4291 4292 4260
f 4260 4292 4293 4261
f 4261 4293 4294 4262
f 4262 4294 4295 4263
f 4263 4295 4264 4232
f 4264 4296 4297 4265
f 4265 4297 4298 4266
f 4266 4298 4299 4267
f 4267 4299 4300 4268
f 4268 4300 4301 4269
f 4269 4301 4302 4270
f 4270 4302 4303 4271
f 4271 4303 4304 4272
f 4272 4304 4305 4273
f 4273 4305 4306 4274
f 4274 4306 4307 4275
f 4275 4307 4308 4276
f 4276 4308 4309 4277
f 4277 4309 4310 4278
f 4278 4310 4311 4279
f 4279 4311 4312 4280
f 4280 4312 4313 4281
f 4281 4313 4314 4282
f 4282 4314 4315 4283
f 4283 4315 4316 4284
f 4284 4316 4317 4285
f 4285 4317 4318 4286
f 4286 4318 4319 4287
f 4287 4319 4320 4288
f 4288 4320 4321 4289
f 4289 4321 4322 4290
f 4290 4322 4323 4291
f 4291 4323 4324 4292
f 4292 4324 4325 4293
f 4293 4325 4326 4294
f 4294 4326 4327 4295
f 4295 4327 4296 4264
f 4296 4328 4329 4297
f 4297 4329 4330 4298
f 4298 4330 4331 4299
f 4299 4331 4332 4300
f 4300 4332 4333 4301
f 4301 4333 4334 4302
f 4302 4334 4335 4303
f 4303 4335 4336 4304
f 4304 4336 4337 4305
f 4305 4337 4338 4306
f 4306 4338 4339 4307
f 4307 4339 4340 4308
f 4308 4340 4341 4309
f 4309 4341 4342 4310
f 4310 4342 4343 4311
f 4311 4343 4344 4312
f 4312 4344 4345 4313
f 4313 4345 4346 4314
f 4314 4346 4347 4315
f 4315 4347 4348 4316
f 4316 4348 4349 4317
f 4317 4349 4350 4318
f 4318 4350 4351 4319
f 4319 4351 4352 4320
f 4320 4352 4353 4321
f 4321 4353 4354 4322
f 4322 4354 4355 4323
f 4323 4355 4356 4324
f 4324 4356 4357 4325
f 4325 4357 4358 4326
f 4326 4358 4359 4327
f 4327 4359 4328 4296
f 4328 4360 4361 4329
f 4329 4361 4362 4330
f 4330 4362 4363 4331
f 4331 4363 4364 4332
f 4332 4364 4365 4333
f 4333 4365 4366 4334
f 4334 4366 4367 4335
f 4335 4367 4368 4336
f 4336 4368 4369 4337
f 4337 4369 4370 4338
f 4338 4370 4371 4339
f 4339 4371 4372 4340
f 4340 4372 4373 4341
f 4341 4373 4374 4342
f 4342 4374 4375 4343
f 4343 4375 4376 4344
f 4344 4376 4377 4345
f 4345 4377 4378 4346
f 4346 4378 4379 4347
f 4347 4379 4380 4348
f 4348 4380 4381 4349
f 4349 4381 4382 4350
f 4350 4382 4383 4351
f 4351 4383 4384 4352
f 4352 4384 4385 4353
f 4353 4385 4386 4354
f 4354 4386 4387 4355
f 4355 4387 4388 4356
f 4356 4388 4389 4357
f 4357 4389 4390 4358
f 4358 4390 4391 4359
f 4359 4391 4360 4328
f 4360 4392 4393 4361
f 4361 4393 4394 4362
f 4362 4394 4395 4363
f 4363 4395 4396 4364
f 4364 4396 4397 4365
f 4365 4397 4398 4366
f 4366 4398 4399 4367
f 4367 4399 4400 4368
f 4368 4400 4401 4369
f 4369 4401 4402 4370
f 4370 4402 4403 4371
f 4371 4403 4404 4372
f 4372 4404 4405 4373
f 4373 4405 4406 4374
f 4374 4406 4407 4375
f 4375 4407 4408 4376
f 4376 4408 4409 4377
f 4377 4409 4410 4378
f 4378 4410 4411 4379
f 4379 4411 4412 4380
f 4380 4412 4413 4381
f 4381 4413 4414 4382
f 4382 4414 4415 4383
f 4383 4415 4416 4384
f 4384 4416 4417 4385
f 4385 4417 4418 4386
f 4386 4418 4419 4387
f 4387 4419 4420 4388
f 4388 4420 4421 4389
f 4389 4421 4422 4390
f 4390 4422 4423 4391
f 4391 4423 4392 4360
f 4392 4424 4425 4393
f 4393 4425 4426 4394
f 4394 4426 4427 4395
f 4395 4427 4428 4396
f 4396 4428 4429 4397
f 4397 4429 4430 4398
f 4398 4430 4431 4399
f 4399 4431 4432 4400
f 4400 4432 4433 4401
f 4401 4433 4434 4402
f 4402 4434 4435 4403
f 4403 4435 4436 4404
f 4404 4436 4437 4405
f 4405 4437 4438 4406
f 4406 4438 4439 4407
f 4407 4439 4440 4408
f 4408 4440 4441 4409
f 4409 4441 4442 4410
f 4410 4442 4443 4411
f 4411 4443 4444 4412
f 4412 4444 4445 4413
f 4413 4445 4446 4414
f 4414 4446 4447 4415
f 4415 4447 4448 4416
f 4416 4448 4449 4417
f 4417 4449 4450 4418
f 4418 4450 4451 4419
f 4419 4451 4452 4420
f 4420 4452 4453 4421
f 4421 4453 4454 4422
f 4422 4454 4455 4423
f 4423 4455 4424 4392
f 4424 4456 4425
f 4425 4456 4426
f 4426 4456 4427
f 4427 4456 4428
f 4428 4456 4429
f 4429 4456 4430
f 4430 4456 4431
f 4431 4456 4432
f 4432 4456 4433
f 4433 4456 4434
f 4434 4456 4435
f 4435 4456 4436
f 4436 4456 4437
f 4437 4456 4438
f 4438 4456 4439
f 4439 4456 4440
f 4440 4456 4441
f 4441 4456 4442
f 4442 4456 4443
f 4443 4456 4444
f 4444 4456 4445
f 4445 4456 4446
f 4446 4456 4447
f 4447 4456 4448
f 4448 4456 4449
f 4449 4456 4450
f 4450 4456 4451
f 4451 4456 4452
f 4452 4456 4453
f 4453 4456 4454
f 4454 4456 4455
f 4455 4456 4424
f 4457 4458 4459
f 4457 4459 4460
f 4457 4460 4461
f 4457 4461 4462
f 4457 4462 4463
f 4457 4463 4464
f 4457 4464 4465
f 4457 4465 4466
f 4457 4466 4467
f 4457 4467 4468
f 4457 4468 4469
f 4457 4469 4470
f 4457 4470 4471
f 4457 4471 4472
f 4457 4472 4473
f 4457 4473 4474
f 4457 4474 4475
f 4457 4475 4476
f 4457 4476 4477
f 4457 4477 4478
f 4457 4478 4479
f 4457 4479 4480
f 4457 4480 4481
f 4457 4481 4482
f 4457 4482 4483
f 4457 4483 4484
f 4457 4484 4485
f 4457 4485 4486
f 4457 4486 4487
f 4457 4487 4488
f 4457 4488 4489
f 4457 4489 4458
f 4458 4490 4491 4459
f 4459 4491 4492 4460
f 4460 4492 4493 4461
f 4461 4493 4494 4462
f 4462 4494 4495 4463
f 4463 4495 4496 4464
f 4464 4496 4497 4465
f 4465 4497 4498 4466
f 4466 4498 4499 4467
f 4467 4499 4500 4468
f 4468 4500 4501 4469
f 4469 4501 4502 4470
f 4470 4502 4503 4471
f 4471 4503 4504 4472
f 4472 4504 4505 4473
f 4473 4505 4506 4474
f 4474 4506 4507 4475
f 4475 4507 4508 4476
f 4476 4508 4509 4477
f 4477 4509 4510 4478
f 4478 4510 4511 4479
f 4479 4511 4512 4480
f 4480 4512 4513 4481
f 4481 4513 4514 4482
f 4482 4514 4515 4483
f 4483 4515 4516 4484
f 4484 4516 4517 4485
f 4485 4517 4518 4486
f 4486 4518 4519 4487
f 4487 4519 4520 4488
f 4488 4520 4521 4489
f 4489 4521 4490 4458
f 4490 4522 4523 4491
f 4491 4523 4524 4492
f 4492 4524 4525 4493
f 4493 4525 4526 4494
f 4494 4526 4527 4495
f 4495 4527 4528 4496
f 4496 4528 4529 4497
f 4497 4529 4530 4498
f 4498 4530 4531 4499
f 4499 4531 4532 4500
f 4500 4532 4533 4501
f 4501 4533 4534 4502
f 4502 4534 4535 4503
f 4503 4535 4536 4504
f 4504 4536 4537 4505
f 4505 4537 4538 4506
f 4506 4538 4539 4507
f 4507 4539 4540 4508
f 4508 4540 4541 4509
f 4509 4541 4542 4510
f 4510 4542 4543 4511
f 4511 4543 4544 4512
f 4512 4544 4545 4513
f 4513 4545 4546 4514
f 4514 4546 4547 4515
f 4515 4547 4548 4516
f 4516 4548 4549 4517
f 4517 4549 4550 4518
f 4518 4550 4551 4519
f 4519 4551 4552 4520
f 4520 4552 4553 4521
f 4521 4553 4522 4490
f 4522 4554 4555 4523
f 4523 4555 4556 4524
f 4524 4556 4557 4525
f 4525 4557 4558 4526
f 4526 4558 4559 4527
f 4527 4559 4560 4528
f 4528 4560 4561 4529
f 4529 4561 4562 4530
f 4530 4562 4563 4531
f 4531 4563 4564 4532
f 4532 4564 4565 4533
f 4533 4565 4566 4534
f 4534 4566 4567 4535
f 4535 4567 4568 4536
f 4536 4568 4569 4537
f 4537 4569 4570 4538
f 4538 4570 4571 4539
f 4539 4571 4572 4540
f 4540 4572 4573 4541
f 4541 4573 4574 4542
f 4542 4574 4575 4543
f 4543 4575 4576 4544
f 4544 4576 4577 4545
f 4545 4577 4578 4546
f 4546 4578 4579 4547
f 4547 4579 4580 4548
f 4548 4580 4581 4549
f 4549 4581 4582 4550
f 4550 4582 4583 4551
f 4551 4583 4584 4552
f 4552 4584 4585 4553
f 4553 4585 4554 4522
f 4554 4586 4587 4555
f 4555 4587 4588 4556
f 4556 4588 4589 4557
f 4557 4589 4590 4558
f 4558 4590 4591 4559
f 4559 4591 4592 4560
f 4560 4592 4593 4561
f 4561 4593 4594 4562
f 4562 4594 4595 4563
f 4563 4595 4596 4564
f 4564 4596 4597 4565
f 4565 4597 4598 4566
f 4566 4598 4599 4567
f 4567 4599 4600 4568
f 4568 4600 4601 4569
f 4569 4601 4602 4570
f 4570 4602 4603 4571
f 4571 4603 4604 4572
f 4572 4604 4605 4573
f 4573 4605 4606 4574
f 4574 4606 4607 4575
f 4575 4607 4608 4576
f 4576 4608 4609 4577
f 4577 4609 4610 4578
f 4578 4610 4611 4579
f 4579 4611 4612 4580
f 4580 4612 4613 4581
f 4581 4613 4614 4582
f 4582 4614 4615 4583
f 4583 4615 4616 4584
f 4584 4616 4617 4585
f 4585 4617 4586 4554
f 4586 4618 4619 4587
f 4587 4619 4620 4588
f 4588 4620 4621 4589
f 4589 4621 4622 4590
f 4590 4622 4623 4591
f 4591 4623 4624 4592
f 4592 4624 4625 4593
f 4593 4625 4626 4594
f 4594 4626 4627 4595
f 4595 4627 4628 4596
f 4596 4628 4629 4597
f 4597 4629 4630 4598
f 4598 4630 4631 4599
f 4599 4631 4632 4600
f 4600 4632 4633 4601
f 4601 4633 4634 4602
f 4602 4634 4635 4603
f 4603 4635 4636 4604
f 4604 4636 4637 4605
f 4605 4637 4638 4606
f 4606 4638 4639 4607
f 4607 4639 4640 4608
f 4608 4640 4641 4609
f 4609 4641 4642 4610
f 4610 4642 4643 4611
f 4611 4643 4644 4612
f 4612 4644 4645 4613
f 4613 4645 4646 4614
f 4614 4646 4647 4615
f 4615 4647 4648 4616
f 4616 4648 4649 4617
f 4617 4649 4618 4586
f 4618 4650 4651 4619
f 4619 4651 4652 4620
f 4620 4652 4653 4621
f 4621 4653 4654 4622
f 4622 4654 4655 4623
f 4623 4655 4656 4624
f 4624 4656 4657 4625
f 4625 4657 4658 4626
f 4626 4658 4659 4627
f 4627 4659 4660 4628
f 4628 4660 4661 4629
f 4629 4661 4662 4630
f 4630 4662 4663 4631
f 4631 4663 4664 4632
f 4632 4664 4665 4633
f 4633 4665 4666 4634
f 4634 4666 4667 4635
f 4635 4667 4668 4636
f 4636 4668 4669 4637
f 4637 4669 4670 4638
f 4638 4670 4671 4639
f 4639 4671 4672 4640
f 4640 4672 4673 4641
f 4641 4673 4674 4642
f 4642 4674 4675 4643
f 4643 4675 4676 4644
f 4644 4676 4677 4645
f 4645 4677 4678 4646
f 4646 4678 4679 4647
f 4647 4679 4680 4648
f 4648 4680 4681 4649
f 4649 4681 4650 4618
f 4650 4682 4683 4651
f 4651 4683 4684 4652
f 4652 4684 4685 4653
f 4653 4685 4686 4654
f 4654 4686 4687 4655
f 4655 4687 4688 4656
f 4656 4688 4689 4657
f 4657 4689 4690 4658
f 4658 4690 4691 4659
f 4659 4691 4692 4660
f 4660 4692 4693 4661
f 4661 4693 4694 4662
f 4662 4694 4695 4663
f 4663 4695 4696 4664
f 4664 4696 4697 4665
f 4665 4697 4698 4666
f 4666 4698 4699 4667
f 4667 4699 4700 4668
f 4668 4700 4701 4669
f 4669 4701 4702 4670
f 4670 4702 4703 4671
f 4671 4703 4704 4672
f 4672 4704 4705 4673
f 4673 4705 4706 4674
f 4674 4706 4707 4675
f 4675 4707 4708 4676
f 4676 4708 4709 4677
f 4677 4709 4710 4678
f 4678 4710 4711 4679
f 4679 4711 4712 4680
f 4680 4712 4713 4681
f 4681 4713 4682 4650
f 4682 4714 4715 4683
f 4683 4715 4716 4684
f 4684 4716 4717 4685
f 4685 4717 4718 4686
f 4686 4718 4719 4687
f 4687 4719 4720 4688
f 4688 4720 4721 4689
f 4689 4721 4722 4690
f 4690 4722 4723 4691
f 4691 4723 4724 4692
f 4692 4724 4725 4693
f 4693 4725 4726 4694
f 4694 4726 4727 4695
f 4695 4727 4728 4696
f 4696 4728 4729 4697
f 4697 4729 4730 4698
f 4698 4730 4731 4699
f 4699 4731 4732 4700
f 4700 4732 4733 4701
f 4701 4733 4734 4702
f 4702 4734 4735 4703
f 4703 4735 4736 4704
f 4704 4736 4737 4705
f 4705 4737 4738 4706
f 4706 4738 4739 4707
f 4707 4739 4740 4708
f 4708 4740 4741 4709
f 4709 4741 4742 4710
f 4710 4742 4743 4711
f 4711 4743 4744 4712
f 4712 4744 4745 4713
f 4713 4745 4714 4682
f 4714 4746 4747 4715
f 4715 4747 4748 4716
f 4716 4748 4749 4717
f 4717 4749 4750 4718
f 4718 4750 4751 4719
f 4719 4751 4752 4720
f 4720 4752 4753 4721
f 4721 4753 4754 4722
f 4722 4754 4755 4723
f 4723 4755 4756 4724
f 4724 4756 4757 4725
f 4725 4757 4758 4726
f 4726 4758 4759 4727
f 4727 4759 4760 4728
f 4728 4760 4761 4729
f 4729 4761 4762 4730
f 4730 4762 4763 4731
f 4731 4763 4764 4732
f 4732 4764 4765 4733
f 4733 4765 4766 4734
f 4734 4766 4767 4735
f 4735 4767 4768 4736
f 4736 4768 4769 4737
f 4737 4769 4770 4738
f 4738 4770 4771 4739
f 4739 4771 4772 4740
f 4740 4772 4773 4741
f 4741 4773 4774 4742
f 4742 4774 4775 4743
f 4743 4775 4776 4744
f 4744 4776 4777 4745
f 4745 4777 4746 4714
f 4746 4778 4779 4747
f 4747 4779 4780 4748
f 4748 4780 4781 4749
f 4749 4781 4782 4750
f 4750 4782 4783 4751
f 4751 4783 4784 4752
f 4752 4784 4785 4753
f 4753 4785 4786 4754
f 4754 4786 4787 4755
f 4755 4787 4788 4756
f 4756 4788 4789 4757
f 4757 4789 4790 4758
f 4758 4790 4791 4759
f 4759 4791 4792 4760
f 4760 4792 4793 4761
f 4761 4793 4794 4762
f 4762 4794 4795 4763
f 4763 4795 4796 4764
f 4764 4796 4797 4765
f 4765 4797 4798 4766
f 4766 4798 4799 4767
f 4767 4799 4800 4768
f 4768 4800 4801 4769
f 4769 4801 4802 4770
f 4770 4802 4803 4771
f 4771 4803 4804 4772
f 4772 4804 4805 4773
f 4773 4805 4806 4774
f 4774 4806 4807 4775
f 4775 4807 4808 4776
f 4776 4808 4809 4777
f 4777 4809 4778 4746
f 4778 4810 4811 4779
f 4779 4811 4812 4780
f 4780 4812 4813 4781
f 4781 4813 4814 4782
f 4782 4814 4815 4783
f 4783 4815 4816 4784
f 4784 4816 4817 4785
f 4785 4817 4818 4786
f 4786 4818 4819 4787
f 4787 4819 4820 4788
f 4788 4820 4821 4789
f 4789 4821 4822 4790
f 4790 4822 4823 4791
f 4791 4823 4824 4792
f 4792 4824 4825 4793
f 4793 4825 4826 4794
f 4794 4826 4827 4795
f 4795 4827 4828 4796
f 4796 4828 4829 4797
f 4797 4829 4830 4798
f 4798 4830 4831 4799
f 4799 4831 4832 4800
f 4800 4832 4833 4801
f 4801 4833 4834 4802
f 4802 4834 4835 4803
f 4803 4835 4836 4804
f 4804 4836 4837 4805
f 4805 4837 4838 4806
f 4806 4838 4839 4807
f 4807 4839 4840 4808
f 4808 4840 4841 4809
f 4809 4841 4810 4778
f 4810 4842 4843 4811
f 4811 4843 4844 4812
f 4812 4844 4845 4813
f 4813 4845 4846 4814
f 4814 4846 4847 4815
f 4815 4847 4848 4816
f 4816 4848 4849 4817
f 4817 4849 4850 4818
f 4818 4850 4851 4819
f 4819 4851 4852 4820
f 4820 4852 4853 4821
f 4821 4853 4854 4822
f 4822 4854 4855 4823
f 4823 4855 4856 4824
f 4824 4856 4857 4825
f 4825 4857 4858 4826
f 4826 4858 4859 4827
f 4827 4859 4860 4828
f 4828 4860 4861 4829
f 4829 4861 4862 4830
f 4830 4862 4863 4831
f 4831 4863 4864 4832
f 4832 4864 4865 4833
f 4833 4865 4866 4834
f 4834 4866 4867 4835
f 4835 4867 4868 4836
f 4836 4868 4869 4837
f 4837 4869 4870 4838
f 4838 4870 4871 4839
f 4839 4871 4872 4840
f 4840 4872 4873 4841
f 4841 4873 4842 4810
f 4842 4874 4875 4843
f 4843 4875 4876 4844
f 4844 4876 4877 4845
f 4845 4877 4878 4846
f 4846 4878 4879 4847
f 4847 4879 4880 4848
f 4848 4880 4881 4849
f 4849 4881 4882 4850
f 4850 4882 4883 4851
f 4851 4883 4884 4852
f 4852 4884 4885 4853
f 4853 4885 4886 4854
f 4854 4886 4887 4855
f 4855 4887 4888 4856
f 4856 4888 4889 4857
f 4857 4889 4890 4858
f 4858 4890 4891 4859
f 4859 4891 4892 4860
f 4860 4892 4893 4861
f 4861 4893 4894 4862
f 4862 4894 4895 4863
f 4863 4895 4896 4864
f 4864 4896 4897 4865
f 4865 4897 4898 4866
f 4866 4898 4899 4867
f 4867 4899 4900 4868
f 4868 4900 4901 4869
f 4869 4901 4902 4870
f 4870 4902 4903 4871
f 4871 4903 4904 4872
f 4872 4904 4905 4873
f 4873 4905 4874 4842
f 4874 4906 4907 4875
f 4875 4907 4908 4876
f 4876 4908 4909 4877
f 4877 4909 4910 4878
f 4878 4910 4911 4879
f 4879 4911 4912 4880
f 4880 4912 4913 4881
f 4881 4913 4914 4882
f 4882 4914 4915 4883
f 4883 4915 4916 4884
f 4884 4916 4917 4885
f 4885 4917 4918 4886
f 4886 4918 4919 4887
f 4887 4919 4920 4888
f 4888 4920 4921 4889
f 4889 4921 4922 4890
f 4890 4922 4923 4891
f 4891 4923 4924 4892
f 4892 4924 4925 4893
f 4893 4925 4926 4894
f 4894 4926 4927 4895
f 4895 4927 4928 4896
f 4896 4928 4929 4897
f 4897 4929 4930 4898
f 4898 4930 4931 4899
f 4899 4931 4932 4900
f 4900 4932 4933 4901
f 4901 4933 4934 4902
f 4902 4934 4935 4903
f 4903 4935 4936 4904
f 4904 4936 4937 4905
f 4905 4937 4906 4874
f 4906 4938 4907
f 4907 4938 4908
f 4908 4938 4909
f 4909 4938 4910
f 4910 4938 4911
f 4911 4938 4912
f 4912 4938 4913
f 4913 4938 4914
f 4914 4938 4915
f 4915 4938 4916
f 4916 4938 4917
f 4917 4938 4918
f 4918 4938 4919
f 4919 4938 4920
f 4920 4938 4921
f 4921 4938 4922
f 4922 4938 4923
f 4923 4938 4924
f 4924 4938 4925
f 4925 4938 4926
f 4926 4938 4927
f 4927 4938 4928
f 4928 4938 4929
f 4929 4938 4930
f 4930 4938 4931
f 4931 4938 4932
f 4932 4938 4933
f 4933 4938 4934
f 4934 4938 4935
f 4935 4938 4936
f 4936 4938 4937
f 4937 4938 4906
f 4939 4940 4941
f 4939 4941 4942
f 4939 4942 4943
f 4939 4943 4944
f 4939 4944 4945
f 4939 4945 4946
f 4939 4946 4947
f 4939 4947 4948
f 4939 4948 4949
f 4939 4949 4950
f 4939 4950 4951
f 4939 4951 4952
f 4939 4952 4953
f 4939 4953 4954
f 4939 4954 4955
f 4939 4955 4956
f 4939 4956 4957
f 4939 4957 4958
f 4939 4958 4959
f 4939 4959 4960
f 4939 4960 4961
f 4939 4961 4962
f 4939 4962 4963
f 4939 4963 4964
f 4939 4964 4965
f 4939 4965 4966
f 4939 4966 4967
f 4939 4967 4968
f 4939 4968 4969
f 4939 4969 4970
f 4939 4970 4971
f 4939 4971 4940
f 4940 4972 4973 4941
f 4941 4973 4974 4942
f 4942 4974 4975 4943
f 4943 4975 4976 4944
f 4944 4976 4977 4945
f 4945 4977 4978 4946
f 4946 4978 4979 4947
f 4947 4979 4980 4948
f 4948 4980 4981 4949
f 4949 4981 4982 4950
f 4950 4982 4983 4951
f 4951 4983 4984 4952
f 4952 4984 4985 4953
f 4953 4985 4986 4954
f 4954 4986 4987 4955
f 4955 4987 4988 4956
f 4956 4988 4989 4957
f 4957 4989 4990 4958
f 4958 4990 4991 4959
f 4959 4991 4992 4960
f 4960 4992 4993 4961
f 4961 4993 4994 4962
f 4962 4994 4995 4963
f 4963 4995 4996 4964
f 4964 4996 4997 4965
f 4965 4997 4998 4966
f 4966 4998 4999 4967
f 4967 4999 5000 4968
f 4968 5000 5001 4969
f 4969 5001 5002 4970
f 4970 5002 5003 4971
f 4971 5003 4972 4940
f 4972 5004 5005 4973
f 4973 5005 5006 4974
f 4974 5006 5007 4975
f 4975 5007 5008 4976
f 4976 5008 5009 4977
f 4977 5009 5010 4978
f 4978 5010 5011 4979
f 4979 5011 5012 4980
f 4980 5012 5013 4981
f 4981 5013 5014 4982
f 4982 5014 5015 4983
f 4983 5015 5016 4984
f 4984 5016 5017 4985
f 4985 5017 5018 4986
f 4986 5018 5019 4987
f 4987 5019 5020 4988
f 4988 5020 5021 4989
f 4989 5021 5022 4990
f 4990 5022 5023 4991
f 4991 5023 5024 4992
f 4992 5024 5025 4993
f 4993 5025 5026 4994
f 4994 5026 5027 4995
f 4995 5027 5028 4996
f 4996 5028 5029 4997
f 4997 5029 5030 4998
f 4998 5030 5031 4999
f 4999 5031 5032 5000
f 5000 5032 5033 5001
f 5001 5033 5034 5002
f 5002 5034 5035 5003
f 5003 5035 5004 4972
f 5004 5036 5037 5005
f 5005 5037 5038 5006
f 5006 5038 5039 5007
f 5007 5039 5040 5008
f 5008 5040 5041 5009
f 5009 5041 5042 5010
f 5010 5042 5043 5011
f 5011 5043 5044 5012
f 5012 5044 5045 5013
f 5013 5045 5046 5014
f 5014 5046 5047 5015
f 5015 5047 5048 5016
f 5016 5048 5049 5017
f 5017 5049 5050 5018
f 5018 5050 5051 5019
f 5019 5051 5052 5020
f 5020 5052 5053 5021
f 5021 5053 5054 5022
f 5022 5054 5055 5023
f 5023 5055 5056 5024
f 5024 5056 5057 5025
f 5025 5057 5058 5026
f 5026 5058 5059 5027
f 5027 5059 5060 5028
f 5028 5060 5061 5029
f 5029 5061 5062 5030
f 5030 5062 5063 5031
f 5031 5063 5064 5032
f 5032 5064 5065 5033
f 5033 5065 5066 5034
f 5034 5066 5067 5035
f 5035 5067 5036 5004
f 5036 5068 5069 5037
f 5037 5069 5070 5038
f 5038 5070 5071 5039
f 5039 5071 5072 5040
f 5040 5072 5073 5041
f 5041 5073 5074 5042
f 5042 5074 5075 5043
f 5043 5075 5076 5044
f 5044 5076 5077 5045
f 5045 5077 5078 5046
f 5046 5078 5079 5047
f 5047 5079 5080 5048
f 5048 5080 5081 5049
f 5049 5081 5082 5050
f 5050 5082 5083 5051
f 5051 5083 5084 5052
f 5052 5084 5085 5053
f 5053 5085 5086 5054
f 5054 5086 5087 5055
f 5055 5087 5088 5056
f 5056 5088 5089 5057
f 5057 5089 5090 5058
f 5058 5090 5091 5059
f 5059 5091 5092 5060
f 5060 5092 5093 5061
f 5061 5093 5094 5062
f 5062 5094 5095 5063
f 5063 5095 5096 5064
f 5064 5096 5097 5065
f 5065 5097 5098 5066
f 5066 5098 5099 5067
f 5067 5099 5068 5036
f 5068 5100 5101 5069
f 5069 5101 5102 5070
f 5070 5102 5103 5071
f 5071 5103 5104 5072
f 5072 5104 5105 5073
f 5073 5105 5106 5074
f 5074 5106 5107 5075
f 5075 5107 5108 5076
f 5076 5108 5109 5077
f 5077 5109 5110 5078
f 5078 5110 5111 5079
f 5079 5111 5112 5080
f 5080 5112 5113 5081
f 5081 5113 5114 5082
f 5082 5114 5115 5083
f 5083 5115 5116 5084
f 5084 5116 5117 5085
f 5085 5117 5118 5086
f 5086 5118 5119 5087
f 5087 5119 5120 5088
f 5088 5120 5121 5089
f 5089 5121 5122 5090
f 5090 5122 5123 5091
f 5091 5123 5124 5092
f 5092 5124 5125 5093
f 5093 5125 5126 5094
f 5094 5126 5127 5095
f 5095 5127 5128 5096
f 5096 5128 5129 5097
f 5097 5129 5130 5098
f 5098 5130 5131 5099
f 5099 5131 5100 5068
f 5100 5132 5133 5101
f 5101 5133 5134 5102
f 5102 5134 5135 5103
f 5103 5135 5136 5104
f 5104 5136 5137 5105
f 5105 5137 5138 5106
f 5106 5138 5139 5107
f 5107 5139 5140 5108
f 5108 5140 5141 5109
f 5109 5141 5142 5110
f 5110 5142 5143 5111
f 5111 5143 5144 5112
f 5112 5144 5145 5113
f 5113 5145 5146 5114
f 5114 5146 5147 5115
f 5115 5147 5148 5116
f 5116 5148 5149 5117
f 5117 5149 5150 5118
f 5118 5150 5151 5119
f 5119 5151 5152 5120
f 5120 5152 5153 5121
f 5121 5153 5154 5122
f 5122 5154 5155 5123
f 5123 5155 5156 5124
f 5124 5156 5157 5125
f 5125 5157 5158 5126
f 5126 5158 5159 5127
f 5127 5159 5160 5128
f 5128 5160 5161 5129
f 5129 5161 5162 5130
f 5130 5162 5163 5131
f 5131 5163 5132 5100
f 5132 5164 5165 5133
f 5133 5165 5166 5134
f 5134 5166 5167 5135
f 5135 5167 5168 5136
f 5136 5168 5169 5137
f 5137 5169 5170 5138
f 5138 5170 5171 5139
f 5139 5171 5172 5140
f 5140 5172 5173 5141
f 5141 5173 5174 5142
f 5142 5174 5175 5143
f 5143 5175 5176 5144
f 5144 5176 5177 5145
f 5145 5177 5178 5146
f 5146 5178 5179 5147
f 5147 5179 5180 5148
f 5148 5180 5181 5149
f 5149 5181 5182 5150
f 5150 5182 5183 5151
f 5151 5183 5184 5152
f 5152 5184 5185 5153
f 5153 5185 5186 5154
f 5154 5186 5187 5155
f 5155 5187 5188 5156
f 5156 5188 5189 5157
f 5157 5189 5190 5158
f 5158 5190 5191 5159
f 5159 5191 5192 5160
f 5160 5192 5193 5161
f 5161 5193 5194 5162
f 5162 5194 5195 5163
f 5163 5195 5164 5132
f 5164 5196 5197 5165
f 5165 5197 5198 5166
f 5166 5198 5199 5167
f 5167 5199 5200 5168
f 5168 5200 5201 5169
f 5169 5201 5202 5170
f 5170 5202 5203 5171
f 5171 5203 5204 5172
f 5172 5204 5205 5173
f 5173 5205 5206 5174
f 5174 5206 5207 5175
f 5175 5207 5208 5176
f 5176 5208 5209 5177
f 5177 5209 5210 5178
f 5178 5210 5211 5179
f 5179 5211 5212 5180
f 5180 5212 5213 5181
f 5181 5213 5214 5182
f 5182 5214 5215 5183
f 5183 5215 5216 5184
f 5184 5216 5217 5185
f 5185 5217 5218 5186
f 5186 5218 5219 5187
f 5187 5219 5220 5188
f 5188 5220 5221 5189
f 5189 5221 5222 5190
f 5190 5222 5223 5191
f 5191 5223 5224 5192
f 5192 5224 5225 5193
f 5193 5225 5226 5194
f 5194 5226 5227 5195
f 5195 5227 5196 5164
f 5196 5228 5229 5197
f 5197 5229 5230 5198
f 5198 5230 5231 5199
f 5199 5231 5232 5200
f 5200 5232 5233 5201
f 5201 5233 5234 5202
f 5202 5234 5235 5203
f 5203 5235 5236 5204
f 5204 5236 5237 5205
f 5205 5237 5238 5206
f 5206 5238 5239 5207
f 5207 5239 5240 5208
f 5208 5240 5241 5209
f 5209 5241 5242 5210
f 5210 5242 5243 5211
f 5211 5243 5244 5212
f 5212 5244 5245 5213
f 5213 5245 5246 5214
f 5214 5246 5247 5215
f 5215 5247 5248 5216
f 5216 5248 5249 5217
f 5217 5249 5250 5218
f 5218 5250 5251 5219
f 5219 5251 5252 5220
f 5220 5252 5253 5221
f 5221 5253 5254 5222
f 5222 5254 5255 5223
f 5223 5255 5256 5224
f 5224 5256 5257 5225
f 5225 5257 5258 5226
f 5226 5258 5259 5227
f 5227 5259 5228 5196
f 5228 5260 5261 5229
f 5229 5261 5262 5230
f 5230 5262 5263 5231
f 5231 5263 5264 5232
f 5232 5264 5265 5233
f 5233 5265 5266 5234
f 5234 5266 5267 5235
f 5235 5267 5268 5236
f 5236 5268 5269 5237
f 5237 5269 5270 5238
f 5238 5270 5271 5239
f 5239 5271 5272 5240
f 5240 5272 5273 5241
f 5241 5273 5274 5242
f 5242 5274 5275 5243
f 5243 5275 5276 5244
f 5244 5276 5277 5245
f 5245 5277 5278 5246
f 5246 5278 5279 5247
f 5247 5279 5280 5248
f 5248 5280 5281 5249
f 5249 5281 5282 5250
f 5250 5282 5283 5251
f 5251 5283 5284 5252
f 5252 5284 5285 5253
f 5253 5285 5286 5254
f 5254 5286 5287 5255
f 5255 5287 5288 5256
f 5256 5288 5289 5257
f 5257 5289 5290 5258
f 5258 5290 5291 5259
f 5259 5291 5260 5228
f 5260 5292 5293 5261
f 5261 5293 5294 5262
f 5262 5294 5295 5263
f 5263 5295 5296 5264
f 5264 5296 5297 5265
f 5265 5297 5298 5266
f 5266 5298 5299 5267
f 5267 5299 5300 5268
f 5268 5300 5301 5269
f 5269 5301 5302 5270
f 5270 5302 5303 5271
f 5271 5303 5304 5272
f 5272 5304 5305 5273
f 5273 5305 5306 5274
f 5274 5306 5307 5275
f 5275 5307 5308 5276
f 5276 5308 5309 5277
f 5277 5309 5310 5278
f 5278 5310 5311 5279
f 5279 5311 5312 5280
f 5280 5312 5313 5281
f 5281 5313 5314 5282
f 5282 5314 5315 5283
f 5283 5315 5316 5284
f 5284 5316 5317 5285
f 5285 5317 5318 5286
f 5286 5318 5319 5287
f 5287 5319 5320 5288
f 5288 5320 5321 5289
f 5289 5321 5322 5290
f 5290 5322 5323 5291
f 5291 5323 5292 5260
f 5292 5324 5325 5293
f 5293 5325 5326 5294
f 5294 5326 5327 5295
f 5295 5327 5328 5296
f 5296 5328 5329 5297
f 5297 5329 5330 5298
f 5298 5330 5331 5299
f 5299 5331 5332 5300
f 5300 5332 5333 5301
f 5301 5333 5334 5302
f 5302 5334 5335 5303
f 5303 5335 5336 5304
f 5304 5336 5337 5305
f 5305 5337 5338 5306
f 5306 5338 5339 5307
f 5307 5339 5340 5308
f 5308 5340 5341 5309
f 5309 5341 5342 5310
f 5310 5342 5343 5311
f 5311 5343 5344 5312
f 5312 5344 5345 5313
f 5313 5345 5346 5314
f 5314 5346 5347 5315
f 5315 5347 5348 5316
f 5316 5348 5349 5317
f 5317 5349 5350 5318
f 5318 5350 5351 5319
f 5319 5351 5352 5320
f 5320 5352 5353 5321
f 5321 5353 5354 5322
f 5322 5354 5355 5323
f 5323 5355 5324 5292
f 5324 5356 5357 5325
f 5325 5357 5358 5326
f 5326 5358 5359 5327
f 5327 5359 5360 5328
f 5328 5360 5361 5329
f 5329 5361 5362 5330
f 5330 5362 5363 5331
f 5331 5363 5364 5332
f 5332 5364 5365 5333
f 5333 5365 5366 5334
f 5334 5366 5367 5335
f 5335 5367 5368 5336
f 5336 5368 5369 5337
f 5337 5369 5370 5338
f 5338 5370 5371 5339
f 5339 5371 5372 5340
f 5340 5372 5373 5341
f 5341 5373 5374 5342
f 5342 5374 5375 5343
f 5343 5375 5376 5344
f 5344 5376 5377 5345
f 5345 5377 5378 5346
f 5346 5378 5379 5347
f 5347 5379 5380 5348
f 5348 5380 5381 5349
f 5349 5381 5382 5350
f 5350 5382 5383 5351
f 5351 5383 5384 5352
f 5352 5384 5385 5353
f 5353 5385 5386 5354
f 5354 5386 5387 5355
f 5355 5387 5356 5324
f 5356 5388 5389 5357
f 5357 5389 5390 5358
f 5358 5390 5391 5359
f 5359 5391 5392 5360
f 5360 5392 5393 5361
f 5361 5393 5394 5362
f 5362 5394 5395 5363
f 5363 5395 5396 5364
f 5364 5396 5397 5365
f 5365 5397 5398 5366
f 5366 5398 5399 5367
f 5367 5399 5400 5368
f 5368 5400 5401 5369
f 5369 5401 5402 5370
f 5370 5402 5403 5371
f 5371 5403 5404 5372
f 5372 5404 5405 5373
f 5373 5405 5406 5374
f 5374 5406 5407 5375
f 5375 5407 5408 5376
f 5376 5408 5409 5377
f 5377 5409 5410 5378
f 5378 5410 5411 5379
f 5379 5411 5412 5380
f 5380 5412 5413 5381
f 5381 5413 5414 5382
f 5382 5414 5415 5383
f 5383 5415 5416 5384
f 5384 5416 5417 5385
f 5385 5417 5418 5386
f 5386 5418 5419 5387
f 5387 5419 5388 5356
f 5388 5420 5389
f 5389 5420 5390
f 5390 5420 5391
f 5391 5420 5392
f 5392 5420 5393
f 5393 5420 5394
f 5394 5420 5395
f 5395 5420 5396
f 5396 5420 5397
f 5397 5420 5398
f 5398 5420 5399
f 5399 5420 5400
f 5400 5420 5401
f 5401 5420 5402
f 5402 5420 5403
f 5403 5420 5404
f 5404 5420 5405
f 5405 5420 5406
f 5406 5420 5407
f 5407 5420 5408
f 5408 5420 5409
f 5409 5420 5410
f 5410 5420 5411
f 5411 5420 5412
f 5412 5420 5413
f 5413 5420 5414
f 5414 5420 5415
f 5415 5420 5416
f 5416 5420 5417
f 5417 5420 5418
f 5418 5420 5419
f 5419 5420 5388
f 5421 5422 5423
f 5421 5423 5424
f 5421 5424 5425
f 5421 5425 5426
f 5421 5426 5427
f 5421 5427 5428
f 5421 5428 5429
f 5421 5429 5430
f 5421 5430 5431
f 5421 5431 5432
f 5421 5432 5433
f 5421 5433 5434
f 5421 5434 5435
f 5421 5435 5436
f 5421 5436 5437
f 5421 5437 5438
f 5421 5438 5439
f 5421 5439 5440
f 5421 5440 5441
f 5421 5441 5442
f 5421 5442 5443
f 5421 5443 5444
f 5421 5444 5445
f 5421 5445 5446
f 5421 5446 5447
f 5421 5447 5448
f 5421 5448 5449
f 5421 5449 5450
f 5421 5450 5451
f 5421 5451 5452
f 5421 5452 5453
f 5421 5453 5422
f 5422 5454 5455 5423
f 5423 5455 5456 5424
f 5424 5456 5457 5425
f 5425 5457 5458 5426
f 5426 5458 5459 5427
f 5427 5459 5460 5428
f 5428 5460 5461 5429
f 5429 5461 5462 5430
f 5430 5462 5463 5431
f 5431 5463 5464 5432
f 5432 5464 5465 5433
f 5433 5465 5466 5434
f 5434 5466 5467 5435
f 5435 5467 5468 5436
f 5436 5468 5469 5437
f 5437 5469 5470 5438
f 5438 5470 5471 5439
f 5439 5471 5472 5440
f 5440 5472 5473 5441
f 5441 5473 5474 5442
f 5442 5474 5475 5443
f 5443 5475 5476 5444
f 5444 5476 5477 5445
f 5445 5477 5478 5446
f 5446 5478 5479 5447
f 5447 5479 5480 5448
f 5448 5480 5481 5449
f 5449 5481 5482 5450
f 5450 5482 5483 5451
f 5451 5483 5484 5452
f 5452 5484 5485 5453
f 5453 5485 5454 5422
f 5454 5486 5487 5455
f 5455 5487 5488 5456
f 5456 5488 5489 5457
f 5457 5489 5490 5458
f 5458 5490 5491 5459
f 5459 5491 5492 5460
f 5460 5492 5493 5461
f 5461 5493 5494 5462
f 5462 5494 5495 5463
f 5463 5495 5496 5464
f 5464 5496 5497 5465
f 5465 5497 5498 5466
f 5466 5498 5499 5467
f 5467 5499 5500 5468
f 5468 5500 5501 5469
f 5469 5501 5502 5470
f 5470 5502 5503 5471
f 5471 5503 5504 5472
f 5472 5504 5505 5473
f 5473 5505 5506 5474
f 5474 5506 5507 5475
f 5475 5507 5508 5476
f 5476 5508 5509 5477
f 5477 5509 5510 5478
f 5478 5510 5511 5479
f 5479 5511 5512 5480
f 5480 5512 5513 5481
f 5481 5513 5514 5482
f 5482 5514 5515 5483
f 5483 5515 5516 5484
f 5484 5516 5517 5485
f 5485 5517 5486 5454
f 5486 5518 5519 5487
f 5487 5519 5520 5488
f 5488 5520 5521 5489
f 5489 5521 5522 5490
f 5490 5522 5523 5491
f 5491 5523 5524 5492
f 5492 5524 5525 5493
f 5493 5525 5526 5494
f 5494 5526 5527 5495
f 5495 5527 5528 5496
f 5496 5528 5529 5497
f 5497 5529 5530 5498
f 5498 5530 5531 5499
f 5499 5531 5532 5500
f 5500 5532 5533 5501
f 5501 5533 5534 5502
f 5502 5534 5535 5503
f 5503 5535 5536 5504
f 5504 5536 5537 5505
f 5505 5537 5538 5506
f 5506 5538 5539 5507
f 5507 5539 5540 5508
f 5508 5540 5541 5509
f 5509 5541 5542 5510
f 5510 5542 5543 5511
f 5511 5543 5544 5512
f 5512 5544 5545 5513
f 5513 5545 5546 5514
f 5514 5546 5547 5515
f 5515 5547 5548 5516
f 5516 5548 5549 5517
f 5517 5549 5518 5486
f 5518 5550 5551 5519
f 5519 5551 5552 5520
f 5520 5552 5553 5521
f 5521 5553 5554 5522
f 5522 5554 5555 5523
f 5523 5555 5556 5524
f 5524 5556 5557 5525
f 5525 5557 5558 5526
f 5526 5558 5559 5527
f 5527 5559 5560 5528
f 5528 5560 5561 5529
f 5529 5561 5562 5530
f 5530 5562 5563 5531
f 5531 5563 5564 5532
f 5532 5564 5565 5533
f 5533 5565 5566 5534
f 5534 5566 5567 5535
f 5535 5567 5568 5536
f 5536 5568 5569 5537
f 5537 5569 5570 5538
f 5538 5570 5571 5539
f 5539 5571 5572 5540
f 5540 5572 5573 5541
f 5541 5573 5574 5542
f 5542 5574 5575 5543
f 5543 5575 5576 5544
f 5544 5576 5577 5545
f 5545 5577 5578 5546
f 5546 5578 5579 5547
f 5547 5579 5580 5548
f 5548 5580 5581 5549
f 5549 5581 5550 5518
f 5550 5582 5583 5551
f 5551 5583 5584 5552
f 5552 5584 5585 5553
f 5553 5585 5586 5554
f 5554 5586 5587 5555
f 5555 5587 5588 5556
f 5556 5588 5589 5557
f 5557 5589 5590 5558
f 5558 5590 5591 5559
f 5559 5591 5592 5560
f 5560 5592 5593 5561
f 5561 5593 5594 5562
f 5562 5594 5595 5563
f 5563 5595 5596 5564
f 5564 5596 5597 5565
f 5565 5597 5598 5566
f 5566 5598 5599 5567
f 5567 5599 5600 5568
f 5568 5600 5601 5569
f 5569 5601 5602 5570
f 5570 5602 5603 5571
f 5571 5603 5604 5572
f 5572 5604 5605 5573
f 5573 5605 5606 5574
f 5574 5606 5607 5575
f 5575 5607 5608 5576
f 5576 5608 5609 5577
f 5577 5609 5610 5578
f 5578 5610 5611 5579
f 5579 5611 5612 5580
f 5580 5612 5613 5581
f 5581 5613 5582 5550
f 5582 5614 5615 5583
f 5583 5615 5616 5584
f 5584 5616 5617 5585
f 5585 5617 5618 5586
f 5586 5618 5619 5587
f 5587 5619 5620 5588
f 5588 5620 5621 5589
f 5589 5621 5622 5590
f 5590 5622 5623 5591
f 5591 5623 5624 5592
f 5592 5624 5625 5593
f 5593 5625 5626 5594
f 5594 5626 5627 5595
f 5595 5627 5628 5596
f 5596 5628 5629 5597
f 5597 5629 5630 5598
f 5598 5630 5631 5599
f 5599 5631 5632 5600
f 5600 5632 5633 5601
f 5601 5633 5634 5602
f 5602 5634 5635 5603
f 5603 5635 5636 5604
f 5604 5636 5637 5605
f 5605 5637 5638 5606
f 5606 5638 5639 5607
f 5607 5639 5640 5608
f 5608 5640 5641 5609
f 5609 5641 5642 5610
f 5610 5642 5643 5611
f 5611 5643 5644 5612
f 5612 5644 5645 5613
f 5613 5645 5614 5582
f 5614 5646 5647 5615
f 5615 5647 5648 5616
f 5616 5648 5649 5617
f 5617 5649 5650 5618
f 5618 5650 5651 5619
f 5619 5651 5652 5620
f 5620 5652 5653 5621
f 5621 5653 5654 5622
f 5622 5654 5655 5623
f 5623 5655 5656 5624
f 5624 5656 5657 5625
f 5625 5657 5658 5626
f 5626 5658 5659 5627
f 5627 5659 5660 5628
f 5628 5660 5661 5629
f 5629 5661 5662 5630
f 5630 5662 5663 5631
f 5631 5663 5664 5632
f 5632 5664 5665 5633
f 5633 5665 5666 5634
f 5634 5666 5667 5635
f 5635 5667 5668 5636
f 5636 5668 5669 5637
f 5637 5669 5670 5638
f 5638 5670 5671 5639
f 5639 5671 5672 5640
f 5640 5672 5673 5641
f 5641 5673 5674 5642
f 5642 5674 5675 5643
f 5643 5675 5676 5644
f 5644 5676 5677 5645
f 5645 5677 5646 5614
f 5646 5678 5679 5647
f 5647 5679 5680 5648
f 5648 5680 5681 5649
f 5649 5681 5682 5650
f 5650 5682 5683 5651
f 5651 5683 5684 5652
f 5652 5684 5685 5653
f 5653 5685 5686 5654
f 5654 5686 5687 5655
f 5655 5687 5688 5656
f 5656 5688 5689 5657
f 5657 5689 5690 5658
f 5658 5690 5691 5659
f 5659 5691 5692 5660
f 5660 5692 5693 5661
f 5661 5693 5694 5662
f 5662 5694 5695 5663
f 5663 5695 5696 5664
f 5664 5696 5697 5665
f 5665 5697 5698 5666
f 5666 5698 5699 5667
f 5667 5699 5700 5668
f 5668 5700 5701 5669
f 5669 5701 5702 5670
f 5670 5702 5703 5671
f 5671 5703 5704 5672
f 5672 5704 5705 5673
f 5673 5705 5706 5674
f 5674 5706 5707 5675
f 5675 5707 5708 5676
f 5676 5708 5709 5677
f 5677 5709 5678 5646
f 5678 5710 5711 5679
f 5679 5711 5712 5680
f 5680 5712 5713 5681
f 5681 5713 5714 5682
f 5682 5714 5715 5683
f 5683 5715 5716 5684
f 5684 5716 5717 5685
f 5685 5717 5718 5686
f 5686 5718 5719 5687
f 5687 5719 5720 5688
f 5688 5720 5721 5689
f 5689 5721 5722 5690
f 5690 5722 5723 5691
f 5691 5723 5724 5692
f 5692 5724 5725 5693
f 5693 5725 5726 5694
f 5694 5726 5727 5695
f 5695 5727 5728 5696
f 5696 5728 5729 5697
f 5697 5729 5730 5698
f 5698 5730 5731 5699
f 5699 5731 5732 5700
f 5700 5732 5733 5701
f 5701 5733 5734 5702
f 5702 5734 5735 5703
f 5703 5735 5736 5704
f 5704 5736 5737 5705
f 5705 5737 5738 5706
f 5706 5738 5739 5707
f 5707 5739 5740 5708
f 5708 5740 5741 5709
f 5709 5741 5710 5678
f 5710 5742 5743 5711
f 5711 5743 5744 5712
f 5712 5744 5745 5713
f 5713 5745 5746 5714
f 5714 5746 5747 5715
f 5715 5747 5748 5716
f 5716 5748 5749 5717
f 5717 5749 5750 5718
f 5718 5750 5751 5719
f 5719 5751 5752 5720
f 5720 5752 5753 5721
f 5721 5753 5754 5722
f 5722 5754 5755 5723
f 5723 5755 5756 5724
f 5724 5756 5757 5725
f 5725 5757 5758 5726
f 5726 5758 5759 5727
f 5727 5759 5760 5728
f 5728 5760 5761 5729
f 5729 5761 5762 5730
f 5730 5762 5763 5731
f 5731 5763 5764 5732
f 5732 5764 5765 5733
f 5733 5765 5766 5734
f 5734 5766 5767 5735
f 5735 5767 5768 5736
f 5736 5768 5769 5737
f 5737 5769 5770 5738
f 5738 5770 5771 5739
f 5739 5771 5772 5740
f 5740 5772 5773 5741
f 5741 5773 5742 5710
f 5742 5774 5775 5743
f 5743 5775 5776 5744
f 5744 5776 5777 5745
f 5745 5777 5778 5746
f 5746 5778 5779 5747
f 5747 5779 5780 5748
f 5748 5780 5781 5749
f 5749 5781 5782 5750
f 5750 5782 5783 5751
f 5751 5783 5784 5752
f 5752 5784 5785 5753
f 5753 5785 5786 5754
f 5754 5786 5787 5755
f 5755 5787 5788 5756
f 5756 5788 5789 5757
f 5757 5789 5790 5758
f 5758 5790 5791 5759
f 5759 5791 5792 5760
f 5760 5792 5793 5761
f 5761 5793 5794 5762
f 5762 5794 5795 5763
f 5763 5795 5796 5764
f 5764 5796 5797 5765
f 5765 5797 5798 5766
f 5766 5798 5799 5767
f 5767 5799 5800 5768
f 5768 5800 5801 5769
f 5769 5801 5802 5770
f 5770 5802 5803 5771
f 5771 5803 5804 5772
f 5772 5804 5805 5773
f 5773 5805 5774 5742
f 5774 5806 5807 5775
f 5775 5807 5808 5776
f 5776 5808 5809 5777
f 5777 5809 5810 5778
f 5778 5810 5811 5779
f 5779 5811 5812 5780
f 5780 5812 5813 5781
f 5781 5813 5814 5782
f 5782 5814 5815 5783
f 5783 5815 5816 5784
f 5784 5816 5817 5785
f 5785 5817 5818 5786
f 5786 5818 5819 5787
f 5787 5819 5820 5788
f 5788 5820 5821 5789
f 5789 5821 5822 5790
f 5790 5822 5823 5791
f 5791 5823 5824 5792
f 5792 5824 5825 5793
f 5793 5825 5826 5794
f 5794 5826 5827 5795
f 5795 5827 5828 5796
f 5796 5828 5829 5797
f 5797 5829 5830 5798
f 5798 5830 5831 5799
f 5799 5831 5832 5800
f 5800 5832 5833 5801
f 5801 5833 5834 5802
f 5802 5834 5835 5803
f 5803 5835 5836 5804
f 5804 5836 5837 5805
f 5805 5837 5806 5774
f 5806 5838 5839 5807
f 5807 5839 5840 5808
f 5808 5840 5841 5809
f 5809 5841 5842 5810
f 5810 5842 5843 5811
f 5811 5843 5844 5812
f 5812 5844 5845 5813
f 5813 5845 5846 5814
f 5814 5846 5847 5815
f 5815 5847 5848 5816
f 5816 5848 5849 5817
f 5817 5849 5850 5818
f 5818 5850 5851 5819
f 5819 5851 5852 5820
f 5820 5852 5853 5821
f 5821 5853 5854 5822
f 5822 5854 5855 5823
f 5823 5855 5856 5824
f 5824 5856 5857 5825
f 5825 5857 5858 5826
f 5826 5858 5859 5827
f 5827 5859 5860 5828
f 5828 5860 5861 5829
f 5829 5861 5862 5830
f 5830 5862 5863 5831
f 5831 5863 5864 5832
f 5832 5864 5865 5833
f 5833 5865 5866 5834
f 5834 5866 5867 5835
f 5835 5867 5868 5836
f 5836 5868 5869 5837
f 5837 5869 5838 5806
f 5838 5870 5871 5839
f 5839 5871 5872 5840
f 5840 5872 5873 5841
f 5841 5873 5874 5842
f 5842 5874 5875 5843
f 5843 5875 5876 5844
f 5844 5876 5877 5845
f 5845 5877 5878 5846
f 5846 5878 5879 5847
f 5847 5879 5880 5848
f 5848 5880 5881 5849
f 5849 5881 5882 5850
f 5850 5882 5883 5851
f 5851 5883 5884 5852
f 5852 5884 5885 5853
f 5853 5885 5886 5854
f 5854 5886 5887 5855
f 5855 5887 5888 5856
f 5856 5888 5889 5857
f 5857 5889 5890 5858
f 5858 5890 5891 5859
f 5859 5891 5892 5860
f 5860 5892 5893 5861
f 5861 5893 5894 5862
f 5862 5894 5895 5863
f 5863 5895 5896 5864
f 5864 5896 5897 5865
f 5865 5897 5898 5866
f 5866 5898 5899 5867
f 5867 5899 5900 5868
f 5868 5900 5901 5869
f 5869 5901 5870 5838
f 5870 5902 5871
f 5871 5902 5872
f 5872 5902 5873
f 5873 5902 5874
f 5874 5902 5875
f 5875 5902 5876
f 5876 5902 5877
f 5877 5902 5878
f 5878 5902 5879
f 5879 5902 5880
f 5880 5902 5881
f 5881 5902 5882
f 5882 5902 5883
f 5883 5902 5884
f 5884 5902 5885
f 5885 5902 5886
f 5886 5902 5887
f 5887 5902 5888
f 5888 5902 5889
f 5889 5902 5890
f 5890 5902 5891
f 5891 5902 5892
f 5892 5902 5893
f 5893 5902 5894
f 5894 5902 5895
f 5895 5902 5896
f 5896 5902 5897
f 5897 5902 5898
f 5898 5902 5899
f 5899 5902 5900
f 5900 5902 5901
f 5901 5902 5870
f 5903 5904 5905
f 5903 5905 5906
f 5903 5906 5907
f 5903 5907 5908
f 5903 5908 5909
f 5903 5909 5910
f 5903 5910 5911
f 5903 5911 5912
f 5903 5912 5913
f 5903 5913 5914
f 5903 5914 5915
f 5903 5915 5916
f 5903 5916 5917
f 5903 5917 5918
f 5903 5918 5919
f 5903 5919 5920
f 5903 5920 5921
f 5903 5921 5922
f 5903 5922 5923
f 5903 5923 5924
f 5903 5924 5925
f 5903 5925 5926
f 5903 5926 5927
f 5903 5927 5928
f 5903 5928 5929
f 5903 5929 5930
f 5903 5930 5931
f 5903 5931 5932
f 5903 5932 5933
f 5903 5933 5934
f 5903 5934 5935
f 5903 5935 5904
f 5904 5936 5937 5905
f 5905 5937 5938 5906
f 5906 5938 5939 5907
f 5907 5939 5940 5908
f 5908 5940 5941 5909
f 5909 5941 5942 5910
f 5910 5942 5943 5911
f 5911 5943 5944 5912
f 5912 5944 5945 5913
f 5913 5945 5946 5914
f 5914 5946 5947 5915
f 5915 5947 5948 5916
f 5916 5948 5949 5917
f 5917 5949 5950 5918
f 5918 5950 5951 5919
f 5919 5951 5952 5920
f 5920 5952 5953 5921
f 5921 5953 5954 5922
f 5922 5954 5955 5923
f 5923 5955 5956 5924
f 5924 5956 5957 5925
f 5925 5957 5958 5926
f 5926 5958 5959 5927
f 5927 5959 5960 5928
f 5928 5960 5961 5929
f 5929 5961 5962 5930
f 5930 5962 5963 5931
f 5931 5963 5964 5932
f 5932 5964 5965 5933
f 5933 5965 5966 5934
f 5934 5966 5967 5935
f 5935 5967 5936 5904
f 5936 5968 5969 5937
f 5937 5969 5970 5938
f 5938 5970 5971 5939
f 5939 5971 5972 5940
f 5940 5972 5973 5941
f 5941 5973 5974 5942
f 5942 5974 5975 5943
f 5943 5975 5976 5944
f 5944 5976 5977 5945
f 5945 5977 5978 5946
f 5946 5978 5979 5947
f 5947 5979 5980 5948
f 5948 5980 5981 5949
f 5949 5981 5982 5950
f 5950 5982 5983 5951
f 5951 5983 5984 5952
f 5952 5984 5985 5953
f 5953 5985 5986 5954
f 5954 5986 5987 5955
f 5955 5987 5988 5956
f 5956 5988 5989 5957
f 5957 5989 5990 5958
f 5958 5990 5991 5959
f 5959 5991 5992 5960
f 5960 5992 5993 5961
f 5961 5993 5994 5962
f 5962 5994 5995 5963
f 5963 5995 5996 5964
f 5964 5996 5997 5965
f 5965 5997 5998 5966
f 5966 5998 5999 5967
f 5967 5999 5968 5936
f 5968 6000 6001 5969
f 5969 6001 6002 5970
f 5970 6002 6003 5971
f 5971 6003 6004 5972
f 5972 6004 6005 5973
f 5973 6005 6006 5974
f 5974 6006 6007 5975
f 5975 6007 6008 5976
f 5976 6008 6009 5977
f 5977 6009 6010 5978
f 5978 6010 6011 5979
f 5979 6011 6012 5980
f 5980 6012 6013 5981
f 5981 6013 6014 5982
f 5982 6014 6015 5983
f 5983 6015 6016 5984
f 5984 6016 6017 5985
f 5985 6017 6018 5986
f 5986 6018 6019 5987
f 5987 6019 6020 5988
f 5988 6020 6021 5989
f 5989 6021 6022 5990
f 5990 6022 6023 5991
f 5991 6023 6024 5992
f 5992 6024 6025 5993
f 5993 6025 6026 5994
f 5994 6026 6027 5995
f 5995 6027 6028 5996
f 5996 6028 6029 5997
f 5997 6029 6030 5998
f 5998 6030 6031 5999
f 5999 6031 6000 5968
f 6000 6032 6033 6001
f 6001 6033 6034 6002
f 6002 6034 6035 6003
f 6003 6035 6036 6004
f 6004 6036 6037 6005
f 6005 6037 6038 6006
f 6006 6038 6039 6007
f 6007 6039 6040 6008
f 6008 6040 6041 6009
f 6009 6041 6042 6010
f 6010 6042 6043 6011
f 6011 6043 6044 6012
f 6012 6044 6045 6013
f 6013 6045 6046 6014
f 6014 6046 6047 6015
f 6015 6047 6048 6016
f 6016 6048 6049 6017
f 6017 6049 6050 6018
f 6018 6050 6051 6019
f 6019 6051 6052 6020
f 6020 6052 6053 6021
f 6021 6053 6054 6022
f 6022 6054 6055 6023
f 6023 6055 6056 6024
f 6024 6056 6057 6025
f 6025 6057 6058 6026
f 6026 6058 6059 6027
f 6027 6059 6060 6028
f 6028 6060 6061 6029
f 6029 6061 6062 6030
f 6030 6062 6063 6031
f 6031 6063 6032 6000
f 6032 6064 6065 6033
f 6033 6065 6066 6034
f 6034 6066 6067 6035
f 6035 6067 6068 6036
f 6036 6068 6069 6037
f 6037 6069 6070 6038
f 6038 6070 6071 6039
f 6039 6071 6072 6040
f 6040 6072 6073 6041
f 6041 6073 6074 6042
f 6042 6074 6075 6043
f 6043 6075 6076 6044
f 6044 6076 6077 6045
f 6045 6077 6078 6046
f 6046 6078 6079 6047
f 6047 6079 6080 6048
f 6048 6080 6081 6049
f 6049 6081 6082 6050
f 6050 6082 6083 6051
f 6051 6083 6084 6052
f 6052 6084 6085 6053
f 6053 6085 6086 6054
f 6054 6086 6087 6055
f 6055 6087 6088 6056
f 6056 6088 6089 6057
f 6057 6089 6090 6058
f 6058 6090 6091 6059
f 6059 6091 6092 6060
f 6060 6092 6093 6061
f 6061 6093 6094 6062
f 6062 6094 6095 6063
f 6063 6095 6064 6032
f 6064 6096 6097 6065
f 6065 6097 6098 6066
f 6066 6098 6099 6067
f 6067 6099 6100 6068
f 6068 6100 6101 6069
f 6069 6101 6102 6070
f 6070 6102 6103 6071
f 6071 6103 6104 6072
f 6072 6104 6105 6073
f 6073 6105 6106 6074
f 6074 6106 6107 6075
f 6075 6107 6108 6076
f 6076 6108 6109 6077
f 6077 6109 6110 6078
f 6078 6110 6111 6079
f 6079 6111 6112 6080
f 6080 6112 6113 6081
f 6081 6113 6114 6082
f 6082 6114 6115 6083
f 6083 6115 6116 6084
f 6084 6116 6117 6085
f 6085 6117 6118 6086
f 6086 6118 6119 6087
f 6087 6119 6120 6088
f 6088 6120 6121 6089
f 6089 6121 6122 6090
f 6090 6122 6123 6091
f 6091 6123 6124 6092
f 6092 6124 6125 6093
f 6093 6125 6126 6094
f 6094 6126 6127 6095
f 6095 6127 6096 6064
f 6096 6128 6129 6097
f 6097 6129 6130 6098
f 6098 6130 6131 6099
f 6099 6131 6132 6100
f 6100 6132 6133 6101
f 6101 6133 6134 6102
f 6102 6134 6135 6103
f 6103 6135 6136 6104
f 6104 6136 6137 6105
f 6105 6137 6138 6106
f 6106 6138 6139 6107
f 6107 6139 6140 6108
f 6108 6140 6141 6109
f 6109 6141 6142 6110
f 6110 6142 6143 6111
f 6111 6143 6144 6112
f 6112 6144 6145 6113
f 6113 6145 6146 6114
f 6114 6146 6147 6115
f 6115 6147 6148 6116
f 6116 6148 6149 6117
f 6117 6149 6150 6118
f 6118 6150 6151 6119
f 6119 6151 6152 6120
f 6120 6152 6153 6121
f 6121 6153 6154 6122
f 6122 6154 6155 6123
f 6123 6155 6156 6124
f 6124 6156 6157 6125
f 6125 6157 6158 6126
f 6126 6158 6159 6127
f 6127 6159 6128 6096
f 6128 6160 6161 6129
f 6129 6161 6162 6130
f 6130 6162 6163 6131
f 6131 6163 6164 6132
f 6132 6164 6165 6133
f 6133 6165 6166 6134
f 6134 6166 6167 6135
f 6135 6167 6168 6136
f 6136 6168 6169 6137
f 6137 6169 6170 6138
f 6138 6170 6171 6139
f 6139 6171 6172 6140
f 6140 6172 6173 6141
f 6141 6173 6174 6142
f 6142 6174 6175 6143
f 6143 6175 6176 6144
f 6144 6176 6177 6145
f 6145 6177 6178 6146
f 6146 6178 6179 6147
f 6147 6179 6180 6148
f 6148 6180 6181 6149
f 6149 6181 6182 6150
f 6150 6182 6183 6151
f 6151 6183 6184 6152
f 6152 6184 6185 6153
f 6153 6185 6186 6154
f 6154 6186 6187 6155
f 6155 6187 6188 6156
f 6156 6188 6189 6157
f 6157 6189 6190 6158
f 6158 6190 6191 6159
f 6159 6191 6160 6128
f 6160 6192 6193 6161
f 6161 6193 6194 6162
f 6162 6194 6195 6163
f 6163 6195 6196 6164
f 6164 6196 6197 6165
f 6165 6197 6198 6166
f 6166 6198 6199 6167
f 6167 6199 6200 6168
f 6168 6200 6201 6169
f 6169 6201 6202 6170
f 6170 6202 6203 6171
f 6171 6203 6204 6172
f 6172 6204 6205 6173
f 6173 6205 6206 6174
f 6174 6206 6207 6175
f 6175 6207 6208 6176
f 6176 6208 6209 6177
f 6177 6209 6210 6178
f 6178 6210 6211 6179
f 6179 6211 6212 6180
f 6180 6212 6213 6181
f 6181 6213 6214 6182
f 6182 6214 6215 6183
f 6183 6215 6216 6184
f 6184 6216 6217 6185
f 6185 6217 6218 6186
f 6186 6218 6219 6187
f 6187 6219 6220 6188
f 6188 6220 6221 6189
f 6189 6221 6222 6190
f 6190 6222 6223 6191
f 6191 6223 6192 6160
f 6192 6224 6225 6193
f 6193 6225 6226 6194
f 6194 6226 6227 6195
f 6195 6227 6228 6196
f 6196 6228 6229 6197
f 6197 6229 6230 6198
f 6198 6230 6231 6199
f 6199 6231 6232 6200
f 6200 6232 6233 6201
f 6201 6233 6234 6202
f 6202 6234 6235 6203
f 6203 6235 6236 6204
f 6204 6236 6237 6205
f 6205 6237 6238 6206
f 6206 6238 6239 6207
f 6207 6239 6240 6208
f 6208 6240 6241 6209
f 6209 6241 6242 6210
f 6210 6242 6243 6211
f 6211 6243 6244 6212
f 6212 6244 6245 6213
f 6213 6245 6246 6214
f 6214 6246 6247 6215
f 6215 6247 6248 6216
f 6216 6248 6249 6217
f 6217 6249 6250 6218
f 6218 6250 6251 6219
f 6219 6251 6252 6220
f 6220 6252 6253 6221
f 6221 6253 6254 6222
f 6222 6254 6255 6223
f 6223 6255 6224 6192
f 6224 6256 6257 6225
f 6225 6257 6258 6226
f 6226 6258 6259 6227
f 6227 6259 6260 6228
f 6228 6260 6261 6229
f 6229 6261 6262 6230
f 6230 6262 6263 6231
f 6231 6263 6264 6232
f 6232 6264 6265 6233
f 6233 6265 6266 6234
f 6234 6266 6267 6235
f 6235 6267 6268 6236
f 6236 6268 6269 6237
f 6237 6269 6270 6238
f 6238 6270 6271 6239
f 6239 6271 6272 6240
f 6240 6272 6273 6241
f 6241 6273 6274 6242
f 6242 6274 6275 6243
f 6243 6275 6276 6244
f 6244 6276 6277 6245
f 6245 6277 6278 6246
f 6246 6278 6279 6247
f 6247 6279 6280 6248
f 6248 6280 6281 6249
f 6249 6281 6282 6250
f 6250 6282 6283 6251
f 6251 6283 6284 6252
f 6252 6284 6285 6253
f 6253 6285 6286 6254
f 6254 6286 6287 6255
f 6255 6287 6256 6224
f 6256 6288 6289 6257
f 6257 6289 6290 6258
f 6258 6290 6291 6259
f 6259 6291 6292 6260
f 6260 6292 6293 6261
f 6261 6293 6294 6262
f 6262 6294 6295 6263
f 6263 6295 6296 6264
f 6264 6296 6297 6265
f 6265 6297 6298 6266
f 6266 6298 6299 6267
f 6267 6299 6300 6268
f 6268 6300 6301 6269
f 6269 6301 6302 6270
f 6270 6302 6303 6271
f 6271 6303 6304 6272
f 6272 6304 6305 6273
f 6273 6305 6306 6274
f 6274 6306 6307 6275
f 6275 6307 6308 6276
f 6276 6308 6309 6277
f 6277 6309 6310 6278
f 6278 6310 6311 6279
f 6279 6311 6312 6280
f 6280 6312 6313 6281
f 6281 6313 6314 6282
f 6282 6314 6315 6283
f 6283 6315 6316 6284
f 6284 6316 6317 6285
f 6285 6317 6318 6286
f 6286 6318 6319 6287
f 6287 6319 6288 6256
f 6288 6320 6321 6289
f 6289 6321 6322 6290
f 6290 6322 6323 6291
f 6291 6323 6324 6292
f 6292 6324 6325 6293
f 6293 6325 6326 6294
f 6294 6326 6327 6295
f 6295 6327 6328 6296
f 6296 6328 6329 6297
f 6297 6329 6330 6298
f 6298 6330 6331 6299
f 6299 6331 6332 6300
f 6300 6332 6333 6301
f 6301 6333 6334 6302
f 6302 6334 6335 6303
f 6303 6335 6336 6304
f 6304 6336 6337 6305
f 6305 6337 6338 6306
f 6306 6338 6339 6307
f 6307 6339 6340 6308
f 6308 6340 6341 6309
f 6309 6341 6342 6310
f 6310 6342 6343 6311
f 6311 6343 6344 6312
f 6312 6344 6345 6313
f 6313 6345 6346 6314
f 6314 6346 6347 6315
f 6315 6347 6348 6316
f 6316 6348 6349 6317
f 6317 6349 6350 6318
f 6318 6350 6351 6319
f 6319 6351 6320 6288
f 6320 6352 6353 6321
f 6321 6353 6354 6322
f 6322 6354 6355 6323
f 6323 6355 6356 6324
f 6324 6356 6357 6325
f 6325 6357 6358 6326
f 6326 6358 6359 6327
f 6327 6359 6360 6328
f 6328 6360 6361 6329
f 6329 6361 6362 6330
f 6330 6362 6363 6331
f 6331 6363 6364 6332
f 6332 6364 6365 6333
f 6333 6365 6366 6334
f 6334 6366 6367 6335
f 6335 6367 6368 6336
f 6336 6368 6369 6337
f 6337 6369 6370 6338
f 6338 6370 6371 6339
f 6339 6371 6372 6340
f 6340 6372 6373 6341
f 6341 6373 6374 6342
f 6342 6374 6375 6343
f 6343 6375 6376 6344
f 6344 6376 6377 6345
f 6345 6377 6378 6346
f 6346 6378 6379 6347
f 6347 6379 6380 6348
f 6348 6380 6381 6349
f 6349 6381 6382 6350
f 6350 6382 6383 6351
f 6351 6383 6352 6320
f 6352 6384 6353
f 6353 6384 6354
f 6354 6384 6355
f 6355 6384 6356
f 6356 6384 6357
f 6357 6384 6358
f 6358 6384 6359
f 6359 6384 6360
f 6360 6384 6361
f 6361 6384 6362
f 6362 6384 6363
f 6363 6384 6364
f 6364 6384 6365
f 6365 6384 6366
f 6366 6384 6367
f 6367 6384 6368
f 6368 6384 6369
f 6369 6384 6370
f 6370 6384 6371
f 6371 6384 6372
f 6372 6384 6373
f 6373 6384 6374
f 6374 6384 6375
f 6375 6384 6376
f 6376 6384 6377
f 6377 6384 6378
f 6378 6384 6379
f 6379 6384 6380
f 6380 6384 6381
f 6381 6384 6382
f 6382 6384 6383
f 6383 6384 6352
